{"type":"FeatureCollection","features":[{"type":"Feature","properties":{"id":"regional:43110:보강천:1","candidate_rank":1,"segment_index":1,"admin_code":"43110","admin_name":"청주시","river_name":"보강천","river_class":"regional","source_record_count":1,"latest_notice_date":"20190517","area_m2":577144.89,"perimeter_m":11056.03,"width_proxy_m":104.4,"width_class":"wide","center_lon":127.5418057,"center_lat":36.7732553,"imagery_file_stem":"regional_01_43110"},"geometry":{"type":"Polygon","coordinates":[[[127.5098205,36.7670259],[127.5098321,36.7670298],[127.5104102,36.7673574],[127.5106775,36.7673853],[127.5114531,36.7675498],[127.5118312,36.7676055],[127.5122119,36.7675945],[127.5124261,36.767621],[127.5136613,36.7680266],[127.5145695,36.7683666],[127.5150001,36.7685886],[127.5151847,36.768646],[127.5153292,36.7686689],[127.5155068,36.7686502],[127.516018,36.7685024],[127.5169169,36.7687143],[127.5174184,36.7688725],[127.5178592,36.769049],[127.5183652,36.7692842],[127.5184236,36.7693046],[127.5186456,36.7693454],[127.5190927,36.7693555],[127.5194834,36.7693791],[127.519845,36.7694428],[127.5203352,36.7695594],[127.5206003,36.7695864],[127.5218543,36.769636],[127.5226268,36.7696889],[127.5228639,36.7697248],[127.5233983,36.7697222],[127.5239296,36.7697516],[127.5244904,36.7697607],[127.5244895,36.7697509],[127.5251165,36.7697769],[127.5256029,36.7698295],[127.5270742,36.7702399],[127.5272304,36.7702579],[127.5272304,36.7702625],[127.5276891,36.7702712],[127.5284387,36.770291],[127.5286052,36.7702962],[127.529683,36.7703552],[127.5303327,36.7704298],[127.5317535,36.7707447],[127.5320357,36.7708049],[127.532182,36.7708457],[127.5322497,36.7708626],[127.5328362,36.7710449],[127.5338018,36.7715065],[127.5339127,36.7715623],[127.5342143,36.7717384],[127.5345003,36.7719915],[127.5349224,36.7722224],[127.5355174,36.7725619],[127.5361665,36.7727165],[127.5364971,36.7727743],[127.5368064,36.7727977],[127.5375768,36.7729095],[127.5384511,36.7731302],[127.5390366,36.773226],[127.5397134,36.7733453],[127.5402706,36.7734733],[127.5403045,36.7734761],[127.5406521,36.7735638],[127.5415146,36.7738612],[127.5417138,36.7739209],[127.541953,36.7739761],[127.5423231,36.7739716],[127.5426968,36.7739832],[127.5428856,36.7740248],[127.5440603,36.7743659],[127.5447368,36.7744652],[127.5452636,36.7745719],[127.5458542,36.7747285],[127.5475703,36.7752041],[127.5481782,36.77531],[127.5497824,36.7754883],[127.5502636,36.7756871],[127.5505231,36.7758956],[127.5507335,36.7759774],[127.5515585,36.7759887],[127.552196,36.776339],[127.5530407,36.7767138],[127.5536851,36.7769949],[127.5544773,36.7773343],[127.5552854,36.7776781],[127.5559028,36.7778296],[127.5563267,36.7779342],[127.557086,36.7781263],[127.557451,36.7781686],[127.5576292,36.7781876],[127.5577591,36.7782033],[127.5582122,36.7782529],[127.5585703,36.7782952],[127.5587053,36.7783326],[127.5588579,36.7783733],[127.5592365,36.7784789],[127.5594799,36.7785469],[127.5599452,36.7785699],[127.5602952,36.7785827],[127.5604826,36.778585],[127.5605433,36.7785874],[127.560893,36.7786047],[127.5610981,36.7786153],[127.5616535,36.778837],[127.5622762,36.7790909],[127.5625555,36.7792033],[127.56304,36.7793967],[127.5635319,36.7796417],[127.5639141,36.7798955],[127.5640272,36.7799595],[127.564393,36.7801503],[127.564798,36.7802535],[127.5647926,36.7798324],[127.5648301,36.7796355],[127.5650025,36.7794003],[127.5650659,36.7793496],[127.5651035,36.7793264],[127.5652927,36.7792599],[127.5652712,36.7790409],[127.5652442,36.7790238],[127.5652017,36.7789929],[127.5651218,36.7790194],[127.5650291,36.7790541],[127.5649048,36.7790945],[127.5648276,36.7791045],[127.5647886,36.7790842],[127.5647216,36.7790629],[127.5646629,36.7790748],[127.5645555,36.779061],[127.5645255,36.7790457],[127.5644774,36.7790213],[127.5643355,36.7789833],[127.5641496,36.7789974],[127.5639355,36.7789828],[127.5638485,36.7789837],[127.5637868,36.7789916],[127.5637642,36.7789879],[127.5634987,36.7789179],[127.5634794,36.7789119],[127.5633494,36.7788628],[127.5633257,36.7788645],[127.5632921,36.778855],[127.5632773,36.7787751],[127.563263,36.778684],[127.5631775,36.7786648],[127.5631947,36.7787469],[127.563194,36.7787518],[127.5631847,36.7788231],[127.5629562,36.7787563],[127.5628958,36.7787373],[127.5624181,36.7785931],[127.5619763,36.7784497],[127.5619446,36.7783827],[127.5619092,36.7783421],[127.5616409,36.7782582],[127.5612246,36.7781297],[127.5609013,36.7780309],[127.5608888,36.7780263],[127.5608055,36.7779958],[127.5607297,36.7779729],[127.5607102,36.777967],[127.5606162,36.777941],[127.5602029,36.7778333],[127.5599008,36.7777503],[127.5596971,36.7777092],[127.5595911,36.7776862],[127.5595266,36.7776792],[127.559086,36.7775867],[127.5590031,36.7775622],[127.5589574,36.7775565],[127.5588456,36.7775277],[127.558661,36.7774869],[127.5584523,36.7774531],[127.558254,36.7774189],[127.5582438,36.7774163],[127.5576176,36.7772215],[127.5571564,36.7771833],[127.5569963,36.7771314],[127.5567452,36.7770856],[127.556579,36.7770426],[127.5565312,36.777024],[127.5563602,36.7769552],[127.5562796,36.7769229],[127.5555323,36.7766238],[127.555228,36.7765032],[127.5551575,36.7765474],[127.5549287,36.7764679],[127.5549251,36.7764667],[127.554762,36.7763887],[127.5546435,36.776332],[127.5545854,36.7762912],[127.5545215,36.7762781],[127.5544737,36.7762804],[127.5534507,36.7759303],[127.5533906,36.7759126],[127.5533461,36.7759005],[127.5523077,36.7755327],[127.5522709,36.7755176],[127.5512346,36.7751614],[127.5512018,36.7751436],[127.5511493,36.7751268],[127.5506561,36.7749694],[127.5501098,36.7747837],[127.5500727,36.7747605],[127.5490376,36.7743976],[127.5490751,36.7743025],[127.5490395,36.7742941],[127.5490048,36.7743769],[127.5489487,36.7743559],[127.5483961,36.7741487],[127.5479149,36.7740105],[127.5479378,36.7739508],[127.5478994,36.7739393],[127.5478776,36.7739966],[127.5476228,36.7739373],[127.5474282,36.773893],[127.5473775,36.7738685],[127.5467817,36.7737759],[127.5468096,36.7737042],[127.5467717,36.7736985],[127.5467441,36.77377],[127.5466815,36.7737601],[127.5461578,36.7736778],[127.5458633,36.7736079],[127.5458562,36.7736035],[127.5456073,36.7735477],[127.5456322,36.7734815],[127.5456205,36.773479],[127.545582,36.7734698],[127.5455556,36.7735385],[127.5454732,36.7735202],[127.5450491,36.7734197],[127.5446861,36.7733327],[127.5445127,36.7732888],[127.5445019,36.773286],[127.5444944,36.7732832],[127.5444834,36.7732797],[127.5445054,36.773223],[127.5445206,36.773184],[127.5444788,36.7731745],[127.5444427,36.7732663],[127.5443749,36.7732442],[127.5438549,36.7731226],[127.5434591,36.7730292],[127.543326,36.7729985],[127.5433465,36.7729444],[127.5433008,36.7729339],[127.5432764,36.772998],[127.5421929,36.7727412],[127.5421673,36.7727351],[127.5421054,36.7727205],[127.5421019,36.7727295],[127.5420153,36.7727121],[127.5420079,36.772711],[127.5418525,36.7726746],[127.5416774,36.7726324],[127.5413275,36.7725545],[127.5410347,36.7724841],[127.5410584,36.7724227],[127.5410188,36.7724133],[127.5409943,36.7724773],[127.5405681,36.7723763],[127.539924,36.7722244],[127.5399138,36.7721921],[127.5399271,36.7721597],[127.5399402,36.7721278],[127.5399761,36.7720403],[127.5399839,36.7720212],[127.5399551,36.7720104],[127.5398794,36.7721997],[127.5398352,36.7721907],[127.5391698,36.7720532],[127.5389657,36.7720059],[127.5387743,36.7719672],[127.5387478,36.7719606],[127.5387718,36.7718966],[127.5387289,36.7718874],[127.5387086,36.7719416],[127.5386103,36.7719073],[127.5379746,36.7717991],[127.5378644,36.7717598],[127.5376305,36.771729],[127.5376146,36.771728],[127.5376317,36.7716834],[127.5376742,36.7715722],[127.5376439,36.7715646],[127.5375795,36.7717363],[127.5375271,36.771732],[127.5375301,36.7717252],[127.5371914,36.7716784],[127.5371359,36.771666],[127.5365957,36.7715552],[127.5361072,36.7715068],[127.5359401,36.7714778],[127.535794,36.771452],[127.5357523,36.771444],[127.5355752,36.7714151],[127.5353517,36.7713791],[127.5351905,36.7713521],[127.5350971,36.7713392],[127.5349758,36.7713227],[127.5349694,36.7713215],[127.534904,36.771304],[127.5348557,36.7712895],[127.5348349,36.7712847],[127.5347754,36.7712677],[127.5347401,36.7712556],[127.5346781,36.7712236],[127.5346501,36.771195],[127.5346209,36.7711563],[127.5345878,36.7711065],[127.5345647,36.7710465],[127.5345523,36.771],[127.5345342,36.7709709],[127.5345728,36.7709631],[127.534586,36.7709622],[127.5345296,36.7708182],[127.53432,36.7708135],[127.5343262,36.7707902],[127.5342664,36.7707683],[127.5341893,36.7707496],[127.5341772,36.7706992],[127.5341737,36.7706949],[127.5340798,36.7705785],[127.53406,36.7705602],[127.5336146,36.7706049],[127.533606,36.7706038],[127.5335701,36.7705992],[127.5335233,36.7705932],[127.5334811,36.7705877],[127.5332481,36.7705454],[127.5332188,36.7705438],[127.53318,36.7705358],[127.5331407,36.770524],[127.533108,36.7705114],[127.533077,36.7704971],[127.5330421,36.7704804],[127.5330024,36.7704642],[127.5329484,36.7704442],[127.5329273,36.7704362],[127.5329204,36.7704338],[127.5329096,36.7704306],[127.5328731,36.7704212],[127.5327667,36.7703949],[127.532596,36.7703549],[127.5323808,36.770304],[127.532222,36.7702669],[127.5320507,36.770228],[127.5319144,36.7701973],[127.5318686,36.770186],[127.5318441,36.7701794],[127.5318205,36.7701719],[127.5317709,36.7701603],[127.5317874,36.7701522],[127.5318688,36.7701124],[127.53185,36.7700845],[127.5317404,36.7701375],[127.5317166,36.7701372],[127.531118,36.7699906],[127.5311137,36.7700056],[127.5311043,36.7700034],[127.530914,36.7699588],[127.530556,36.7698733],[127.5302363,36.7697989],[127.5301559,36.76978],[127.5301981,36.7697602],[127.5301094,36.7697397],[127.5300665,36.7697596],[127.5297299,36.7696859],[127.5294923,36.7696366],[127.5292593,36.769592],[127.528855,36.7695217],[127.5287614,36.769507],[127.5284787,36.769468],[127.5280229,36.7694082],[127.5265914,36.7692266],[127.5265835,36.7692256],[127.5266435,36.7691981],[127.5265248,36.7691829],[127.5264663,36.7692102],[127.5261435,36.7691676],[127.5259889,36.7691452],[127.5258198,36.7691179],[127.5256965,36.7690969],[127.525669,36.7690919],[127.5251047,36.7689795],[127.524942,36.768943],[127.5248878,36.7689304],[127.5248816,36.7689204],[127.5249187,36.7689029],[127.5250241,36.7688535],[127.5250008,36.7688212],[127.5248862,36.7688756],[127.524785,36.7688811],[127.524591,36.7688566],[127.5243592,36.7687965],[127.5237906,36.7686788],[127.5235973,36.7686393],[127.5235593,36.7686304],[127.5232389,36.7685548],[127.5233104,36.7685216],[127.5232057,36.7684968],[127.5231925,36.7684946],[127.5231839,36.7684946],[127.5217182,36.768167],[127.5217217,36.768153],[127.5217,36.768122],[127.5216208,36.7681595],[127.5216184,36.7681593],[127.5215962,36.768153],[127.5211121,36.7680408],[127.5200607,36.7677878],[127.5189765,36.7675542],[127.5184115,36.767488],[127.518404,36.7674666],[127.5184339,36.7674524],[127.518372,36.7674431],[127.5183402,36.7674584],[127.5178228,36.7673957],[127.5178222,36.767409],[127.5176465,36.7673861],[127.5164882,36.7672354],[127.5163913,36.7672166],[127.516234,36.7671993],[127.5161469,36.7671907],[127.5161306,36.767189],[127.5157639,36.7671322],[127.5154652,36.767096],[127.514992,36.7670385],[127.5146569,36.7669898],[127.5145964,36.7669863],[127.5145364,36.766978],[127.5136999,36.7668738],[127.5136138,36.766853],[127.5135698,36.7668415],[127.5135478,36.766812],[127.5134623,36.7668438],[127.5134205,36.7668594],[127.5128721,36.766712],[127.5127107,36.7666556],[127.5126781,36.7665988],[127.5125575,36.7666387],[127.5124248,36.7666643],[127.5122945,36.766678],[127.5121476,36.7666787],[127.5121368,36.7666777],[127.5120704,36.7666674],[127.5119467,36.7666409],[127.5117365,36.7665948],[127.5114386,36.7665273],[127.5114371,36.766499],[127.5113581,36.7664822],[127.5113156,36.7664997],[127.511252,36.7664858],[127.5109561,36.7664239],[127.5109438,36.7663951],[127.5108745,36.7663807],[127.5105379,36.7662791],[127.5105314,36.7663302],[127.5102792,36.7662882],[127.510102,36.7662351],[127.5098205,36.7670259]]]}},{"type":"Feature","properties":{"id":"regional:43745:보강천:2","candidate_rank":2,"segment_index":2,"admin_code":"43745","admin_name":"증평군","river_name":"보강천","river_class":"regional","source_record_count":1,"latest_notice_date":"","area_m2":1248085.88,"perimeter_m":17560.76,"width_proxy_m":142.14,"width_class":"wide","center_lon":127.6139933,"center_lat":36.7976407,"imagery_file_stem":"regional_02_43745"},"geometry":{"type":"Polygon","coordinates":[[[127.564667,36.7814088],[127.56473,36.7814329],[127.5647301,36.7814325],[127.5647559,36.7813941],[127.5649263,36.7813892],[127.5650008,36.781377],[127.5651291,36.7814274],[127.5651385,36.7814321],[127.5651766,36.7814734],[127.5652151,36.7815151],[127.5652288,36.7815301],[127.5654283,36.781727],[127.5657222,36.7818376],[127.566096,36.782027],[127.5670071,36.7824857],[127.5672658,36.7825574],[127.567315,36.782583],[127.5673381,36.782595],[127.5674071,36.7826309],[127.5674633,36.7826602],[127.5675087,36.7826838],[127.5675536,36.7827071],[127.5676063,36.7827346],[127.5676471,36.7827558],[127.5677116,36.7827894],[127.5677077,36.782783],[127.5676827,36.7827595],[127.5677018,36.7827696],[127.5681134,36.7829808],[127.5686689,36.7832509],[127.56866,36.7832654],[127.5686209,36.7833306],[127.5686223,36.7833561],[127.5688017,36.7834263],[127.5688177,36.7834325],[127.5689144,36.7834039],[127.5689367,36.7833983],[127.5693152,36.7836252],[127.5693289,36.783634],[127.5693133,36.7836797],[127.5694453,36.7837639],[127.5695452,36.7838277],[127.5696767,36.7839094],[127.5694813,36.7838726],[127.5693368,36.7838534],[127.56974,36.7841034],[127.570072,36.7843065],[127.5701788,36.7842812],[127.5702801,36.7843586],[127.5704917,36.7845178],[127.5708923,36.784823],[127.5709433,36.7848315],[127.5710205,36.7848924],[127.5710227,36.7848934],[127.5710323,36.7848898],[127.5710701,36.7848955],[127.5711688,36.7849756],[127.5711754,36.7849759],[127.5711732,36.7849788],[127.5716473,36.7853338],[127.5719662,36.7856047],[127.5720792,36.7856865],[127.57212,36.7857105],[127.572216,36.7857732],[127.5722505,36.7858525],[127.572307,36.7858791],[127.5723368,36.7858913],[127.5725017,36.7859661],[127.5726358,36.7860266],[127.5729008,36.7861454],[127.5730392,36.7862091],[127.5730386,36.786199],[127.5734949,36.7863989],[127.5735065,36.7863985],[127.5735207,36.786398],[127.5740996,36.7866669],[127.5740902,36.786676],[127.5742079,36.7867212],[127.5742189,36.7867223],[127.5742917,36.7867295],[127.5743168,36.7866933],[127.5743828,36.7867231],[127.5749545,36.7869676],[127.5752576,36.7870973],[127.5755189,36.78721],[127.5756006,36.7872453],[127.575822,36.787341],[127.575908,36.7873751],[127.5760028,36.7874158],[127.5763493,36.7875364],[127.5764015,36.787553],[127.5764278,36.7875614],[127.576854,36.7876833],[127.5769944,36.7877249],[127.5771769,36.7877713],[127.5772148,36.7877815],[127.5775114,36.7878565],[127.5777655,36.7879151],[127.5780917,36.7879939],[127.5785955,36.788162],[127.5792014,36.7883601],[127.5794401,36.7884381],[127.5794777,36.7884504],[127.579479,36.7884509],[127.5796014,36.7884909],[127.5796726,36.7885182],[127.579886,36.7886001],[127.5799316,36.7886176],[127.5800918,36.788679],[127.5801069,36.7886848],[127.5802657,36.7887507],[127.5805939,36.7888922],[127.5812211,36.789201],[127.5814503,36.789305],[127.5814755,36.7893173],[127.5815451,36.7893513],[127.5815785,36.7893676],[127.5815951,36.7893757],[127.5816374,36.7894034],[127.5816858,36.789435],[127.5817524,36.7894701],[127.5818514,36.7895227],[127.5818821,36.7895391],[127.5819166,36.7895577],[127.5819675,36.7895852],[127.5822457,36.7897355],[127.5824131,36.7898272],[127.5827,36.7899842],[127.5828154,36.790048],[127.5831209,36.7902171],[127.5832316,36.7902777],[127.5840598,36.7907308],[127.5843203,36.7908729],[127.5843397,36.7908834],[127.5843433,36.7908854],[127.5845749,36.7910159],[127.5851367,36.7913209],[127.5854986,36.7915217],[127.5857637,36.7916669],[127.5857982,36.7916859],[127.5864366,36.7920367],[127.586438,36.7920375],[127.5865947,36.7921236],[127.5866598,36.7921594],[127.5866767,36.7921687],[127.5869583,36.792317],[127.5871105,36.792395],[127.5871571,36.7924148],[127.5871651,36.7924181],[127.5871157,36.792481],[127.5871463,36.7925053],[127.5871843,36.7924835],[127.5872778,36.792433],[127.5873054,36.7924181],[127.5874122,36.7923738],[127.5877647,36.79225],[127.5879737,36.7922851],[127.5880663,36.7923022],[127.5884114,36.7923971],[127.5886378,36.7924411],[127.5889249,36.7924844],[127.5889837,36.7925401],[127.588992,36.7925505],[127.5891378,36.7925828],[127.5893553,36.7925788],[127.589862,36.7925589],[127.5899844,36.7925549],[127.5900945,36.7925262],[127.5901339,36.7924822],[127.5902816,36.7924625],[127.5903083,36.7924596],[127.5906074,36.7924276],[127.5907069,36.7924188],[127.5909088,36.7923979],[127.5911054,36.7923571],[127.5914164,36.7922601],[127.5915001,36.792234],[127.5916293,36.7921937],[127.5916321,36.7921928],[127.5922596,36.7917745],[127.5925305,36.7915963],[127.5926277,36.7914324],[127.5926631,36.7914403],[127.5928235,36.7912498],[127.5928841,36.7912234],[127.59296,36.7912086],[127.5930046,36.7912176],[127.5930898,36.7912348],[127.5931475,36.791165],[127.593202,36.791099],[127.5933858,36.7909506],[127.5934718,36.7908886],[127.5936232,36.7907797],[127.59378,36.7906881],[127.5938714,36.7906305],[127.5946481,36.7900732],[127.5956337,36.7894452],[127.5961965,36.7892987],[127.596623,36.7892877],[127.5974726,36.7895136],[127.5983081,36.7897515],[127.5993587,36.7900301],[127.599749,36.7901406],[127.60019,36.7902517],[127.6002862,36.7902754],[127.6008053,36.7904209],[127.6010384,36.790486],[127.6014037,36.7905964],[127.6024499,36.7908891],[127.6026274,36.7909283],[127.6029208,36.7910111],[127.6034503,36.7911611],[127.6039702,36.7912977],[127.604286,36.791386],[127.6043971,36.7914236],[127.6046485,36.7914955],[127.6048538,36.7915791],[127.6050323,36.7916072],[127.6051784,36.7916468],[127.6055071,36.7917406],[127.6064192,36.7919974],[127.6064227,36.7919984],[127.6066587,36.7920595],[127.6077057,36.7923489],[127.6088265,36.7926514],[127.6098811,36.792952],[127.6108034,36.7932256],[127.6108243,36.7932321],[127.6108451,36.7932388],[127.6108659,36.7932456],[127.6108865,36.7932526],[127.6109071,36.7932597],[127.6109276,36.793267],[127.6109481,36.7932744],[127.6109684,36.7932819],[127.6109887,36.7932896],[127.6110089,36.7932974],[127.611029,36.7933054],[127.611049,36.7933135],[127.6110689,36.7933217],[127.6110887,36.7933301],[127.6111085,36.7933386],[127.6111281,36.7933473],[127.6111477,36.7933561],[127.6111672,36.793365],[127.6111865,36.793374],[127.6112058,36.7933832],[127.611225,36.7933926],[127.6112441,36.793402],[127.611263,36.7934116],[127.6112819,36.7934214],[127.6113006,36.7934312],[127.6113193,36.7934412],[127.6113378,36.7934513],[127.6113563,36.7934616],[127.6113746,36.7934719],[127.6113928,36.7934824],[127.6114109,36.7934931],[127.6114289,36.7935038],[127.6114468,36.7935147],[127.6114645,36.7935257],[127.6114821,36.7935368],[127.6114996,36.7935481],[127.611517,36.7935594],[127.6115343,36.7935709],[127.6115514,36.7935825],[127.6115685,36.7935942],[127.6115853,36.7936061],[127.6116021,36.793618],[127.6116187,36.7936301],[127.6116352,36.7936423],[127.6116516,36.7936546],[127.6116538,36.7936563],[127.6122159,36.7941988],[127.6126455,36.7948355],[127.6130261,36.795402],[127.6133088,36.7961148],[127.6133755,36.7968146],[127.6133594,36.7969532],[127.6129896,36.7963507],[127.6128445,36.7961585],[127.6129129,36.7962679],[127.6130204,36.7964352],[127.6130941,36.7965759],[127.61318,36.7967905],[127.6133654,36.7970544],[127.613283,36.7970702],[127.613283,36.7971014],[127.6133586,36.7971999],[127.6133987,36.797412],[127.6133924,36.7975859],[127.6133901,36.7975864],[127.6133919,36.7975979],[127.6133888,36.7976836],[127.6133921,36.7977205],[127.613403,36.7978286],[127.6134261,36.7979842],[127.6134364,36.798066],[127.6134433,36.7981408],[127.6134473,36.7982248],[127.6134485,36.7982927],[127.6134456,36.7983613],[127.6134419,36.7984385],[127.6134336,36.7985277],[127.6134255,36.7986229],[127.6134137,36.7987303],[127.6134051,36.7988163],[127.6133943,36.7989103],[127.6133821,36.7990211],[127.613372,36.7991135],[127.6133547,36.799246],[127.6133413,36.7993734],[127.6133255,36.7995158],[127.6133102,36.7996459],[127.6132966,36.7997557],[127.6132753,36.7998937],[127.6132603,36.8000262],[127.6132474,36.8001317],[127.6132404,36.8002125],[127.6132408,36.8002272],[127.6132422,36.8002352],[127.6132491,36.8002592],[127.6132617,36.8003225],[127.6132633,36.8003319],[127.613264,36.8003369],[127.6132563,36.8004307],[127.6132429,36.8005931],[127.6132391,36.8007474],[127.6132479,36.8009447],[127.6132851,36.8010184],[127.6132868,36.8010221],[127.6132887,36.801034],[127.6132882,36.8010366],[127.6132779,36.801089],[127.6132886,36.8011622],[127.6132951,36.8012224],[127.6132952,36.8012227],[127.6132952,36.8012378],[127.6133021,36.8013002],[127.6133125,36.8013467],[127.6133252,36.8014088],[127.6133302,36.8014251],[127.6133464,36.8014728],[127.6133718,36.8015328],[127.6134079,36.8016245],[127.6134556,36.8017329],[127.6135176,36.8018667],[127.6135727,36.8019832],[127.6136509,36.8021399],[127.6137051,36.802244],[127.6137807,36.8023888],[127.6138355,36.802493],[127.6138893,36.8025962],[127.6139498,36.8027058],[127.614013,36.8028275],[127.6140678,36.8029477],[127.6141239,36.8030472],[127.6141338,36.8030631],[127.6142309,36.8032622],[127.6142313,36.8032627],[127.6142337,36.8032709],[127.6142328,36.8032756],[127.6142466,36.8033188],[127.6142538,36.8033414],[127.6143876,36.8035168],[127.6144422,36.8035877],[127.6146301,36.8037967],[127.6146996,36.8038739],[127.6149027,36.8040935],[127.6150344,36.8042823],[127.6150771,36.8043504],[127.6150878,36.8043674],[127.615103,36.8043978],[127.6151498,36.8044849],[127.6151767,36.8045562],[127.6152345,36.8047085],[127.6152669,36.8047975],[127.6152993,36.8048867],[127.6153666,36.8050716],[127.6153916,36.8051403],[127.6154085,36.8051795],[127.615489,36.8053665],[127.6154844,36.8053665],[127.6155476,36.8055398],[127.6157385,36.8060454],[127.615769,36.8060567],[127.6157239,36.8060643],[127.6156836,36.8060645],[127.615668,36.8061138],[127.6157646,36.8061145],[127.6158211,36.8062641],[127.6159366,36.8065015],[127.6159553,36.8066009],[127.6159466,36.806602],[127.6156527,36.8066424],[127.6156573,36.8066743],[127.6159661,36.8066424],[127.6159782,36.8066411],[127.6159744,36.8066621],[127.6160476,36.8068001],[127.6160489,36.8068038],[127.6160692,36.8068637],[127.6161226,36.807017],[127.6161749,36.8071666],[127.6161727,36.8071976],[127.6161949,36.807336],[127.6162183,36.8074344],[127.6162527,36.8074407],[127.616294,36.8074366],[127.6165562,36.8074108],[127.616552,36.8074231],[127.6166567,36.8075186],[127.6166844,36.8075752],[127.6167706,36.8076212],[127.616794,36.8076283],[127.6168316,36.8076509],[127.6169405,36.8077536],[127.616995,36.8077798],[127.6170466,36.8078268],[127.6171998,36.8079638],[127.617202,36.807959],[127.6172364,36.8078914],[127.617289,36.8079256],[127.6174659,36.8081362],[127.6180674,36.808912],[127.6180648,36.8089142],[127.6180121,36.808958],[127.6180779,36.8089733],[127.6181274,36.8089912],[127.6182236,36.8091549],[127.6181358,36.8094865],[127.6181357,36.8094868],[127.6181384,36.8094873],[127.6181094,36.8095681],[127.6187501,36.8097255],[127.6187862,36.8097193],[127.6187812,36.8097332],[127.6189398,36.8097721],[127.6189481,36.8098563],[127.6191885,36.809982],[127.6191559,36.8100357],[127.6193959,36.8101646],[127.6195164,36.8102158],[127.6196884,36.8102735],[127.6199529,36.8103256],[127.6202897,36.8104466],[127.6203675,36.8104681],[127.6204042,36.8104606],[127.6205002,36.8104739],[127.6208717,36.8105888],[127.6208925,36.8105956],[127.6209133,36.8106023],[127.6209342,36.8106088],[127.6209552,36.8106151],[127.6209762,36.8106213],[127.6209973,36.8106273],[127.6210185,36.8106332],[127.6210398,36.8106389],[127.6210611,36.8106444],[127.6210825,36.8106498],[127.621104,36.810655],[127.6211255,36.81066],[127.6211471,36.8106649],[127.6211687,36.8106696],[127.6211904,36.8106742],[127.6212121,36.8106785],[127.6212339,36.8106827],[127.6212558,36.8106868],[127.6212777,36.8106906],[127.6212996,36.8106943],[127.6213047,36.8106951],[127.6217559,36.8107606],[127.6217568,36.8107599],[127.6217573,36.8107608],[127.6219071,36.8107826],[127.62208,36.810778],[127.6221593,36.8107801],[127.622508,36.8108125],[127.6236221,36.8109282],[127.6236559,36.8109268],[127.6235949,36.8111638],[127.6239083,36.8111197],[127.6240072,36.8111979],[127.6242623,36.8115308],[127.6243063,36.8115952],[127.6244186,36.8117591],[127.6244849,36.8118584],[127.624527,36.8119228],[127.6245545,36.8120206],[127.6246016,36.8121851],[127.6245462,36.8122808],[127.6246155,36.8124631],[127.6246641,36.8124934],[127.6247546,36.8125079],[127.6248625,36.8125455],[127.6248712,36.8125485],[127.625028,36.8126286],[127.6250885,36.8126798],[127.6251087,36.812737],[127.6251373,36.8129029],[127.6252426,36.8130427],[127.625367,36.8131762],[127.6253982,36.8132096],[127.6254341,36.8132563],[127.6254807,36.8132866],[127.6260736,36.8139915],[127.6261122,36.81403],[127.6264292,36.8143962],[127.6265257,36.81447],[127.6265487,36.8144941],[127.6265707,36.8145072],[127.6266163,36.8144648],[127.6269407,36.8145822],[127.6269584,36.8146021],[127.6270491,36.814682],[127.6270966,36.8147198],[127.6272098,36.8148088],[127.6274002,36.8149038],[127.6275314,36.8150346],[127.6276661,36.8151329],[127.6277099,36.8151787],[127.6278163,36.8152264],[127.6279208,36.8152897],[127.6280774,36.8153559],[127.6280823,36.8153556],[127.6280929,36.8154346],[127.6281367,36.8155014],[127.6281954,36.8155665],[127.6282096,36.8155764],[127.6282612,36.8155898],[127.6283984,36.8155769],[127.6284082,36.8155799],[127.6284842,36.8156098],[127.628809,36.8156716],[127.6288548,36.815678],[127.6291021,36.8157667],[127.6292718,36.8158244],[127.6293464,36.8158398],[127.6295964,36.8158798],[127.6295977,36.8159102],[127.6295949,36.8159355],[127.6296518,36.8159376],[127.6297728,36.8159673],[127.6298137,36.8159926],[127.6302638,36.8160716],[127.6302736,36.8160763],[127.6302753,36.8160741],[127.6305089,36.8157769],[127.6307402,36.8156043],[127.6309942,36.8154192],[127.6309626,36.8154043],[127.6309767,36.8153591],[127.6309735,36.8153476],[127.631109,36.8153469],[127.6311204,36.8153468],[127.6311941,36.8152913],[127.6312188,36.8152727],[127.631353,36.8151934],[127.6312968,36.8150162],[127.6312734,36.8149828],[127.6311191,36.8150298],[127.6309105,36.8150773],[127.6306327,36.8150691],[127.6305006,36.815072],[127.6305005,36.8150733],[127.6303829,36.8150963],[127.6301436,36.8151196],[127.6291162,36.8150177],[127.6290941,36.8150149],[127.6290722,36.8150112],[127.6290505,36.8150065],[127.6290293,36.8150008],[127.6290085,36.8149941],[127.6289906,36.8149874],[127.6288555,36.8149059],[127.6287202,36.814814],[127.6286481,36.8146999],[127.6284052,36.8146021],[127.6282124,36.8145595],[127.6281052,36.8145205],[127.6279044,36.8143386],[127.6276138,36.8140278],[127.6275758,36.8139726],[127.6275636,36.8139048],[127.627545,36.8138822],[127.6274996,36.8138272],[127.6274741,36.8137488],[127.6274595,36.8137473],[127.6274544,36.8137468],[127.627411,36.813681],[127.6273998,36.8136733],[127.6273206,36.8136192],[127.6271552,36.813506],[127.6270338,36.8133104],[127.6268351,36.813217],[127.6266347,36.8129961],[127.6266496,36.8129742],[127.6265974,36.8129043],[127.6265692,36.8128587],[127.6265148,36.8127712],[127.6264055,36.8126581],[127.6261024,36.8122822],[127.6259352,36.8120431],[127.6257677,36.8118339],[127.6257132,36.8117677],[127.6255797,36.8116221],[127.6253664,36.8113571],[127.6251746,36.8111187],[127.6249055,36.8107281],[127.6248001,36.810692],[127.6247043,36.8105742],[127.6247053,36.8105725],[127.6246926,36.8105592],[127.6246164,36.8104654],[127.6246201,36.8104504],[127.6245697,36.810428],[127.6244479,36.8103158],[127.6244396,36.8103077],[127.624434,36.810303],[127.6244265,36.8102991],[127.6241631,36.810179],[127.6239625,36.8100873],[127.6237963,36.8100096],[127.6236289,36.8099349],[127.6235244,36.8098863],[127.6234942,36.8098741],[127.6233355,36.809843],[127.6232607,36.8098481],[127.6231626,36.8098029],[127.6231591,36.8098701],[127.6227557,36.8098948],[127.6226966,36.8098986],[127.6226202,36.8098926],[127.6224363,36.8098943],[127.6224288,36.8098937],[127.622378,36.8099033],[127.6223068,36.8099176],[127.622286,36.8099241],[127.62221,36.8099359],[127.6221466,36.8099451],[127.622098,36.8099557],[127.621594,36.8098297],[127.6207245,36.8094952],[127.6198875,36.8091572],[127.6196234,36.808992],[127.6196159,36.8089997],[127.6194472,36.808849],[127.6194102,36.8088201],[127.6188884,36.8082779],[127.6182765,36.807665],[127.6175699,36.8071289],[127.6175442,36.8071077],[127.6175104,36.8070797],[127.6173691,36.8069934],[127.6173062,36.8069036],[127.6172908,36.8068981],[127.6172455,36.8068654],[127.6171405,36.8067544],[127.6170386,36.8066081],[127.6169792,36.8065174],[127.6169515,36.8064677],[127.6169264,36.8063899],[127.6169171,36.8063613],[127.6168747,36.8062804],[127.6168504,36.806234],[127.6168143,36.8061653],[127.6167901,36.8061191],[127.6166725,36.8055929],[127.6166437,36.805528],[127.616565,36.8052714],[127.6163392,36.8046609],[127.6163279,36.8046319],[127.6163231,36.8046065],[127.6163159,36.8046023],[127.6162852,36.8045182],[127.6162301,36.8044118],[127.6162218,36.8044428],[127.6161999,36.8043808],[127.6160524,36.8042298],[127.6158632,36.8035012],[127.6158167,36.8034233],[127.615715,36.8033715],[127.6155709,36.8032544],[127.6151923,36.8027322],[127.6147743,36.8020068],[127.6145564,36.801552],[127.614434,36.801165],[127.6142726,36.8005288],[127.6143306,36.8004357],[127.6143298,36.8004334],[127.6143305,36.8004323],[127.614315,36.8003876],[127.6143447,36.8001458],[127.6143463,36.8001327],[127.6143734,36.8000545],[127.6144073,36.7997552],[127.6144191,36.7995919],[127.6144384,36.7993244],[127.6144568,36.7990814],[127.6144279,36.7990039],[127.6144332,36.7990021],[127.6145538,36.7989631],[127.6145827,36.7989537],[127.6145762,36.7989289],[127.6145494,36.7987863],[127.6145514,36.7986172],[127.6145508,36.798405],[127.614543,36.7983381],[127.6145899,36.7977009],[127.6146057,36.7975512],[127.6146564,36.7971633],[127.6146472,36.7967091],[127.6146242,36.7965274],[127.6146084,36.79637],[127.61459,36.7961729],[127.614581,36.7960337],[127.6145346,36.7958088],[127.6144804,36.7956717],[127.6144528,36.7956688],[127.6144396,36.7956089],[127.6144072,36.7954617],[127.6143498,36.7952513],[127.6142343,36.7948637],[127.6141819,36.7947419],[127.614106,36.7946517],[127.6140378,36.7944748],[127.6139011,36.7942629],[127.6137286,36.7940306],[127.6136305,36.793942],[127.6135849,36.7938843],[127.6136363,36.7938819],[127.6136816,36.793859],[127.6137271,36.7938581],[127.6137156,36.7937976],[127.6136701,36.7938017],[127.6136411,36.7938101],[127.613592,36.7937654],[127.6135128,36.793702],[127.6133593,36.793645],[127.6132559,36.7936171],[127.6131358,36.7935147],[127.6130496,36.7933984],[127.6127852,36.7931818],[127.6126836,36.7930741],[127.6126542,36.7930424],[127.6126097,36.7929951],[127.6125217,36.7929109],[127.6125136,36.7929032],[127.6124015,36.7928383],[127.6123893,36.7928307],[127.6121384,36.7926741],[127.6120368,36.7926175],[127.6117674,36.7924674],[127.6117071,36.7924338],[127.6115637,36.7923799],[127.6114406,36.7922557],[127.6114092,36.7922246],[127.6113139,36.7922136],[127.6112963,36.7921837],[127.6112469,36.7921817],[127.6102122,36.7919047],[127.6101642,36.7918857],[127.6100942,36.7918415],[127.6096949,36.7917212],[127.6090383,36.7915367],[127.6090178,36.7915299],[127.6089687,36.7915166],[127.6077752,36.7911797],[127.6077232,36.7911658],[127.6069368,36.7909519],[127.6069359,36.790965],[127.6067474,36.7909171],[127.6067138,36.7908929],[127.6066782,36.7908808],[127.6056228,36.7905985],[127.605573,36.7905869],[127.6055526,36.7905789],[127.6044858,36.7902861],[127.6044606,36.7902799],[127.6044121,36.7902609],[127.6031949,36.7899118],[127.6029062,36.7898502],[127.6028528,36.7898385],[127.6028286,36.7898406],[127.6027118,36.7898157],[127.6023473,36.7897128],[127.6022742,36.7896912],[127.6014112,36.7894378],[127.6010535,36.7893379],[127.6010241,36.7893379],[127.6009795,36.789329],[127.6001457,36.7890946],[127.5997865,36.7889936],[127.5997366,36.788971],[127.599721,36.7889406],[127.5996889,36.7886946],[127.5996877,36.7886874],[127.5996375,36.7886961],[127.5996764,36.7889291],[127.5995412,36.7888962],[127.5993047,36.7888064],[127.5991561,36.7887736],[127.5989769,36.7887371],[127.5989598,36.7887122],[127.5988393,36.7886775],[127.5987954,36.7886753],[127.598411,36.7885726],[127.5981615,36.7885046],[127.5980205,36.7884669],[127.5978187,36.7884238],[127.5973746,36.7883288],[127.5973909,36.7883831],[127.5972772,36.7883611],[127.5972838,36.7883488],[127.5971973,36.7883232],[127.5971031,36.7882954],[127.5970671,36.7882984],[127.596996,36.7882994],[127.5969364,36.7882884],[127.5968869,36.7882831],[127.5968791,36.7882838],[127.5945755,36.7878368],[127.5945461,36.7878429],[127.594432,36.7878549],[127.5939212,36.788298],[127.5938831,36.7883198],[127.593684,36.7884928],[127.5934476,36.7886861],[127.5932596,36.7888258],[127.593234,36.7888476],[127.5932156,36.7888663],[127.5931474,36.7889245],[127.5930494,36.7890083],[127.5930357,36.7890199],[127.5928325,36.7891919],[127.5927486,36.7892629],[127.5927126,36.7892931],[127.5925187,36.7894351],[127.5924789,36.7894776],[127.5924283,36.7895317],[127.5923872,36.7895663],[127.5923789,36.7895748],[127.5923541,36.7896005],[127.5922482,36.7896863],[127.5921508,36.7897766],[127.5921416,36.7897728],[127.5921168,36.7897937],[127.5920952,36.7897975],[127.5921185,36.7898067],[127.5919855,36.7899299],[127.5919777,36.7899256],[127.5919294,36.7898989],[127.5918283,36.7899374],[127.5916274,36.7900248],[127.591695,36.7900311],[127.5918241,36.7900796],[127.5917141,36.7901816],[127.5916634,36.790223],[127.591604,36.7902492],[127.5914573,36.7903089],[127.5912552,36.7904069],[127.5908536,36.7905462],[127.5906549,36.7906017],[127.5905204,36.7906392],[127.5905194,36.7906423],[127.5905195,36.7906501],[127.5905217,36.7906612],[127.5905207,36.7906642],[127.5902897,36.790711],[127.5901877,36.7907279],[127.5901819,36.7907261],[127.590177,36.7907232],[127.59017,36.7907087],[127.5901446,36.7907045],[127.5900126,36.7907198],[127.5900114,36.7907223],[127.590011,36.7907256],[127.5900119,36.7907335],[127.5900118,36.7907429],[127.5898831,36.7907609],[127.5897803,36.7907683],[127.5896968,36.7907744],[127.5896509,36.7907625],[127.5895966,36.7907644],[127.5895464,36.7907662],[127.5893814,36.7907631],[127.589251,36.7907565],[127.5892128,36.7907521],[127.5891733,36.7907438],[127.5889953,36.7906965],[127.5886786,36.7906182],[127.5886486,36.7906164],[127.5885581,36.7905895],[127.5884386,36.7905521],[127.5882073,36.7904713],[127.5881255,36.790441],[127.5879735,36.7903735],[127.5877887,36.7902756],[127.5877855,36.7902744],[127.5877849,36.7902738],[127.5877662,36.7902682],[127.5877569,36.7902653],[127.5877544,36.7902644],[127.5877466,36.790226],[127.5874609,36.790122],[127.587179,36.7899759],[127.587194,36.7899588],[127.5870357,36.7898729],[127.5870054,36.7898605],[127.5869592,36.7898351],[127.5869543,36.7898292],[127.5867921,36.7897362],[127.586527,36.7895827],[127.5862923,36.7894416],[127.5862455,36.789414],[127.5862298,36.7894171],[127.5861861,36.7893905],[127.5861567,36.7892979],[127.5861528,36.7892922],[127.5859595,36.7891957],[127.5857303,36.789064],[127.5855786,36.7889766],[127.5851601,36.7887366],[127.5850601,36.7886934],[127.5848492,36.7885711],[127.584731,36.7885003],[127.5847004,36.788521],[127.5844676,36.7884004],[127.584318,36.7883229],[127.584096,36.7882003],[127.5840897,36.7882377],[127.584084,36.7882531],[127.5840496,36.7882335],[127.5840551,36.7882246],[127.5840651,36.7881871],[127.5838523,36.7880658],[127.5835783,36.7879136],[127.5834509,36.7878428],[127.5833643,36.7877947],[127.5833542,36.7877889],[127.5832978,36.7877899],[127.5830667,36.7876643],[127.5830321,36.7876455],[127.5830033,36.7876298],[127.5830813,36.7875431],[127.5831529,36.7874635],[127.5832167,36.7874167],[127.5832605,36.7873855],[127.5832472,36.7873724],[127.5831998,36.7873419],[127.5831628,36.7872897],[127.5831684,36.7872759],[127.5831751,36.78726],[127.5831464,36.7872489],[127.5825517,36.7870815],[127.5823254,36.7870185],[127.5823033,36.786996],[127.5817956,36.7868496],[127.5817374,36.7868502],[127.5816358,36.7868211],[127.581616,36.7868158],[127.5816167,36.786815],[127.5816244,36.7868001],[127.5811271,36.7866548],[127.5807232,36.7865399],[127.5799222,36.7863072],[127.5797553,36.7862625],[127.5793437,36.7861451],[127.5793134,36.7861399],[127.5791677,36.7860979],[127.5790615,36.786065],[127.5788012,36.7859855],[127.5787923,36.7859938],[127.5787442,36.7859797],[127.5787174,36.7859551],[127.5786979,36.785956],[127.5782846,36.7858366],[127.5778672,36.7857126],[127.5777487,36.785679],[127.5775412,36.7856202],[127.5774466,36.7855748],[127.5772505,36.7855078],[127.5768644,36.7853763],[127.5766053,36.785282],[127.5766033,36.7852813],[127.5765999,36.7852777],[127.5765826,36.7852752],[127.5763509,36.7851843],[127.5761067,36.7850877],[127.5758457,36.7849733],[127.5755006,36.784819],[127.5752557,36.7847034],[127.5748249,36.7845015],[127.5746724,36.7844282],[127.5746086,36.7843976],[127.5745603,36.7843744],[127.5744276,36.7842997],[127.574178,36.7841586],[127.5741463,36.7841435],[127.5739201,36.7840343],[127.5739576,36.7840233],[127.5740174,36.7840058],[127.5741015,36.7839567],[127.5741755,36.7838764],[127.5741728,36.7838747],[127.5740866,36.783953],[127.5740023,36.784],[127.5738549,36.7840456],[127.5737518,36.7839961],[127.5737177,36.7839805],[127.5737561,36.7839557],[127.5737097,36.7839301],[127.5731802,36.783607],[127.5731071,36.7836413],[127.5730665,36.7836148],[127.5730518,36.783625],[127.5730492,36.7835963],[127.5730334,36.7835066],[127.5729418,36.7834588],[127.5728779,36.7834255],[127.5726578,36.7832756],[127.5725276,36.7831924],[127.572166,36.7829645],[127.5718646,36.7827778],[127.57187,36.7827886],[127.5717439,36.7827126],[127.571649,36.7826547],[127.57158,36.7826158],[127.5714394,36.7825224],[127.5711884,36.7823887],[127.5710495,36.7823079],[127.5709847,36.7822484],[127.5705498,36.7819803],[127.5703648,36.7818426],[127.5702159,36.7817506],[127.5699943,36.7816159],[127.5699034,36.7815606],[127.5698686,36.7815453],[127.5698329,36.7815401],[127.5698165,36.7815341],[127.569599,36.781408],[127.5693226,36.7812489],[127.5690743,36.7810971],[127.5688144,36.780894],[127.5687495,36.7808408],[127.5686109,36.7807303],[127.5684759,36.7805961],[127.5684331,36.7805893],[127.5681201,36.7805176],[127.567944,36.7804576],[127.5678627,36.7803879],[127.5677432,36.7803172],[127.5676703,36.7802981],[127.5676189,36.7802881],[127.5675701,36.7802654],[127.567553,36.7802455],[127.5674607,36.780204],[127.5673097,36.7801437],[127.5672526,36.780118],[127.5672095,36.7801055],[127.5671237,36.7801002],[127.5669663,36.7800787],[127.566975,36.7800239],[127.5669658,36.7800102],[127.5669606,36.7800018],[127.5669354,36.7799871],[127.5668853,36.7799817],[127.566503,36.7798435],[127.5660725,36.7796894],[127.5660336,36.7796756],[127.5660336,36.7796754],[127.5660342,36.7796576],[127.5659563,36.7796372],[127.5659343,36.7796394],[127.5658666,36.7796072],[127.5657402,36.7795448],[127.5656489,36.7794961],[127.5656393,36.7794892],[127.5656098,36.7794758],[127.5656065,36.7794761],[127.5655889,36.7794781],[127.5654815,36.7794638],[127.5654062,36.7794486],[127.5653778,36.7794429],[127.5653086,36.7794225],[127.5652928,36.7792612],[127.565095,36.7793327],[127.5650108,36.7793876],[127.5648618,36.779587],[127.5648255,36.7797533],[127.5648086,36.7798293],[127.5648024,36.7802646],[127.5647964,36.7803705],[127.5647703,36.7808356],[127.5647382,36.7812317],[127.564737,36.7812468],[127.564667,36.7814088]]]}},{"type":"Feature","properties":{"id":"regional:43750:보강천:3","candidate_rank":3,"segment_index":3,"admin_code":"43750","admin_name":"진천군","river_name":"보강천","river_class":"regional","source_record_count":1,"latest_notice_date":"20190517","area_m2":576898.13,"perimeter_m":10764.42,"width_proxy_m":107.19,"width_class":"wide","center_lon":127.5421563,"center_lat":36.7742245,"imagery_file_stem":"regional_03_43750"},"geometry":{"type":"Polygon","coordinates":[[[127.5100727,36.7671618],[127.50984,36.7670382],[127.5098189,36.7670305],[127.5093179,36.7684381],[127.5093199,36.7684384],[127.5093168,36.7684411],[127.5092941,36.768505],[127.509582,36.7685463],[127.5098199,36.7685886],[127.5102459,36.7686635],[127.5104681,36.7686978],[127.5106446,36.7687285],[127.5106696,36.7687315],[127.5109805,36.7687822],[127.5113376,36.7688413],[127.5118061,36.7689133],[127.51181,36.7689359],[127.5118986,36.7689265],[127.5125323,36.7690272],[127.5125379,36.7690362],[127.5125748,36.7690449],[127.5125868,36.7690364],[127.5129072,36.7690874],[127.5129618,36.7690937],[127.5131749,36.7691318],[127.5134422,36.7691761],[127.5136401,36.7692081],[127.5138041,36.7692318],[127.5141229,36.7692828],[127.5142191,36.7692983],[127.5146996,36.7693758],[127.5149558,36.7694165],[127.5149457,36.7694363],[127.5149942,36.7694435],[127.5150457,36.7694289],[127.5151382,36.7694452],[127.5151574,36.7694683],[127.5151587,36.7694482],[127.5153816,36.7694833],[127.5153872,36.7694837],[127.5157182,36.7695357],[127.5160127,36.769581],[127.51631,36.7696269],[127.5164642,36.7696528],[127.5166752,36.769687],[127.5169418,36.7697289],[127.5171333,36.7697597],[127.5171576,36.7697633],[127.5173459,36.7697929],[127.5175497,36.7698217],[127.5175988,36.7698275],[127.5177746,36.7698577],[127.5179147,36.7698798],[127.5181108,36.7699042],[127.5183167,36.7699261],[127.5183694,36.7699326],[127.5183996,36.7699361],[127.5186851,36.7699845],[127.518814,36.7700063],[127.5188498,36.7700125],[127.5188803,36.7700177],[127.5192975,36.7700826],[127.5193139,36.7700854],[127.519367,36.7700947],[127.5196284,36.7701403],[127.5199172,36.7701826],[127.5204533,36.7702598],[127.5204552,36.7702603],[127.5205101,36.7702746],[127.5213288,36.7704691],[127.5213833,36.770482],[127.5215911,36.7705282],[127.5216248,36.7705356],[127.5217505,36.7705674],[127.5218614,36.7705957],[127.5219724,36.7706169],[127.5227066,36.770758],[127.5229109,36.7707969],[127.5229495,36.7708023],[127.5229625,36.7708066],[127.5233896,36.7708877],[127.5238699,36.7709804],[127.5242766,36.771059],[127.5246314,36.7711263],[127.5250173,36.7712005],[127.5250834,36.7712135],[127.5254127,36.771273],[127.5255357,36.7712946],[127.5256186,36.7713094],[127.5256855,36.7713166],[127.5257014,36.7713241],[127.5257398,36.771331],[127.5262146,36.7714137],[127.5265363,36.7714706],[127.5268655,36.7715263],[127.5271879,36.7715807],[127.5275149,36.7716351],[127.5278708,36.7716941],[127.528244,36.7717559],[127.5286784,36.7718284],[127.5290567,36.7718908],[127.5294206,36.7719511],[127.5294216,36.7719497],[127.5294988,36.771972],[127.5295077,36.7719655],[127.5295446,36.7719717],[127.5299819,36.7720431],[127.5302706,36.772091],[127.5306034,36.772147],[127.5308523,36.7721885],[127.5311359,36.7722351],[127.5314324,36.7722846],[127.5314327,36.7723247],[127.5314436,36.7723187],[127.5314566,36.7722887],[127.531571,36.7723078],[127.5319557,36.7723727],[127.5320886,36.7723949],[127.5322835,36.7724265],[127.5325091,36.7724646],[127.5328249,36.7725198],[127.5331263,36.7725725],[127.533366,36.7726146],[127.5334737,36.7726343],[127.5338899,36.7727374],[127.5340343,36.7727731],[127.5341205,36.7727955],[127.5342505,36.7728409],[127.5342982,36.7728552],[127.534523,36.7729226],[127.5347014,36.7729523],[127.5348021,36.772981],[127.5351973,36.7730687],[127.5352863,36.773088],[127.5354925,36.7731063],[127.5357102,36.773141],[127.5363022,36.7732625],[127.5365784,36.773351],[127.536743,36.7733616],[127.5368346,36.7733965],[127.5369994,36.7734284],[127.5372523,36.7734894],[127.5374345,36.773533],[127.5375425,36.7735545],[127.5376506,36.7735707],[127.5378326,36.7736118],[127.5382359,36.7736971],[127.5382576,36.7737002],[127.5384222,36.7737369],[127.5386803,36.7738065],[127.5389999,36.7738882],[127.5392489,36.773952],[127.5393635,36.7739778],[127.5395231,36.7740138],[127.5398631,36.7740894],[127.5401938,36.7741629],[127.5400104,36.7740578],[127.5399965,36.7740512],[127.5401804,36.7740907],[127.5402214,36.7741001],[127.5402878,36.7741338],[127.5403651,36.7741332],[127.5404414,36.7741508],[127.5407008,36.7742104],[127.5409171,36.7742605],[127.5411838,36.7743219],[127.541267,36.7743476],[127.5413588,36.7743827],[127.5414776,36.7744272],[127.5414852,36.7744149],[127.5417916,36.7744867],[127.5420703,36.7745558],[127.5422973,36.7746124],[127.5425541,36.7746755],[127.5428357,36.7747431],[127.5428517,36.7747718],[127.5432023,36.7748247],[127.5436694,36.7749371],[127.5438342,36.7749669],[127.5442589,36.7750477],[127.5447316,36.7751504],[127.544909,36.7751997],[127.5449656,36.7752238],[127.5450239,36.7752487],[127.5451037,36.7752673],[127.5453154,36.7753162],[127.5452979,36.7753667],[127.5455896,36.7754425],[127.5457449,36.7754851],[127.5458873,36.775506],[127.5458878,36.7755116],[127.5458952,36.7756102],[127.5459725,36.7755763],[127.5461938,36.7756532],[127.5462741,36.775653],[127.5463782,36.7756531],[127.5464412,36.7756835],[127.5465295,36.775726],[127.5466736,36.7757496],[127.5467614,36.7757642],[127.5470381,36.7758094],[127.5472263,36.7758591],[127.5472675,36.7758704],[127.5476354,36.7760045],[127.5476854,36.7760197],[127.5481704,36.7761763],[127.548492,36.7762711],[127.5487548,36.7763498],[127.5487784,36.7763569],[127.5488893,36.7763598],[127.5489447,36.7763806],[127.548994,36.7763973],[127.5500529,36.7767559],[127.5501008,36.7767785],[127.5505652,36.7769286],[127.5511481,36.7771175],[127.551195,36.7771331],[127.5512527,36.7771522],[127.5512564,36.7771536],[127.551349,36.7771885],[127.5515268,36.7772475],[127.5520226,36.7774103],[127.5522033,36.777473],[127.5524623,36.7775654],[127.5525104,36.7775838],[127.5536233,36.7779554],[127.5536644,36.7779683],[127.5537206,36.7779853],[127.5544362,36.7782357],[127.5548291,36.7783708],[127.5548803,36.7783946],[127.5555551,36.7786234],[127.5560001,36.778772],[127.5563335,36.7788642],[127.5564369,36.77888],[127.5564969,36.7788869],[127.5565361,36.7788973],[127.5572378,36.7790864],[127.5573576,36.7791182],[127.557611,36.7791863],[127.5581265,36.7793243],[127.5581695,36.779342],[127.5584742,36.7794188],[127.558733,36.7794848],[127.5592356,36.7796269],[127.5592918,36.7796418],[127.559337,36.7796543],[127.5603916,36.7799487],[127.5604364,36.7799609],[127.560459,36.7799673],[127.5607245,36.7800252],[127.5612725,36.780167],[127.5626805,36.7804622],[127.5628476,36.7805107],[127.5630498,36.7806247],[127.563058,36.7806242],[127.5630601,36.7806306],[127.5637598,36.7810252],[127.5638863,36.781086],[127.5639352,36.7811283],[127.5646555,36.7814044],[127.5646831,36.781354],[127.5647307,36.7812552],[127.5647372,36.7811632],[127.5647638,36.78075],[127.5647684,36.7807318],[127.5647922,36.7803358],[127.5647957,36.7802623],[127.5646086,36.7802111],[127.5643873,36.7801551],[127.5640277,36.7799673],[127.5639109,36.7798981],[127.563602,36.7796915],[127.5635123,36.7796287],[127.5632668,36.7795071],[127.5630421,36.7793987],[127.563018,36.7793905],[127.5622878,36.7790973],[127.5622321,36.7790731],[127.5616567,36.7788445],[127.5610963,36.7786191],[127.5597908,36.7785594],[127.5594572,36.7785446],[127.5589565,36.7784017],[127.5585408,36.77829],[127.5581324,36.7782435],[127.5576746,36.7781952],[127.5576626,36.7781936],[127.5570874,36.7781264],[127.5561032,36.7778763],[127.5553561,36.7776941],[127.5552854,36.7776771],[127.5548999,36.7775126],[127.5542263,36.7772343],[127.5536521,36.7769804],[127.55309,36.7767407],[127.5529536,36.7766822],[127.5528201,36.7766184],[127.552407,36.7764329],[127.5521906,36.7763396],[127.551803,36.7760867],[127.5508823,36.7758172],[127.5508603,36.7758073],[127.5501879,36.7756152],[127.5501761,36.775612],[127.5501626,36.7756106],[127.550155,36.7756091],[127.5501446,36.7756035],[127.5496688,36.7754745],[127.548934,36.7753891],[127.5487582,36.7753682],[127.5484944,36.7753434],[127.5483221,36.7753171],[127.5480575,36.7752719],[127.5479855,36.7752575],[127.5476496,36.7752],[127.5475624,36.7751849],[127.5474108,36.7751572],[127.5473296,36.7751395],[127.5470055,36.7750475],[127.5468426,36.7750028],[127.54586,36.774735],[127.5454053,36.7746151],[127.5452636,36.7745807],[127.5449153,36.77451],[127.5447318,36.7744735],[127.5445875,36.7744479],[127.5444581,36.7744264],[127.5441948,36.7743858],[127.5440604,36.7743711],[127.5437248,36.7742733],[127.5435976,36.7742386],[127.5433182,36.774154],[127.5428857,36.7740319],[127.5426898,36.7739854],[127.5424643,36.7739785],[127.5422858,36.7739764],[127.5421502,36.7739773],[127.5419374,36.7739767],[127.5418356,36.7739506],[127.5417077,36.7739223],[127.5414992,36.7738575],[127.5412695,36.7737758],[127.5411826,36.7737472],[127.5409917,36.7736815],[127.5407173,36.7735885],[127.540445,36.7735157],[127.5403129,36.7734822],[127.5401246,36.7734486],[127.5399378,36.7734004],[127.5398074,36.7733677],[127.5397079,36.7733446],[127.5395788,36.7733211],[127.5394146,36.7732922],[127.5391859,36.7732529],[127.5389377,36.773206],[127.5388253,36.7731862],[127.5385076,36.7731366],[127.5381165,36.7730426],[127.5376362,36.7729192],[127.5372504,36.7728593],[127.5368249,36.7727998],[127.5365967,36.7727747],[127.5363227,36.7727408],[127.5361843,36.7727176],[127.5356557,36.772595],[127.53553,36.7725619],[127.5351806,36.7723694],[127.5349656,36.7722541],[127.534794,36.7721585],[127.5344991,36.7719925],[127.5342119,36.7717407],[127.5340697,36.771654],[127.5339469,36.7715827],[127.5338399,36.771519],[127.5338009,36.7715018],[127.5337308,36.7714699],[127.5334938,36.7713592],[127.5328362,36.7710454],[127.5323498,36.7708945],[127.5321267,36.7708292],[127.5320903,36.7708204],[127.5318237,36.7707568],[127.5314701,36.7706797],[127.531288,36.7706406],[127.5311239,36.7706033],[127.5309831,36.7705709],[127.5305949,36.7704809],[127.5304761,36.7704537],[127.5303982,36.7704432],[127.5301773,36.7704109],[127.5300829,36.7703969],[127.5300048,36.7703883],[127.5299521,36.7703818],[127.5297638,36.7703621],[127.5296298,36.7703489],[127.5291284,36.7703213],[127.5290166,36.7703153],[127.5286165,36.7702954],[127.528305,36.7702861],[127.528247,36.7702842],[127.527956,36.770276],[127.5277108,36.7702706],[127.5275554,36.7702676],[127.5274066,36.7702649],[127.5271586,36.7702544],[127.5270787,36.7702433],[127.5268302,36.7701761],[127.5264122,36.7700548],[127.525914,36.7699148],[127.5256041,36.769833],[127.525339,36.7698034],[127.5251098,36.7697807],[127.5249208,36.7697686],[127.5243556,36.7697414],[127.5242144,36.7697384],[127.5239656,36.7697375],[127.5237697,36.7697266],[127.5235086,36.7697109],[127.5233703,36.7697148],[127.5231623,36.7697201],[127.5228693,36.7697095],[127.5226173,36.7696695],[127.5225879,36.7696661],[127.5223862,36.769652],[127.5222286,36.7696413],[127.5220687,36.7696308],[127.5218285,36.7696191],[127.5216257,36.7696067],[127.5213242,36.7696035],[127.5211003,36.7695978],[127.5210937,36.7695968],[127.5208139,36.7695885],[127.5206984,36.7695879],[127.5206313,36.7695856],[127.5203389,36.7695596],[127.5202737,36.7695462],[127.5200934,36.7695019],[127.5198945,36.7694556],[127.5197224,36.7694206],[127.5195686,36.7693932],[127.5194561,36.7693761],[127.519192,36.7693603],[127.5190286,36.7693577],[127.5188675,36.7693538],[127.5186532,36.7693478],[127.5185892,36.7693403],[127.5184178,36.7693027],[127.5181273,36.7691615],[127.5179443,36.7690715],[127.5178502,36.7690355],[127.5178251,36.769029],[127.5178069,36.7690212],[127.5174392,36.7688834],[127.5174134,36.7688726],[127.5169924,36.7687405],[127.5169097,36.7687158],[127.5162266,36.7685545],[127.516018,36.7684968],[127.5158892,36.7685307],[127.5158535,36.7685426],[127.5157177,36.7685861],[127.51562,36.768615],[127.5155766,36.7686263],[127.5154864,36.7686459],[127.5153992,36.7686594],[127.5153456,36.7686614],[127.5153129,36.7686609],[127.5152581,36.7686557],[127.5151661,36.7686329],[127.5150687,36.7686044],[127.5149834,36.7685659],[127.5148307,36.7684863],[127.5145723,36.7683497],[127.5145413,36.7683355],[127.5144003,36.7682791],[127.5142948,36.76824],[127.5140052,36.768132],[127.5139326,36.768108],[127.5137783,36.7680544],[127.5136611,36.7680131],[127.5134151,36.7679321],[127.513036,36.7678101],[127.5129098,36.7677711],[127.5126153,36.7676792],[127.5124632,36.7676243],[127.5124364,36.767616],[127.5123651,36.7676022],[127.5122707,36.7675943],[127.5122079,36.7675919],[127.5118275,36.767602],[127.511602,36.7675671],[127.511447,36.7675389],[127.5112591,36.7675021],[127.5109958,36.7674508],[127.5107129,36.7673984],[127.5105916,36.7673745],[127.5104789,36.7673465],[127.5103538,36.7673139],[127.5100727,36.7671618]]]}},{"type":"Feature","properties":{"id":"regional:43760:보강천:4","candidate_rank":4,"segment_index":4,"admin_code":"43760","admin_name":"괴산군","river_name":"보강천","river_class":"regional","source_record_count":1,"latest_notice_date":"","area_m2":541904.89,"perimeter_m":13969.78,"width_proxy_m":77.58,"width_class":"wide","center_lon":127.6367369,"center_lat":36.8279155,"imagery_file_stem":"regional_04_43760"},"geometry":{"type":"Polygon","coordinates":[[[127.630267,36.8160722],[127.6302753,36.8160741],[127.6302859,36.8160766],[127.6303707,36.8160961],[127.6305883,36.8161852],[127.6307722,36.8162617],[127.6310343,36.8163496],[127.6311481,36.8164022],[127.631512,36.8165213],[127.6316651,36.8166462],[127.6316993,36.81669],[127.6317686,36.8167148],[127.6318191,36.8167339],[127.6319137,36.8168543],[127.632042,36.8170598],[127.6321639,36.8172525],[127.6322278,36.8173554],[127.6322125,36.8174018],[127.6322012,36.8175284],[127.6322078,36.8176819],[127.6322825,36.8178782],[127.6323234,36.8179349],[127.6323557,36.8179794],[127.6323917,36.8180406],[127.6323962,36.8180483],[127.632481,36.8183841],[127.6324926,36.8184077],[127.6326635,36.8187586],[127.632673,36.8187552],[127.6327497,36.8187317],[127.6327845,36.8189493],[127.6328072,36.8191719],[127.6328154,36.8193936],[127.6328127,36.8194543],[127.6327871,36.8194609],[127.6327756,36.8196178],[127.6327728,36.8197529],[127.6327691,36.8198099],[127.6327544,36.8203567],[127.6327403,36.8205357],[127.6327364,36.8205943],[127.6327408,36.8208848],[127.6327451,36.8210241],[127.6327599,36.8212312],[127.6327953,36.8214691],[127.6327982,36.8215183],[127.6327995,36.8215402],[127.6328246,36.8216349],[127.6328797,36.8218857],[127.6330336,36.8224217],[127.6330668,36.8224764],[127.6331207,36.8226013],[127.6331834,36.8227281],[127.6332891,36.8229188],[127.6333264,36.8229659],[127.6333607,36.8230251],[127.6333791,36.8230569],[127.6339066,36.8237102],[127.6339748,36.8237667],[127.6341354,36.8239968],[127.6343045,36.8242969],[127.634419,36.8245608],[127.6344505,36.8246129],[127.6344634,36.8246345],[127.6345131,36.8247354],[127.6345668,36.8248841],[127.6346684,36.8251335],[127.6347149,36.825314],[127.634783,36.8255165],[127.634781,36.825549],[127.6348103,36.8255995],[127.6348717,36.8257316],[127.6351201,36.8261539],[127.6352873,36.8263823],[127.6353226,36.8264304],[127.6353567,36.8264582],[127.6354038,36.8265263],[127.6355706,36.8267537],[127.6359167,36.8272712],[127.635938,36.827324],[127.6364487,36.8282682],[127.6364746,36.8283133],[127.6364795,36.8283424],[127.6368922,36.828975],[127.6369876,36.8289919],[127.6370188,36.8290372],[127.6370988,36.8291863],[127.6372261,36.8291451],[127.6373029,36.8291977],[127.6382002,36.8298749],[127.6382348,36.8298975],[127.6382765,36.8299287],[127.6384536,36.8300644],[127.6387284,36.8302915],[127.6388006,36.8303359],[127.6391187,36.8304717],[127.6391753,36.8304893],[127.6391993,36.8305075],[127.6393153,36.830646],[127.6394771,36.8308311],[127.6395185,36.8309415],[127.6395369,36.8310921],[127.6395536,36.8312286],[127.6396092,36.8312281],[127.6395504,36.830854],[127.639643,36.8308091],[127.6398393,36.8307935],[127.6398982,36.8307019],[127.6399146,36.8306967],[127.6402425,36.8307763],[127.6403034,36.8307936],[127.6406219,36.8308841],[127.6407692,36.830926],[127.6409442,36.83099],[127.641257,36.8311044],[127.6414309,36.831168],[127.6413932,36.8312381],[127.6415193,36.8312789],[127.6416204,36.8313117],[127.6418261,36.8313783],[127.6421351,36.8314783],[127.6421442,36.8314813],[127.6424174,36.8315968],[127.6424391,36.8316059],[127.6425993,36.8316729],[127.6427379,36.8317309],[127.643046,36.8318597],[127.6433334,36.8319809],[127.6432431,36.8320418],[127.6432366,36.8320843],[127.6432704,36.8321132],[127.6432726,36.8321092],[127.6432898,36.8320783],[127.6434466,36.8321552],[127.6435122,36.8321803],[127.6435383,36.8321902],[127.6435429,36.8321777],[127.6435545,36.8321362],[127.6435603,36.8321156],[127.6435647,36.8321002],[127.6436201,36.8321191],[127.6436463,36.832128],[127.6436575,36.8321084],[127.6437306,36.8321217],[127.6438531,36.8321479],[127.6440328,36.8321878],[127.6442124,36.8322295],[127.6442162,36.8322305],[127.644295,36.8322605],[127.6443182,36.83227],[127.6445574,36.8323672],[127.6446923,36.8324218],[127.6448018,36.832456],[127.645065,36.832558],[127.6452135,36.8326016],[127.6454998,36.83278],[127.6457474,36.8329892],[127.6458582,36.8330928],[127.6460007,36.8332543],[127.6461342,36.8333786],[127.6463392,36.8335434],[127.6462909,36.8335465],[127.6462711,36.8335545],[127.6462712,36.8335562],[127.6462712,36.833559],[127.6463387,36.833623],[127.6464537,36.8336846],[127.6465152,36.8337495],[127.646545,36.8337897],[127.6466689,36.8339573],[127.6467759,36.8340543],[127.6468699,36.8339874],[127.6468797,36.8340303],[127.6468997,36.8340734],[127.6472458,36.8344428],[127.6472519,36.8344481],[127.6473165,36.8345213],[127.6477731,36.8349534],[127.6477488,36.8349789],[127.6479094,36.8351138],[127.6481161,36.8353349],[127.6481199,36.8353546],[127.6481609,36.8353729],[127.648328,36.8355378],[127.6483698,36.8355763],[127.6484656,36.8356696],[127.6487697,36.8359344],[127.6491541,36.8362581],[127.6491837,36.8362673],[127.6494409,36.8364525],[127.6496152,36.8365792],[127.6496902,36.8366307],[127.6497205,36.8366347],[127.6499591,36.836796],[127.6499979,36.836809],[127.6502148,36.8369609],[127.6504713,36.8371336],[127.6506194,36.837229],[127.6507363,36.8372973],[127.6509654,36.8373965],[127.651053,36.837444],[127.6511069,36.8374665],[127.6511513,36.8374978],[127.6512471,36.8375656],[127.6513417,36.837628],[127.6514283,36.8376852],[127.651484,36.8377094],[127.6515413,36.8378052],[127.6515539,36.8378552],[127.6515556,36.8378622],[127.6515786,36.8379536],[127.6515972,36.8380431],[127.6516014,36.8380638],[127.6516546,36.8380665],[127.6516895,36.8379715],[127.6516959,36.8378575],[127.6516755,36.8377881],[127.6516294,36.8377402],[127.6516165,36.8377274],[127.6515357,36.8375553],[127.65163,36.8375614],[127.6517679,36.8375758],[127.6518151,36.8375667],[127.6518296,36.8375675],[127.6518558,36.8375589],[127.6518691,36.8375543],[127.6519373,36.8375312],[127.6519727,36.8374617],[127.6520071,36.8374401],[127.6520448,36.8374561],[127.6520498,36.8374596],[127.6521014,36.837495],[127.6522324,36.8375633],[127.6522749,36.837567],[127.6523815,36.8374963],[127.6524424,36.837456],[127.6525584,36.8373902],[127.652568,36.8373846],[127.6525887,36.8373718],[127.6524802,36.8372417],[127.6527077,36.8371162],[127.6527757,36.8370932],[127.6528252,36.837064],[127.652798,36.8370409],[127.6532334,36.836836],[127.653249,36.8368301],[127.6533127,36.8368058],[127.6533273,36.8367889],[127.6533323,36.8367264],[127.653382,36.8366392],[127.653405,36.8365968],[127.6534206,36.8365784],[127.6534357,36.83657],[127.6535584,36.8365084],[127.6536028,36.8364843],[127.6537346,36.8364147],[127.6538847,36.8363347],[127.6540233,36.8362613],[127.6540923,36.836227],[127.6541858,36.8361836],[127.654304,36.8361283],[127.6544746,36.836049],[127.6546355,36.8359711],[127.6547924,36.8359431],[127.6547941,36.8359445],[127.6548092,36.8360332],[127.6548445,36.836243],[127.6548576,36.8362551],[127.6548694,36.8362701],[127.6548769,36.8362836],[127.6548773,36.8362865],[127.6548291,36.8363173],[127.6548052,36.8363344],[127.654716,36.8363921],[127.6545357,36.8365057],[127.6544881,36.8365374],[127.6544632,36.8365569],[127.6544376,36.836582],[127.6544174,36.8366081],[127.6544054,36.8366288],[127.6543946,36.8366524],[127.6543847,36.8366817],[127.6543746,36.8367239],[127.6543582,36.8368119],[127.6543223,36.8370206],[127.6540623,36.8384704],[127.654054,36.8385243],[127.6540234,36.8387032],[127.6540008,36.8388331],[127.6539863,36.8389273],[127.6539705,36.8390214],[127.6539692,36.8390495],[127.6539736,36.8390636],[127.6539818,36.8390747],[127.6539978,36.8390884],[127.6540164,36.8391014],[127.654042,36.8391142],[127.6540787,36.839127],[127.6541879,36.8391675],[127.6542037,36.8391736],[127.6542081,36.8391745],[127.6542249,36.8391715],[127.6542534,36.8391827],[127.6542613,36.8391856],[127.6542614,36.8391857],[127.6542621,36.8391861],[127.6542623,36.8391864],[127.6542833,36.8392027],[127.6542838,36.8392041],[127.6542845,36.8392053],[127.6542855,36.839206],[127.6542884,36.8392071],[127.6543214,36.8392142],[127.6543403,36.839219],[127.6543472,36.8392218],[127.6543488,36.8392229],[127.6543563,36.8392293],[127.6543653,36.839238],[127.6543672,36.8392395],[127.6543736,36.8392418],[127.6543745,36.8392425],[127.6544143,36.8392524],[127.6544325,36.8392567],[127.6545739,36.8392866],[127.654586,36.8392845],[127.6546561,36.8392693],[127.6546961,36.8393069],[127.654715,36.8393536],[127.6547119,36.8393997],[127.6547243,36.8394774],[127.654758,36.8395273],[127.6548875,36.8395567],[127.6549981,36.8395987],[127.6550685,36.8395843],[127.6551205,36.8395501],[127.6551856,36.839564],[127.655214,36.8395827],[127.6552294,36.8395991],[127.6553681,36.8396032],[127.655367,36.8395279],[127.6554189,36.8393867],[127.65552,36.8391116],[127.6556936,36.8390373],[127.6559047,36.8390835],[127.6563368,36.8393728],[127.6564009,36.8393952],[127.6567013,36.8395156],[127.6567027,36.8395237],[127.6567734,36.8394916],[127.6568448,36.8395262],[127.6568472,36.8396378],[127.6572756,36.8397269],[127.6573294,36.8396746],[127.6573668,36.8397458],[127.657355,36.8398128],[127.6574361,36.839765],[127.6574556,36.839711],[127.6580563,36.8398039],[127.658279,36.8398954],[127.6582739,36.8398809],[127.6583277,36.8398977],[127.6583535,36.839908],[127.6585201,36.8400137],[127.6585345,36.8400275],[127.6585414,36.840049],[127.6585415,36.840108],[127.6585812,36.8401615],[127.658602,36.8401657],[127.6587599,36.8402452],[127.6588212,36.840276],[127.6588898,36.8403176],[127.6589106,36.8403301],[127.6589235,36.8403297],[127.6589391,36.8403214],[127.6589584,36.8403111],[127.6589948,36.8402905],[127.6591011,36.8402323],[127.6591484,36.8402028],[127.659176,36.8401837],[127.659235,36.8401383],[127.659257,36.8401219],[127.6592671,36.8401159],[127.6592739,36.8401134],[127.6592797,36.8401125],[127.6592854,36.8401131],[127.6592921,36.8401155],[127.6593021,36.8401212],[127.6593334,36.8401432],[127.6594442,36.840225],[127.6594716,36.8401925],[127.6595385,36.8401108],[127.6595678,36.8400749],[127.6595919,36.8400487],[127.6596127,36.8400291],[127.6596459,36.8400014],[127.6597461,36.8399218],[127.6597976,36.8398818],[127.6598695,36.8398255],[127.6598803,36.8398171],[127.659926,36.8397804],[127.6599533,36.8397586],[127.6599885,36.839729],[127.6600183,36.8396993],[127.660065,36.8396466],[127.6601104,36.8395967],[127.6601488,36.8395536],[127.6601466,36.8395382],[127.660136,36.8394792],[127.660128,36.8394681],[127.6601237,36.8394595],[127.6601211,36.8394508],[127.6601202,36.839439],[127.660142,36.8393598],[127.6601651,36.8393165],[127.6601673,36.8393025],[127.6601702,36.8392962],[127.6601725,36.8392884],[127.6601681,36.8392578],[127.6601472,36.8391216],[127.6601381,36.8390969],[127.6601234,36.8390501],[127.6601158,36.8389914],[127.6601084,36.8389578],[127.6601051,36.8389479],[127.6601021,36.8389416],[127.6601022,36.8389373],[127.6601108,36.8389194],[127.6601226,36.8388954],[127.6601239,36.8388901],[127.6601231,36.8388877],[127.6601197,36.8388853],[127.6600918,36.8388736],[127.6600515,36.8388574],[127.6600431,36.8388532],[127.660039,36.8388499],[127.6600337,36.8388425],[127.6600301,36.8388344],[127.6600245,36.8388143],[127.6600196,36.8387879],[127.6600178,36.838767],[127.6600185,36.8387549],[127.6600208,36.8387493],[127.6600242,36.8387463],[127.6600365,36.83874],[127.6600572,36.8387318],[127.6600741,36.8387234],[127.6602874,36.8385874],[127.6603705,36.8385062],[127.660381,36.8384903],[127.6603829,36.8384724],[127.6603815,36.8384666],[127.6602782,36.8381366],[127.6602772,36.8381185],[127.6603062,36.8379716],[127.6603052,36.8379536],[127.6602955,36.8379373],[127.6602856,36.8379292],[127.6602378,36.8378989],[127.6601695,36.8378844],[127.6601622,36.8378827],[127.6601519,36.837881],[127.660089,36.8378729],[127.6600776,36.8378718],[127.6600569,36.8378724],[127.6600427,36.8378744],[127.6599828,36.8378841],[127.6599748,36.8378843],[127.659968,36.8378853],[127.659947,36.8378904],[127.6599395,36.8378933],[127.6599057,36.8379053],[127.6598438,36.8379358],[127.6597763,36.8379613],[127.6597653,36.8379671],[127.6597557,36.8379714],[127.659716,36.8379852],[127.6597024,36.8379887],[127.6596612,36.8379994],[127.6596232,36.8380055],[127.6595698,36.8380094],[127.6595588,36.83801],[127.6595419,36.8380091],[127.6594697,36.838004],[127.6594194,36.8379979],[127.6593951,36.8379928],[127.6593817,36.8379878],[127.6593038,36.8379075],[127.6591916,36.8378585],[127.6591449,36.8378668],[127.6591055,36.8378503],[127.6590979,36.8378496],[127.6590771,36.837846],[127.6590335,36.8378448],[127.6590123,36.8378421],[127.6590031,36.8378418],[127.6589951,36.8378408],[127.6589281,36.8378324],[127.6589003,36.8378252],[127.658873,36.837816],[127.6588565,36.837808],[127.6588486,36.8378035],[127.6588273,36.8377876],[127.6588164,36.837777],[127.6587544,36.8377108],[127.6587084,36.8376654],[127.6586987,36.8376577],[127.6586644,36.8376299],[127.6586461,36.8376144],[127.658627,36.8376018],[127.6585788,36.8375655],[127.658569,36.8375567],[127.6585231,36.8375152],[127.6584817,36.8374738],[127.6584707,36.8374622],[127.658458,36.8374452],[127.6584493,36.8374299],[127.6584458,36.8374212],[127.6584406,36.8374011],[127.6584383,36.8373781],[127.6584388,36.8373511],[127.6584431,36.8373334],[127.658444,36.8373181],[127.6584596,36.8372614],[127.6584621,36.8372545],[127.6584671,36.8372453],[127.6584752,36.8372288],[127.6584873,36.8372113],[127.6584996,36.8371999],[127.6585069,36.8371938],[127.6585845,36.8371431],[127.6585944,36.8371364],[127.6586181,36.8371178],[127.6586307,36.8371058],[127.6586351,36.8371015],[127.6586427,36.8370913],[127.6586443,36.8370864],[127.65865,36.8370657],[127.6586511,36.8370575],[127.6586516,36.8370331],[127.6586508,36.8370268],[127.6586429,36.8369956],[127.6586197,36.836921],[127.6586141,36.8368964],[127.6586125,36.8368884],[127.6586107,36.8368656],[127.6586106,36.8368548],[127.6586135,36.8368348],[127.6586213,36.8368092],[127.6586256,36.8367999],[127.6586342,36.8367866],[127.6586431,36.8367783],[127.6586532,36.8367723],[127.6586599,36.83677],[127.658668,36.8367686],[127.6586717,36.8367673],[127.6586893,36.8367663],[127.6587032,36.8367674],[127.6587178,36.8367705],[127.6587223,36.8367723],[127.658739,36.8367794],[127.6587662,36.8367971],[127.6587863,36.8368077],[127.6588251,36.8368389],[127.658834,36.8368466],[127.6588462,36.8368602],[127.6588781,36.8368917],[127.658887,36.8368994],[127.6588918,36.8369024],[127.658931,36.8369246],[127.6589375,36.8369287],[127.6589742,36.8369544],[127.6589895,36.8369649],[127.6590044,36.8369845],[127.6590234,36.8369961],[127.6590309,36.8369896],[127.6590385,36.8369936],[127.6590472,36.8369964],[127.6591038,36.8370141],[127.6591374,36.8370226],[127.6591512,36.8370243],[127.6591539,36.837024],[127.6591612,36.8370211],[127.6591758,36.8370156],[127.6591836,36.8370116],[127.6591864,36.8370094],[127.6591915,36.8370029],[127.6591987,36.8369947],[127.6592249,36.8369673],[127.6592287,36.8369396],[127.6592312,36.8369344],[127.6592402,36.8369015],[127.6592504,36.8368663],[127.6592564,36.8368467],[127.6592596,36.8368412],[127.6592634,36.836837],[127.6592702,36.8368216],[127.6592852,36.8367824],[127.6592832,36.8367693],[127.6596412,36.8364567],[127.6596061,36.836455],[127.6595927,36.836465],[127.6596006,36.8364187],[127.6597625,36.8361923],[127.6597448,36.8360377],[127.6597653,36.83604],[127.659779,36.836],[127.6598819,36.8358741],[127.6599294,36.8357739],[127.6597966,36.8358128],[127.6597537,36.8358254],[127.65974,36.8358132],[127.6597182,36.8357938],[127.6595064,36.8356096],[127.6593927,36.8355503],[127.6593259,36.8354454],[127.6592849,36.8353792],[127.6595459,36.8349832],[127.659575,36.8349287],[127.6595718,36.8349237],[127.6596578,36.8347846],[127.6597099,36.8347124],[127.659709,36.8347114],[127.6597122,36.8347092],[127.6602205,36.8340041],[127.6607401,36.8333386],[127.6608885,36.8332496],[127.6610198,36.8331801],[127.6612498,36.8330539],[127.6612948,36.8330206],[127.6614208,36.8329278],[127.6615497,36.8328452],[127.6616014,36.8328128],[127.661765,36.8326941],[127.6618059,36.8326758],[127.661946,36.8326132],[127.6619974,36.8325873],[127.6620122,36.8325791],[127.6621345,36.8325691],[127.6622288,36.8325393],[127.6624004,36.8325067],[127.6625291,36.8324819],[127.6626747,36.832435],[127.6628199,36.8323598],[127.66304,36.8322125],[127.663114,36.8321722],[127.6633391,36.8321478],[127.6635038,36.832143],[127.6637643,36.8321508],[127.6638771,36.8321616],[127.663884,36.8321622],[127.6638952,36.832163],[127.6639064,36.8321636],[127.6639176,36.832164],[127.6639288,36.8321642],[127.66394,36.8321641],[127.6639512,36.8321639],[127.6639624,36.8321634],[127.6639736,36.8321627],[127.6639847,36.8321618],[127.6639958,36.8321606],[127.6640069,36.8321593],[127.664018,36.8321577],[127.6640289,36.8321559],[127.6640399,36.8321539],[127.6640507,36.8321517],[127.6640615,36.8321493],[127.6640723,36.8321467],[127.6640829,36.8321439],[127.6640935,36.8321408],[127.6641039,36.8321376],[127.6641143,36.8321341],[127.6641245,36.8321305],[127.6641347,36.8321266],[127.6641447,36.8321226],[127.6641546,36.8321184],[127.6641643,36.8321139],[127.664174,36.8321093],[127.6641835,36.8321045],[127.6641928,36.8320995],[127.664202,36.8320944],[127.664211,36.832089],[127.6642199,36.8320835],[127.6642259,36.8320796],[127.6642345,36.8320738],[127.6642429,36.8320678],[127.6642511,36.8320617],[127.6642592,36.8320554],[127.664267,36.832049],[127.6642747,36.8320424],[127.6642821,36.8320357],[127.6642894,36.8320288],[127.6642964,36.8320218],[127.6643032,36.8320146],[127.6643098,36.8320073],[127.6643162,36.8319999],[127.6643224,36.8319924],[127.6643283,36.8319848],[127.664334,36.831977],[127.6643395,36.8319691],[127.6645071,36.8317209],[127.6645449,36.8316869],[127.6646313,36.8315893],[127.6646468,36.8315689],[127.6646499,36.8315663],[127.6646659,36.8315537],[127.6646822,36.8315413],[127.6646987,36.8315291],[127.6647155,36.8315171],[127.6647326,36.8315054],[127.6647498,36.8314939],[127.6647674,36.8314827],[127.6647851,36.8314717],[127.6648031,36.8314609],[127.6648213,36.8314504],[127.6648397,36.8314402],[127.6648584,36.8314301],[127.6648673,36.8314255],[127.6663091,36.8307416],[127.6672719,36.83028],[127.6682294,36.8298012],[127.6684593,36.8296815],[127.6684799,36.8296744],[127.6685009,36.829668],[127.6685222,36.8296623],[127.6685437,36.8296573],[127.6685655,36.8296531],[127.6685875,36.8296495],[127.6686096,36.8296467],[127.6686319,36.8296446],[127.6686542,36.8296433],[127.6686766,36.8296427],[127.668699,36.8296428],[127.6687214,36.8296437],[127.6687438,36.8296453],[127.668766,36.8296476],[127.6687881,36.8296507],[127.66881,36.8296546],[127.6688317,36.8296591],[127.6688531,36.8296643],[127.6688743,36.8296703],[127.6688951,36.8296769],[127.6689156,36.8296843],[127.6689357,36.8296923],[127.6689553,36.8297009],[127.6689745,36.8297103],[127.6689932,36.8297202],[127.6690097,36.8297297],[127.6692802,36.8299569],[127.6692958,36.8299697],[127.6693117,36.8299824],[127.6693278,36.829995],[127.6693442,36.8300073],[127.6693607,36.8300195],[127.6693774,36.8300315],[127.6693943,36.8300433],[127.6694114,36.830055],[127.6694288,36.8300664],[127.6694463,36.8300777],[127.669464,36.8300887],[127.6694819,36.8300996],[127.6694999,36.8301103],[127.6695182,36.8301207],[127.6695366,36.830131],[127.6695552,36.8301411],[127.6695739,36.830151],[127.6695928,36.8301606],[127.6696119,36.8301701],[127.6696312,36.8301793],[127.6696506,36.8301884],[127.6696701,36.8301972],[127.6696898,36.8302058],[127.6697096,36.8302142],[127.6697296,36.8302224],[127.6697497,36.8302303],[127.66977,36.8302381],[127.6697903,36.8302456],[127.6698108,36.8302529],[127.6698116,36.8302532],[127.6699346,36.8302914],[127.6700926,36.8303426],[127.6701246,36.8303722],[127.6701904,36.830429],[127.6702819,36.8305343],[127.6703435,36.8305866],[127.6704083,36.8306278],[127.6704769,36.8307056],[127.6705256,36.8308187],[127.670558,36.8308718],[127.6705664,36.8308681],[127.6705711,36.8308866],[127.6706079,36.8309223],[127.6706366,36.8309406],[127.6706517,36.8309507],[127.6706943,36.8309717],[127.6707186,36.8309898],[127.6707376,36.8310103],[127.67075,36.8310298],[127.6707812,36.8310586],[127.6708668,36.8311346],[127.6709334,36.8312231],[127.6709811,36.8312657],[127.6711687,36.8313304],[127.6713146,36.8313474],[127.6715562,36.8313588],[127.6716506,36.8313814],[127.6717626,36.8315262],[127.6718562,36.8316942],[127.671963,36.8318591],[127.6720314,36.8319396],[127.6720749,36.831978],[127.6721107,36.8320077],[127.6721614,36.8320659],[127.67219,36.8320956],[127.6722192,36.8321033],[127.6722894,36.8320827],[127.6723788,36.8320452],[127.6724644,36.8320226],[127.6725103,36.8320223],[127.6725244,36.8320327],[127.6725731,36.8320525],[127.6726459,36.8320502],[127.6726674,36.8320156],[127.672714,36.8319128],[127.6727136,36.8318386],[127.6726978,36.8317878],[127.6726302,36.8317283],[127.6725134,36.8316977],[127.6724774,36.8316557],[127.6724367,36.8316337],[127.6723988,36.8316158],[127.6723821,36.8315995],[127.6723665,36.8315733],[127.6723199,36.8314941],[127.6722598,36.8314226],[127.6721544,36.8313339],[127.6720324,36.831173],[127.671958,36.8310961],[127.6718399,36.8310134],[127.6717812,36.8309842],[127.6716843,36.8309014],[127.6716425,36.8308161],[127.6716563,36.8306952],[127.6716341,36.8305737],[127.6716188,36.8305294],[127.6715536,36.8304766],[127.6715139,36.8304446],[127.671452,36.8304163],[127.6713092,36.8304147],[127.6712257,36.8303895],[127.6712115,36.8303722],[127.6711989,36.8303231],[127.6711674,36.8302886],[127.6711524,36.8302621],[127.6711473,36.830243],[127.6710634,36.8301869],[127.6709158,36.8301731],[127.670657,36.8302235],[127.6704525,36.8302316],[127.6703862,36.8301915],[127.6702216,36.830069],[127.6701061,36.8300091],[127.6700801,36.83],[127.6700095,36.8299903],[127.6699531,36.8299792],[127.6699012,36.8299651],[127.6697219,36.8298907],[127.6695972,36.8298233],[127.6694383,36.8297209],[127.6693072,36.8296413],[127.6692119,36.8295642],[127.669201,36.8295491],[127.6691749,36.8294942],[127.6691675,36.8294387],[127.6691442,36.82943],[127.6691163,36.8294348],[127.6690734,36.8294397],[127.6690564,36.8294249],[127.669048,36.829396],[127.6690404,36.8293816],[127.6690003,36.8293856],[127.668968,36.8293979],[127.6689163,36.8293703],[127.6687058,36.8292788],[127.6685422,36.8292744],[127.6683862,36.8293171],[127.6682296,36.8293599],[127.6679947,36.8294339],[127.6678637,36.8295173],[127.667681,36.8295905],[127.6675494,36.8296896],[127.6673918,36.8298024],[127.6673875,36.8298],[127.6670393,36.8299759],[127.6660833,36.8304463],[127.6653565,36.8308426],[127.6653204,36.8308101],[127.6652171,36.8309187],[127.6651547,36.8309527],[127.6647085,36.8310778],[127.6645578,36.8311518],[127.6642209,36.8315512],[127.6641108,36.831643],[127.6639606,36.8317682],[127.6639533,36.831774],[127.663945,36.83178],[127.6639363,36.8317857],[127.6639273,36.831791],[127.6639179,36.831796],[127.6639082,36.8318006],[127.6638983,36.8318047],[127.6638881,36.8318085],[127.6638777,36.8318119],[127.6638671,36.8318148],[127.6638564,36.8318173],[127.6638455,36.8318194],[127.6638345,36.8318211],[127.6638233,36.8318223],[127.6638122,36.831823],[127.663801,36.8318233],[127.6637898,36.8318231],[127.6637786,36.8318225],[127.6636148,36.8318104],[127.6633076,36.8317869],[127.6632852,36.8317855],[127.6632628,36.8317848],[127.6632404,36.8317848],[127.663218,36.8317855],[127.6631957,36.8317869],[127.6631734,36.8317889],[127.6631512,36.8317916],[127.6631292,36.831795],[127.6631073,36.831799],[127.6630857,36.8318037],[127.6630643,36.8318091],[127.6630431,36.831815],[127.6630223,36.8318217],[127.6630018,36.8318289],[127.6629816,36.8318368],[127.6629618,36.8318453],[127.6629425,36.8318544],[127.6629235,36.831864],[127.6629221,36.8318648],[127.6624166,36.8321266],[127.6621925,36.8321815],[127.6617581,36.8322771],[127.6617368,36.8322825],[127.6617155,36.8322883],[127.6616944,36.8322943],[127.6616734,36.8323006],[127.6616525,36.8323073],[127.6616318,36.8323142],[127.6616113,36.8323214],[127.6615909,36.8323289],[127.6615707,36.8323367],[127.6615506,36.8323447],[127.6615308,36.8323531],[127.6615111,36.8323617],[127.6614916,36.8323706],[127.6614723,36.8323798],[127.6614532,36.8323892],[127.6614343,36.832399],[127.6614157,36.8324089],[127.6613972,36.8324192],[127.661379,36.8324297],[127.661361,36.8324405],[127.6613433,36.8324515],[127.6613428,36.8324518],[127.660596,36.8329369],[127.6605806,36.8329469],[127.6605229,36.8329583],[127.6604838,36.8329919],[127.6604489,36.8329678],[127.6603786,36.8330046],[127.6603148,36.8330615],[127.6602687,36.8331644],[127.6599742,36.8331955],[127.6598904,36.8332127],[127.6597739,36.833335],[127.6597066,36.833405],[127.6596478,36.8334786],[127.6595538,36.8336109],[127.6595315,36.8336699],[127.6595319,36.8337504],[127.6595571,36.8338347],[127.659592,36.8338655],[127.6596564,36.8338721],[127.6596643,36.8338953],[127.6596764,36.8339841],[127.6597161,36.8340027],[127.6597123,36.8340379],[127.6596417,36.8341155],[127.6596122,36.834166],[127.6596172,36.8341898],[127.6592973,36.8346338],[127.6592505,36.8347054],[127.659215,36.8347172],[127.6591398,36.8347191],[127.6590076,36.8347223],[127.6588067,36.8348976],[127.6586802,36.8350732],[127.6586036,36.8351064],[127.658609,36.8351572],[127.6585228,36.8351956],[127.6584643,36.8352608],[127.6584327,36.835288],[127.6582748,36.8353928],[127.6580733,36.8354605],[127.6577832,36.8355234],[127.6576446,36.835501],[127.6575275,36.835482],[127.6574263,36.8354407],[127.6573817,36.8355144],[127.6572324,36.835624],[127.6572035,36.8356511],[127.6571562,36.8356472],[127.6571486,36.8356453],[127.6571167,36.8356338],[127.6570787,36.8356171],[127.6570533,36.8356038],[127.6570167,36.8355812],[127.6569893,36.8355602],[127.6569687,36.8355377],[127.6569655,36.8355308],[127.6569621,36.8355258],[127.656956,36.8355074],[127.6569517,36.835486],[127.6569505,36.8354771],[127.6569484,36.8354059],[127.6569411,36.8353818],[127.6569253,36.8353646],[127.656911,36.8353339],[127.6569092,36.8353317],[127.6568932,36.8353018],[127.6568815,36.8352846],[127.6568734,36.8352763],[127.6568571,36.8352654],[127.6568552,36.8352645],[127.6568335,36.835255],[127.6568186,36.8352508],[127.6568025,36.8352484],[127.6567794,36.8352474],[127.6567358,36.8352486],[127.6567155,36.8352504],[127.6567137,36.835251],[127.656696,36.8352555],[127.6566816,36.8352602],[127.6566602,36.8352707],[127.6566388,36.8352827],[127.6565942,36.8353085],[127.6565511,36.8353316],[127.6565367,36.8353373],[127.6565164,36.8353506],[127.6564997,36.8353619],[127.6564852,36.8353718],[127.656471,36.8353746],[127.6564334,36.8353672],[127.6562905,36.8354093],[127.6557316,36.8357398],[127.6553261,36.8359993],[127.6553169,36.8359942],[127.6552817,36.8359598],[127.6552292,36.835946],[127.6549946,36.8358753],[127.654918,36.835849],[127.6548971,36.8358297],[127.6548575,36.8357905],[127.6548301,36.8357593],[127.6548116,36.8357411],[127.6547886,36.8357255],[127.6547671,36.8357143],[127.6547476,36.8357077],[127.6547213,36.8357017],[127.6546973,36.8356993],[127.6546781,36.8357003],[127.6546592,36.8357031],[127.654637,36.8357092],[127.6546167,36.8357163],[127.6546048,36.8357224],[127.6545933,36.8357338],[127.6545605,36.8357685],[127.6545021,36.8358304],[127.6543878,36.8359187],[127.6543449,36.8359518],[127.6542472,36.8360087],[127.654232,36.8360175],[127.6541011,36.8360932],[127.6540589,36.8361235],[127.6540446,36.8361257],[127.6539255,36.8361941],[127.6537745,36.8362812],[127.6536206,36.8363692],[127.6535423,36.8364108],[127.6534989,36.8364342],[127.6534058,36.8364887],[127.6533534,36.8365196],[127.6532309,36.836527],[127.6532298,36.8365275],[127.6532207,36.8365281],[127.6531693,36.836531],[127.6531543,36.8365142],[127.6531506,36.8365084],[127.6531434,36.8365109],[127.6530572,36.8365451],[127.6530367,36.8365535],[127.6528963,36.8366121],[127.6528143,36.8366473],[127.6527172,36.8366927],[127.6526093,36.8367459],[127.6524712,36.8368155],[127.6524391,36.836821],[127.6524285,36.836827],[127.6519614,36.8370185],[127.6516493,36.8370744],[127.6512674,36.8370424],[127.6512755,36.8369691],[127.6512207,36.836946],[127.6511639,36.8369323],[127.6509939,36.8368364],[127.6508258,36.8367544],[127.6500639,36.836244],[127.6500813,36.836093],[127.649967,36.8361704],[127.6496476,36.8359506],[127.6492312,36.835637],[127.6494088,36.8355407],[127.6493737,36.8355172],[127.6492457,36.8354312],[127.6492426,36.8354291],[127.6490993,36.8355193],[127.6488609,36.8353048],[127.6485179,36.8349708],[127.6484098,36.8348545],[127.6484596,36.8348135],[127.6484503,36.8348042],[127.6484094,36.8347633],[127.648357,36.8347888],[127.6478512,36.8342171],[127.6477122,36.8340954],[127.6478163,36.8340088],[127.6478087,36.8340017],[127.6477605,36.8339253],[127.6477563,36.8339228],[127.6477304,36.8339399],[127.647604,36.8340236],[127.6471388,36.8335488],[127.6467358,36.8330837],[127.6467645,36.8330608],[127.6467402,36.8330388],[127.6467392,36.8330378],[127.6466679,36.832973],[127.6470745,36.8326856],[127.6470764,36.8326816],[127.6466021,36.8329579],[127.6463622,36.8327215],[127.6463545,36.8327157],[127.6460298,36.83247],[127.6457201,36.8322468],[127.6457906,36.8320036],[127.6457935,36.8319935],[127.6457474,36.8319685],[127.6456759,36.8322226],[127.6456208,36.8321939],[127.6453477,36.8320879],[127.6449484,36.831933],[127.6447833,36.831869],[127.6445914,36.8317958],[127.6445469,36.8317797],[127.6440891,36.8316144],[127.6440834,36.8316124],[127.6436814,36.8314441],[127.6437227,36.8313801],[127.6437239,36.8313787],[127.6438136,36.8313234],[127.6439406,36.8313351],[127.6442137,36.8313918],[127.6442639,36.8313945],[127.6442935,36.8313728],[127.6446994,36.8314551],[127.644732,36.8314613],[127.6448734,36.8314897],[127.6451068,36.8316093],[127.6451286,36.831621],[127.6452026,36.83166],[127.6452437,36.8316826],[127.6449957,36.831528],[127.6449391,36.8314928],[127.6447955,36.8314607],[127.644559,36.8314068],[127.6443465,36.8313579],[127.6443141,36.8313502],[127.6440749,36.8312936],[127.6439156,36.831256],[127.643847,36.8312427],[127.6437914,36.831232],[127.6437734,36.8312506],[127.6437259,36.8312995],[127.6437066,36.8313016],[127.6436853,36.8313099],[127.6435808,36.8313466],[127.6435123,36.8314247],[127.6434325,36.8313984],[127.643409,36.8314044],[127.6431764,36.8313285],[127.6431393,36.8313021],[127.6429454,36.831231],[127.6427896,36.8312041],[127.6426259,36.8311411],[127.6424689,36.8310598],[127.6424154,36.8310178],[127.6420693,36.830876],[127.6419573,36.8308302],[127.6418388,36.8307772],[127.6417605,36.8307408],[127.641698,36.8306644],[127.64164,36.8306404],[127.6412785,36.8304504],[127.6410957,36.8303105],[127.6409901,36.8302248],[127.6408615,36.8301655],[127.6408318,36.8301455],[127.640784,36.8301136],[127.6404889,36.8298703],[127.6405061,36.8298543],[127.640514,36.829847],[127.6403683,36.8297444],[127.6402742,36.8296986],[127.6401659,36.8296559],[127.6400839,36.8296235],[127.6399759,36.8295788],[127.6399297,36.8295509],[127.6393437,36.8294449],[127.6391583,36.8294162],[127.6389014,36.8293625],[127.6387975,36.8293294],[127.638737,36.8292929],[127.6386739,36.8292757],[127.6386031,36.8292439],[127.6383743,36.8291151],[127.6381373,36.8289338],[127.6379946,36.8288051],[127.6377875,36.8286015],[127.6377348,36.8285602],[127.6376366,36.8284621],[127.6374064,36.8281893],[127.6372981,36.8280426],[127.6371336,36.8277884],[127.6371146,36.8277646],[127.6370858,36.8277145],[127.636695,36.8269808],[127.6366914,36.8268832],[127.6361408,36.826113],[127.6361187,36.8260929],[127.6360462,36.8260643],[127.635931,36.8259356],[127.6357512,36.8257089],[127.635566,36.8252859],[127.6355686,36.8252311],[127.6355021,36.8250145],[127.6352621,36.8243679],[127.6352522,36.8243402],[127.6352192,36.8242972],[127.6350935,36.823956],[127.6349872,36.8237929],[127.6347672,36.8234847],[127.6347305,36.823405],[127.6345107,36.82313],[127.6341698,36.8227034],[127.6341499,36.8226768],[127.6340743,36.8226186],[127.6338638,36.8222445],[127.6337186,36.8217131],[127.6336869,36.8215006],[127.6337007,36.8214132],[127.6336846,36.8213067],[127.633614,36.8208402],[127.6336408,36.8206818],[127.6336483,36.8205193],[127.6336427,36.8204869],[127.6336295,36.8204344],[127.6336761,36.8195503],[127.6336777,36.8194928],[127.6336714,36.8192373],[127.6336479,36.8189044],[127.6335953,36.818614],[127.6335902,36.81858],[127.6335781,36.8185206],[127.6334374,36.8180092],[127.6333225,36.8176559],[127.6332971,36.817604],[127.6331069,36.817177],[127.6328837,36.8167353],[127.6328694,36.8167115],[127.6328458,36.8166567],[127.6327083,36.8164468],[127.632668,36.8163868],[127.6325435,36.8162589],[127.6322837,36.8160204],[127.6322141,36.8160411],[127.632142,36.8159844],[127.6320826,36.815933],[127.6320226,36.8158733],[127.6319891,36.8158453],[127.6319239,36.8157942],[127.6318328,36.8157334],[127.6317372,36.8156693],[127.6316642,36.8156257],[127.6315742,36.8155822],[127.6312096,36.8154082],[127.6311476,36.8153816],[127.6311452,36.8153806],[127.631109,36.8153469],[127.6311204,36.8153468],[127.6311941,36.8152913],[127.6309576,36.8153096],[127.6309661,36.8153567],[127.6309562,36.8154045],[127.6310126,36.8154312],[127.630938,36.8155234],[127.6308473,36.8155858],[127.6306461,36.81571],[127.6305105,36.8157743],[127.6305387,36.8157933],[127.6303696,36.8159484],[127.630267,36.8160722]]]}},{"type":"Feature","properties":{"id":"regional:43750:백곡천:1","candidate_rank":5,"segment_index":1,"admin_code":"43750","admin_name":"진천군","river_name":"백곡천","river_class":"regional","source_record_count":1,"latest_notice_date":"","area_m2":4456855.98,"perimeter_m":58245.11,"width_proxy_m":153.04,"width_class":"wide","center_lon":127.3999845,"center_lat":36.8671804,"imagery_file_stem":"regional_05_43750"},"geometry":{"type":"Polygon","coordinates":[[[127.3423453,36.8834204],[127.3424268,36.8833788],[127.342572,36.8833022],[127.3426789,36.8832208],[127.3426824,36.8832088],[127.3427519,36.883154],[127.342809,36.883095],[127.3429019,36.8829868],[127.3429193,36.8829763],[127.3429696,36.8829138],[127.3430411,36.8828466],[127.3431077,36.8827933],[127.34313,36.8827805],[127.3432133,36.8827403],[127.3432472,36.8827262],[127.3432566,36.8827432],[127.3434784,36.882655],[127.3438866,36.8825434],[127.3438983,36.8825368],[127.3439187,36.8825232],[127.3439911,36.8824973],[127.3440279,36.8825018],[127.3440405,36.882506],[127.344352,36.8825385],[127.3447347,36.8826248],[127.3453274,36.8827654],[127.3453333,36.8827623],[127.3453778,36.8827512],[127.3454199,36.8827616],[127.3459591,36.8828963],[127.3460194,36.8829088],[127.3462016,36.8829463],[127.3462034,36.8829626],[127.3462427,36.8829515],[127.3462498,36.8829531],[127.3463526,36.8829703],[127.3465852,36.882986],[127.3469602,36.8829551],[127.347338,36.8829141],[127.347397,36.8829355],[127.3475446,36.8829521],[127.347647,36.8829819],[127.3477154,36.8829797],[127.3478367,36.883007],[127.3479456,36.8830331],[127.3480305,36.8830362],[127.3481719,36.8830356],[127.3482652,36.8830655],[127.3483075,36.8830903],[127.3483497,36.8830875],[127.3484052,36.8831033],[127.3484926,36.8831385],[127.3485695,36.8831684],[127.3485875,36.8832047],[127.348664,36.8832068],[127.3488721,36.883223],[127.3489816,36.8832324],[127.3491121,36.8832633],[127.3491199,36.8832576],[127.349193,36.8832432],[127.3492344,36.8832566],[127.3492967,36.8832732],[127.3493604,36.883287],[127.3494046,36.8832896],[127.349462,36.8832979],[127.3495072,36.8833077],[127.3495095,36.8833113],[127.3495193,36.8832823],[127.3495612,36.8832887],[127.3497448,36.8833082],[127.3498601,36.8833191],[127.3502729,36.8833766],[127.3503111,36.8833866],[127.3503929,36.8834124],[127.3507243,36.8834453],[127.3509245,36.8834648],[127.3510739,36.883477],[127.3511952,36.8834832],[127.3512727,36.883483],[127.3513659,36.8834804],[127.3515098,36.8834691],[127.3516987,36.8834465],[127.3518053,36.8834292],[127.3519603,36.8833976],[127.3520883,36.8833653],[127.3521261,36.8833538],[127.3522276,36.8833229],[127.3523297,36.8832889],[127.3524438,36.8832441],[127.3525741,36.8831849],[127.3527121,36.8831142],[127.352723,36.8831164],[127.352788,36.8830736],[127.3528547,36.8830376],[127.3529284,36.8829926],[127.3529423,36.8829833],[127.3529517,36.8829814],[127.3530003,36.8829458],[127.3530744,36.8828877],[127.3531307,36.8828362],[127.3531324,36.8828345],[127.3531465,36.8828298],[127.3531861,36.8827965],[127.3532076,36.8827753],[127.3532493,36.8827375],[127.3532774,36.8827151],[127.3533759,36.8826459],[127.3534561,36.88259],[127.3536345,36.8824711],[127.3537705,36.8823795],[127.353898,36.8822331],[127.3539468,36.8821843],[127.3539736,36.8821705],[127.3540824,36.8821239],[127.3541862,36.8820866],[127.3542489,36.8820748],[127.3542488,36.8820682],[127.3542525,36.8820595],[127.3543279,36.8820384],[127.3543309,36.882037],[127.354329,36.882037],[127.35473,36.8818532],[127.3547302,36.881848],[127.3547557,36.8818376],[127.3548838,36.8817776],[127.3549979,36.8817267],[127.3551058,36.8816747],[127.3552341,36.8816146],[127.3552744,36.8815988],[127.3553046,36.881592],[127.3553248,36.8815912],[127.3553561,36.8815692],[127.3553455,36.8815537],[127.355346,36.8815523],[127.3553621,36.8815627],[127.3557055,36.8814369],[127.3557811,36.8814289],[127.3558003,36.8814243],[127.3558243,36.8813933],[127.3558934,36.881368],[127.3559155,36.8813642],[127.3561863,36.8813269],[127.3564466,36.881291],[127.3565443,36.8812991],[127.3567066,36.8813124],[127.3568607,36.8813251],[127.3569593,36.8813332],[127.3570475,36.8813652],[127.3571377,36.8813955],[127.3571373,36.8814033],[127.3571403,36.8814046],[127.3572764,36.8814589],[127.3574361,36.8815046],[127.3574827,36.8815124],[127.3575474,36.8815358],[127.3577789,36.8816197],[127.3577885,36.8816142],[127.3578397,36.8816314],[127.3581017,36.8817195],[127.3581987,36.8817609],[127.3582306,36.8817737],[127.3583809,36.8818338],[127.3583901,36.8818364],[127.3584383,36.8818501],[127.358465,36.8818486],[127.3584709,36.8818436],[127.3586467,36.8819027],[127.3587108,36.8819256],[127.3587358,36.8819345],[127.3588099,36.881961],[127.358874,36.881984],[127.3590757,36.8820561],[127.3592765,36.882128],[127.3596163,36.8822496],[127.3596943,36.8822774],[127.3596959,36.8822781],[127.359742,36.8823124],[127.3598643,36.8824099],[127.3600287,36.8825411],[127.3600643,36.8825695],[127.360122,36.8826337],[127.3601317,36.8826444],[127.3603284,36.8828633],[127.3603597,36.8828981],[127.3604071,36.8830564],[127.3604348,36.8831485],[127.3605514,36.8835377],[127.3605467,36.8835638],[127.3605478,36.883634],[127.3605336,36.8836793],[127.3605354,36.8837446],[127.3605412,36.8837866],[127.3605323,36.883953],[127.3605384,36.8842171],[127.3604991,36.8842216],[127.3605882,36.8842528],[127.3605885,36.8842675],[127.3606132,36.8843287],[127.3606175,36.884393],[127.3606186,36.8843962],[127.3606113,36.8844734],[127.360612,36.8844764],[127.3605274,36.884444],[127.3605329,36.8844546],[127.3605485,36.8844752],[127.3605647,36.8845273],[127.360567,36.8845513],[127.3605743,36.8845957],[127.3605824,36.8846332],[127.3605904,36.8846947],[127.3605444,36.8847087],[127.3605255,36.8847653],[127.3604781,36.8848583],[127.3604702,36.8848698],[127.3604236,36.8849367],[127.3604145,36.884998],[127.3603918,36.8851974],[127.3603609,36.8855765],[127.3603574,36.8856373],[127.3603574,36.88565],[127.360359,36.8856572],[127.3603651,36.8857308],[127.3603644,36.8857505],[127.360365,36.8857772],[127.360372,36.8858538],[127.3603786,36.8859176],[127.3603848,36.8860171],[127.3603788,36.8860202],[127.3603785,36.8860761],[127.3603931,36.8860896],[127.3604003,36.8861095],[127.3604228,36.8861181],[127.3604343,36.8861615],[127.3604577,36.8862633],[127.3604811,36.886329],[127.3605199,36.88635],[127.3605408,36.8863687],[127.3605491,36.8863947],[127.3606204,36.8864081],[127.3606961,36.8865093],[127.3608537,36.8867044],[127.3610056,36.8868258],[127.3613003,36.8870092],[127.3613738,36.8870481],[127.3613772,36.8870569],[127.36138,36.8870558],[127.3616091,36.8871784],[127.3617335,36.887243],[127.3618053,36.8873251],[127.361793,36.8873567],[127.3618976,36.8874531],[127.3619786,36.8874759],[127.3620651,36.8875414],[127.3621411,36.8876252],[127.3622607,36.8877019],[127.3624206,36.8878108],[127.3624103,36.8878314],[127.3624737,36.8879602],[127.3625126,36.8879499],[127.3625674,36.8879524],[127.3625942,36.8879772],[127.3626761,36.8880192],[127.362731,36.8880347],[127.3628086,36.8880505],[127.3628986,36.8880507],[127.3629446,36.8880557],[127.3629587,36.8880617],[127.3630209,36.8880834],[127.363114,36.8881047],[127.3632084,36.8881171],[127.3632323,36.8881182],[127.3633812,36.8881621],[127.363457,36.8882032],[127.3636834,36.8883496],[127.3637476,36.8883134],[127.3638015,36.888278],[127.3638071,36.888279],[127.3638275,36.8883514],[127.3643871,36.8886259],[127.3645797,36.8885608],[127.3649296,36.888476],[127.3650577,36.8884495],[127.3650749,36.8884401],[127.3651247,36.8884151],[127.365141,36.8883961],[127.3652125,36.8883782],[127.365272,36.8883675],[127.3654946,36.8883269],[127.3656136,36.8883045],[127.3658023,36.8882961],[127.365813,36.8882957],[127.3658269,36.888295],[127.3658749,36.8882671],[127.3659699,36.8882125],[127.3659791,36.8882124],[127.365999,36.8882092],[127.3660451,36.8882094],[127.3660959,36.8882076],[127.3661061,36.8882066],[127.3661121,36.8882032],[127.3662704,36.8881009],[127.366312,36.8880762],[127.3663784,36.8880376],[127.3664048,36.8880213],[127.3664183,36.8880119],[127.3664207,36.8880101],[127.3664321,36.8879991],[127.3665172,36.8879117],[127.3665365,36.8878925],[127.3665513,36.8878786],[127.3665687,36.8878637],[127.3665825,36.8878531],[127.3666352,36.8878137],[127.3666934,36.8877718],[127.3667193,36.8877523],[127.3667334,36.8877411],[127.3667486,36.8877283],[127.3668693,36.8875925],[127.3668726,36.8875894],[127.3668775,36.8875862],[127.3668939,36.8875782],[127.3669022,36.8875733],[127.3669062,36.8875704],[127.3669251,36.8875548],[127.366932,36.8875499],[127.3669415,36.887544],[127.366984,36.8875213],[127.3669941,36.8875152],[127.3670027,36.8875095],[127.3670089,36.8875048],[127.3670127,36.8875013],[127.3670152,36.8874981],[127.367017,36.8874947],[127.3670258,36.8874708],[127.3670307,36.8874614],[127.3670314,36.8874602],[127.367047,36.8874482],[127.3675295,36.887058],[127.3679358,36.886893],[127.3679752,36.8868823],[127.3680012,36.8868929],[127.3681881,36.8869429],[127.368196,36.8869306],[127.3682377,36.8869117],[127.3682793,36.886913],[127.3682993,36.886868],[127.3683317,36.886737],[127.3683746,36.8867244],[127.3684693,36.8866917],[127.3687763,36.8865194],[127.3689341,36.8864581],[127.3690335,36.8864168],[127.3691371,36.8863728],[127.3692561,36.8863248],[127.3694651,36.8862291],[127.3695778,36.8861747],[127.3697909,36.8860632],[127.3698595,36.8860236],[127.3699608,36.8859735],[127.3700329,36.8859445],[127.3701169,36.885912],[127.3702176,36.8858701],[127.3702298,36.8858678],[127.3703826,36.8858244],[127.3705412,36.8857742],[127.3706352,36.8857426],[127.370673,36.885749],[127.370734,36.8857371],[127.3711883,36.8854977],[127.3712957,36.885445],[127.371317,36.8854364],[127.3713805,36.8854113],[127.3714826,36.8853743],[127.3716045,36.8853358],[127.3716499,36.8853232],[127.3717699,36.8852835],[127.3718321,36.8852539],[127.3719041,36.8852362],[127.3719742,36.8852097],[127.3720693,36.8851742],[127.3721356,36.8851393],[127.3721855,36.885143],[127.3722347,36.8851344],[127.3722948,36.885116],[127.3723477,36.8851042],[127.3724269,36.8850761],[127.3725043,36.8850622],[127.3729842,36.8850041],[127.3730036,36.8850054],[127.3731434,36.8850092],[127.3732166,36.8849968],[127.3732996,36.8849722],[127.373324,36.8849634],[127.3738383,36.8848993],[127.3740562,36.8848839],[127.374174,36.8848783],[127.3743085,36.884899],[127.3744673,36.8848966],[127.3746164,36.8848888],[127.3746817,36.88486],[127.3747741,36.8848426],[127.3750158,36.8848421],[127.3752948,36.8848315],[127.3758839,36.8848103],[127.375947,36.88481],[127.3761716,36.8847975],[127.3761999,36.8848321],[127.3763345,36.8848268],[127.3763427,36.884817],[127.3763584,36.8847871],[127.3768186,36.8847891],[127.3769314,36.8848018],[127.376968,36.8847792],[127.3770711,36.8847731],[127.3770889,36.8847903],[127.3774678,36.8847683],[127.3776345,36.8847555],[127.3781526,36.8846544],[127.378186,36.8846624],[127.3781973,36.8846487],[127.378234,36.8846355],[127.378406,36.8846238],[127.3784955,36.8845975],[127.3786139,36.8845837],[127.3787598,36.8845618],[127.3788317,36.8845514],[127.3789382,36.8845347],[127.3790551,36.8845378],[127.3791167,36.8845087],[127.3791911,36.8844996],[127.3792399,36.8844925],[127.3793083,36.8844819],[127.3793794,36.8844751],[127.379435,36.8844888],[127.3794895,36.8843884],[127.3794958,36.8842945],[127.3794935,36.8842279],[127.3794874,36.884109],[127.3794813,36.8840014],[127.3797548,36.8837633],[127.3798864,36.8835718],[127.3799542,36.8834192],[127.379948,36.8831986],[127.3799195,36.883073],[127.3799971,36.8830277],[127.3800103,36.8830246],[127.3800341,36.8830192],[127.3800871,36.8829221],[127.3800969,36.8828311],[127.3801581,36.8827255],[127.3801889,36.8825761],[127.380199,36.8825543],[127.3802038,36.8825467],[127.38026,36.882475],[127.3803055,36.8824212],[127.3803402,36.8823509],[127.3803789,36.8822571],[127.3804376,36.8821651],[127.380481,36.8820774],[127.3803326,36.8817769],[127.3803825,36.8814903],[127.3803703,36.8811997],[127.3803605,36.8810029],[127.3803479,36.8809449],[127.3803489,36.8808506],[127.3803663,36.8806825],[127.3803698,36.8806426],[127.3803774,36.8805433],[127.3803802,36.8800194],[127.3804354,36.879956],[127.3805541,36.8798649],[127.3807787,36.879693],[127.3810977,36.8794809],[127.3814355,36.8792421],[127.3814834,36.8792684],[127.3814957,36.8792693],[127.3816345,36.8793506],[127.3816858,36.8793846],[127.3817801,36.8792903],[127.3817332,36.8792948],[127.3817133,36.8792579],[127.3817216,36.8792151],[127.3817578,36.8791471],[127.3817791,36.8791101],[127.3818807,36.8789744],[127.3819518,36.8788354],[127.3819794,36.8787862],[127.3820661,36.8787879],[127.3821065,36.878742],[127.3821505,36.8786498],[127.3822137,36.8785718],[127.3823208,36.8783659],[127.3823514,36.8782514],[127.382363,36.8782334],[127.3824011,36.8782147],[127.3824353,36.8782115],[127.382445,36.8782158],[127.382475,36.8781887],[127.3825509,36.8781432],[127.3825897,36.8781037],[127.3825988,36.8780788],[127.3826629,36.8779836],[127.3827876,36.8778211],[127.3828371,36.8777559],[127.3829656,36.8776149],[127.3830135,36.8775375],[127.3830407,36.8775325],[127.383132,36.8775457],[127.3831996,36.8774456],[127.3831456,36.8774062],[127.3831347,36.8773734],[127.3831817,36.8773132],[127.3832634,36.8772296],[127.3834993,36.8770392],[127.3835476,36.8769813],[127.383599,36.8769581],[127.3836483,36.8769008],[127.3836943,36.8768407],[127.3837541,36.8767466],[127.3838565,36.876598],[127.38393,36.8765021],[127.3840299,36.8763247],[127.3840773,36.8762646],[127.3841274,36.876185],[127.3841364,36.8761527],[127.3842314,36.8760549],[127.3843629,36.8759573],[127.3846611,36.8757086],[127.384897,36.8755224],[127.3849457,36.8754683],[127.3849964,36.8754704],[127.3852525,36.8756119],[127.3852732,36.8756425],[127.3852757,36.8756472],[127.3853067,36.8756934],[127.3853306,36.8756999],[127.3853509,36.875708],[127.3853704,36.875705],[127.385403,36.8757116],[127.3854719,36.8757374],[127.3854834,36.8757413],[127.3856611,36.8757949],[127.3860319,36.8758824],[127.3860793,36.8758876],[127.3861109,36.8758819],[127.3861266,36.8758735],[127.3861479,36.8758472],[127.3861845,36.8757541],[127.3861852,36.8757426],[127.3861974,36.8757109],[127.3862665,36.8757275],[127.3862965,36.8757526],[127.3863443,36.8758116],[127.3863659,36.8758201],[127.3863958,36.87582],[127.3864551,36.8758145],[127.3864691,36.8758082],[127.3864651,36.8757764],[127.3864557,36.875723],[127.3864567,36.8757119],[127.3864798,36.8756775],[127.3864366,36.8756188],[127.3863871,36.875567],[127.3863486,36.8755041],[127.3863234,36.8754496],[127.3863257,36.8754148],[127.3863533,36.8753218],[127.3864402,36.8750719],[127.3864575,36.8750576],[127.3865419,36.8750612],[127.3866629,36.8750693],[127.3866762,36.8750484],[127.3866702,36.8750187],[127.3866571,36.8750053],[127.3866339,36.874999],[127.3865031,36.8749528],[127.3864885,36.8749354],[127.3865006,36.8747307],[127.3864975,36.8745364],[127.3865325,36.8742349],[127.3865681,36.8742213],[127.3867846,36.8742213],[127.3868386,36.874183],[127.3868566,36.8740629],[127.3868773,36.8739855],[127.3869637,36.8738277],[127.3870101,36.873806],[127.3871651,36.8737692],[127.3872953,36.8737261],[127.3874189,36.8736884],[127.3874336,36.8736717],[127.3874316,36.8736401],[127.3874443,36.873639],[127.3874657,36.8736139],[127.3874336,36.8735867],[127.3874065,36.8735729],[127.3873483,36.8735536],[127.3873345,36.8735448],[127.3873229,36.8735285],[127.3872885,36.8734543],[127.3872546,36.8733847],[127.387245,36.8733493],[127.3872451,36.8733259],[127.3872692,36.8732733],[127.3872843,36.8732294],[127.3872991,36.8731665],[127.3873179,36.8731344],[127.3873482,36.8731208],[127.3873989,36.8731248],[127.3874642,36.8731452],[127.3874816,36.8731474],[127.3874883,36.8731477],[127.3875056,36.8731491],[127.3875011,36.87312],[127.3875082,36.8731008],[127.3876378,36.872903],[127.3877654,36.8727177],[127.3879259,36.8724895],[127.3879666,36.8724729],[127.3879705,36.8724618],[127.3879362,36.872443],[127.3879214,36.8723943],[127.3879468,36.8722679],[127.3879636,36.8722311],[127.3880148,36.8721954],[127.3881205,36.8721467],[127.388193,36.8720838],[127.3883637,36.8719625],[127.3884522,36.8718548],[127.388377,36.8718112],[127.3883335,36.8717556],[127.3883128,36.8717064],[127.3883197,36.8716678],[127.3883595,36.8715787],[127.3884178,36.8715003],[127.388468,36.8714478],[127.3886393,36.8712924],[127.3889071,36.8710347],[127.3889439,36.8709853],[127.3889498,36.8709033],[127.3889262,36.8708296],[127.3888631,36.8707338],[127.3887793,36.8706418],[127.3886614,36.8705573],[127.3886516,36.8705157],[127.3887222,36.8703597],[127.3888008,36.8702699],[127.3888444,36.8702338],[127.3888783,36.8701853],[127.3888937,36.8701314],[127.3888788,36.8700444],[127.3888836,36.8699648],[127.3889006,36.8699244],[127.3890353,36.869903],[127.3891191,36.8698573],[127.389135,36.8698536],[127.3890969,36.8698043],[127.3890962,36.869802],[127.3890935,36.8697998],[127.3890868,36.8697966],[127.3890534,36.8697907],[127.3890234,36.869784],[127.388909,36.8697503],[127.3888888,36.8697356],[127.3888593,36.8697068],[127.3886614,36.8694304],[127.388651,36.8694138],[127.3886352,36.8693817],[127.3886284,36.8693639],[127.3886201,36.8693238],[127.3886155,36.8692855],[127.3886146,36.869252],[127.3886163,36.8692026],[127.3886186,36.8691987],[127.388624,36.8691394],[127.38868,36.8691285],[127.388669,36.8690933],[127.3886258,36.8689483],[127.3886109,36.8689031],[127.388659,36.8688794],[127.3886539,36.8688485],[127.3886196,36.868735],[127.3884793,36.8684965],[127.3884256,36.8683037],[127.3884081,36.8681808],[127.3884056,36.8681179],[127.3884132,36.8680801],[127.3884277,36.868063],[127.3884666,36.8680484],[127.3885393,36.8680243],[127.3885481,36.8680145],[127.3885099,36.8679435],[127.3884736,36.8678351],[127.3884817,36.867752],[127.3885171,36.8676408],[127.3885778,36.867508],[127.3886535,36.8673863],[127.3887139,36.8673178],[127.3887828,36.8672587],[127.3888172,36.8672365],[127.3889826,36.8671876],[127.3889049,36.8670962],[127.3891284,36.8667374],[127.38886,36.8665032],[127.3887885,36.8664038],[127.3887706,36.8657607],[127.3889043,36.8655443],[127.3889764,36.8654899],[127.3889922,36.8654883],[127.3890198,36.8654813],[127.389064,36.8654772],[127.3891218,36.8654798],[127.3892047,36.8654932],[127.3894227,36.8655363],[127.3900035,36.8657336],[127.3901923,36.8657648],[127.3903402,36.8658238],[127.3904153,36.865819],[127.390466,36.8658082],[127.3905625,36.8657847],[127.3906427,36.86571],[127.390678,36.8655991],[127.390637,36.8655349],[127.3904108,36.8652964],[127.3901637,36.8651363],[127.3899288,36.8650393],[127.3897142,36.8649652],[127.3896855,36.8647876],[127.3897285,36.8646916],[127.3899163,36.8645018],[127.390392,36.8642935],[127.390814,36.864197],[127.3909494,36.8640973],[127.3911516,36.863995],[127.391562,36.8638376],[127.3917584,36.8638536],[127.3924165,36.86355],[127.3924601,36.8635426],[127.3926334,36.8635134],[127.3926458,36.863504],[127.3927285,36.8634855],[127.3928107,36.863452],[127.3929713,36.8634305],[127.3931134,36.8633925],[127.393338,36.863382],[127.3933973,36.8633722],[127.3935522,36.8634142],[127.3935614,36.8634204],[127.3935877,36.8634562],[127.3936885,36.8636697],[127.393695,36.8637415],[127.3937295,36.8638548],[127.3937288,36.8639277],[127.3937255,36.8640047],[127.3937167,36.8640615],[127.3936775,36.86414],[127.3936575,36.8641826],[127.3936517,36.8642162],[127.3936096,36.8642495],[127.3935932,36.8642708],[127.3935889,36.8643053],[127.3936051,36.8643544],[127.3936574,36.8644136],[127.3936916,36.8644343],[127.3937384,36.8644529],[127.3937391,36.8644525],[127.3937395,36.8644524],[127.39378,36.8644384],[127.3939129,36.8643479],[127.3941611,36.8642448],[127.3942213,36.8642083],[127.3942607,36.8641735],[127.3943304,36.8641083],[127.3943704,36.8640647],[127.3944013,36.8640072],[127.3944244,36.8640019],[127.3944536,36.8639446],[127.3944454,36.8639439],[127.3944566,36.8639205],[127.3943348,36.8639121],[127.39436,36.8638535],[127.394404,36.8637403],[127.3944232,36.8636991],[127.3944363,36.8636803],[127.3944513,36.8636639],[127.3944669,36.8636537],[127.3944941,36.86364],[127.3945317,36.8636244],[127.3945569,36.8636192],[127.3945891,36.8636136],[127.3946267,36.8636108],[127.3946685,36.8636064],[127.3947198,36.8636074],[127.3947654,36.8636064],[127.3948031,36.8636093],[127.3948365,36.86361],[127.3948751,36.8636102],[127.3949457,36.8636195],[127.3949683,36.8636322],[127.3949687,36.8636472],[127.3949531,36.8636853],[127.3949519,36.8636951],[127.3948682,36.8637883],[127.3948443,36.8638155],[127.3947941,36.8638688],[127.3945521,36.8641143],[127.3945133,36.8641621],[127.3945006,36.8642231],[127.3945129,36.8643241],[127.3945415,36.864433],[127.3945824,36.8645235],[127.3945242,36.8646903],[127.3944915,36.8647031],[127.3944419,36.8647452],[127.394357,36.8649308],[127.3942783,36.8650639],[127.3942564,36.8651395],[127.3942623,36.8651933],[127.3942984,36.8652042],[127.3945752,36.8651944],[127.3947396,36.8651869],[127.3947714,36.865201],[127.3953535,36.8653583],[127.3955775,36.8654797],[127.3956427,36.8656506],[127.3948167,36.866216],[127.3947381,36.8662408],[127.3946337,36.8662709],[127.3946082,36.866293],[127.3945791,36.8663539],[127.3945612,36.8663967],[127.3940486,36.86681],[127.3940629,36.86683],[127.3941894,36.8668479],[127.3941957,36.8668598],[127.3942456,36.8669241],[127.3943144,36.8669818],[127.3943975,36.8670242],[127.3944935,36.8670246],[127.3946596,36.8669827],[127.3948013,36.8669345],[127.3951276,36.8668641],[127.3952417,36.866834],[127.3957282,36.8667948],[127.3960457,36.8667046],[127.3963141,36.8666782],[127.3965541,36.8668205],[127.3965475,36.8668973],[127.3965559,36.867027],[127.396555,36.8671447],[127.3965165,36.8672544],[127.3965407,36.8673625],[127.3965433,36.8673891],[127.3965375,36.867411],[127.3964847,36.8674661],[127.3964504,36.8674899],[127.396262,36.8675768],[127.3959846,36.8676965],[127.3957889,36.8677402],[127.3955664,36.8677867],[127.3954578,36.8678214],[127.395352,36.8678899],[127.3952664,36.8679123],[127.3950919,36.8679191],[127.3948913,36.867939],[127.3948116,36.8679223],[127.3946973,36.8678358],[127.3946565,36.8678178],[127.3946335,36.8678382],[127.3945601,36.8679989],[127.394498,36.8680691],[127.3944238,36.8681077],[127.3943608,36.8681215],[127.3942879,36.8681161],[127.3941917,36.8680749],[127.3940602,36.86802],[127.3938845,36.8680052],[127.3938298,36.8680144],[127.3937867,36.8680471],[127.3937645,36.8680809],[127.3937524,36.8680817],[127.3936791,36.8681233],[127.3936099,36.8681652],[127.3935661,36.8682077],[127.3935938,36.8682303],[127.3935172,36.8683192],[127.3935235,36.8683697],[127.393513,36.8683774],[127.3933708,36.8684846],[127.3933331,36.8685298],[127.3932233,36.8685895],[127.3929991,36.868717],[127.3929817,36.8687142],[127.3929784,36.8687168],[127.3929745,36.8687151],[127.3929264,36.868753],[127.3929139,36.8687673],[127.3928735,36.8687989],[127.3926803,36.8689686],[127.3925463,36.8691764],[127.3925588,36.869216],[127.3925225,36.8692824],[127.3925533,36.8693282],[127.3926138,36.8692398],[127.3926517,36.8692793],[127.3926898,36.869348],[127.3927012,36.8693864],[127.392801,36.8694439],[127.3928757,36.8694403],[127.3929381,36.8694631],[127.3929929,36.8694946],[127.3930974,36.8694929],[127.3931702,36.8694486],[127.3931997,36.8694301],[127.3932092,36.8694343],[127.393278,36.8694598],[127.3933016,36.8694563],[127.3933621,36.8694],[127.3934661,36.8693439],[127.3935558,36.8693159],[127.3936517,36.8693113],[127.3936631,36.8692773],[127.3944518,36.8689053],[127.3954329,36.8690174],[127.3954255,36.8691129],[127.3954228,36.8691151],[127.395367,36.8691577],[127.3953528,36.8691693],[127.3952281,36.8692841],[127.3951834,36.869329],[127.3951236,36.8693885],[127.3950851,36.8694245],[127.395051,36.8694559],[127.395035,36.8694712],[127.3950263,36.8694799],[127.3950105,36.869497],[127.3949645,36.8695455],[127.3948915,36.8696233],[127.3948458,36.8696737],[127.3947745,36.8697595],[127.3947078,36.8698474],[127.394629,36.8699699],[127.3946047,36.870016],[127.3945826,36.8700561],[127.3945606,36.8700951],[127.3945529,36.8701049],[127.3945359,36.8701336],[127.3944271,36.8702987],[127.394387,36.8703383],[127.3943723,36.8703557],[127.3943603,36.8703739],[127.3943544,36.8703859],[127.3943498,36.8703984],[127.3943435,36.8704242],[127.3943399,36.870451],[127.3943384,36.8704706],[127.3940655,36.8708378],[127.3934003,36.8713041],[127.3933755,36.8713179],[127.3933447,36.871335],[127.3933329,36.871342],[127.3933295,36.8713449],[127.3933275,36.8713476],[127.3933261,36.8713504],[127.3933254,36.8713534],[127.3933253,36.871356],[127.3933257,36.8713584],[127.3933275,36.8713646],[127.3933472,36.8714212],[127.3933874,36.8714582],[127.3933931,36.8714657],[127.3933948,36.8714684],[127.3934013,36.8714818],[127.3934171,36.8715147],[127.3934205,36.8715195],[127.3934258,36.8715248],[127.3934322,36.8715297],[127.3934355,36.8715316],[127.3934416,36.8715344],[127.3934476,36.8715356],[127.3934538,36.8715351],[127.3934564,36.8715346],[127.3934657,36.8715317],[127.3934816,36.8715249],[127.3935082,36.8715124],[127.3935478,36.8714957],[127.3935686,36.8714874],[127.3935811,36.8714829],[127.3935888,36.8714807],[127.3935948,36.8714795],[127.3935997,36.8714788],[127.3936043,36.8714787],[127.3936093,36.8714789],[127.3936188,36.8714805],[127.3936268,36.871483],[127.393631,36.8714846],[127.393639,36.8714888],[127.3936432,36.8714916],[127.3937332,36.8715654],[127.3937998,36.8716151],[127.3938082,36.8716224],[127.3938196,36.8716332],[127.3938578,36.8716721],[127.3939218,36.8717408],[127.3939456,36.871766],[127.393953,36.8717723],[127.3939588,36.8717764],[127.3939653,36.8717803],[127.3939813,36.8717868],[127.393983,36.8717865],[127.3940226,36.871742],[127.3940296,36.8717339],[127.3940311,36.8717306],[127.3940328,36.871725],[127.3940344,36.8717176],[127.3940353,36.8717097],[127.3940352,36.8717015],[127.3940328,36.8716682],[127.3940328,36.871664],[127.3940334,36.8716596],[127.3940344,36.8716563],[127.3940369,36.8716508],[127.3940413,36.8716452],[127.3940443,36.8716424],[127.3940477,36.8716399],[127.3940519,36.8716376],[127.3940568,36.8716356],[127.394067,36.8716327],[127.3940792,36.8716312],[127.3940982,36.8716299],[127.3941342,36.8716282],[127.3941717,36.8716266],[127.3942152,36.8716256],[127.3942541,36.8716259],[127.3942734,36.8716266],[127.3942833,36.8716273],[127.3942915,36.8716284],[127.3943194,36.871633],[127.3943411,36.8716378],[127.3943524,36.8716407],[127.3943721,36.8716468],[127.3943789,36.8716499],[127.3943819,36.8716517],[127.3943844,36.8716537],[127.3945988,36.8716588],[127.3946185,36.871654],[127.3946294,36.8716521],[127.3946497,36.8716501],[127.3946744,36.8716481],[127.3947108,36.8716457],[127.3947491,36.8716436],[127.3947796,36.8716422],[127.3948636,36.8716402],[127.3949471,36.8716387],[127.3950034,36.8716381],[127.3950643,36.8716377],[127.3950799,36.871637],[127.3951019,36.8716352],[127.3951217,36.8716326],[127.3951337,36.8716306],[127.39515,36.8716273],[127.3951652,36.8716232],[127.3951756,36.8716199],[127.3951914,36.8716143],[127.3952086,36.8716069],[127.395221,36.8716009],[127.3952448,36.8715883],[127.3952519,36.8715842],[127.3952625,36.8715773],[127.3952803,36.8715648],[127.3952982,36.8715506],[127.3953173,36.8715334],[127.3953303,36.8715201],[127.3953402,36.871508],[127.3953497,36.8714935],[127.3953556,36.8714833],[127.3953611,36.8714726],[127.3953689,36.8714558],[127.3953985,36.8713891],[127.3954108,36.8713641],[127.395424,36.8713407],[127.3954473,36.8713045],[127.3954559,36.87129],[127.3954613,36.871279],[127.3954694,36.8712587],[127.3954746,36.871244],[127.39548,36.8712326],[127.3954837,36.8712277],[127.3954865,36.8712252],[127.3956049,36.8711402],[127.3956668,36.8709516],[127.3957724,36.8706774],[127.3958282,36.8705437],[127.3959411,36.870416],[127.396261,36.8700157],[127.3964957,36.8698607],[127.396623,36.869743],[127.3967859,36.8696652],[127.3968167,36.8695734],[127.3968264,36.8695662],[127.396841,36.8695396],[127.3968712,36.8695078],[127.3969932,36.8694724],[127.3969993,36.8692785],[127.3969969,36.8692548],[127.3970546,36.8691495],[127.3975268,36.8688282],[127.397543,36.8688142],[127.3977593,36.8687472],[127.3977798,36.868672],[127.3977709,36.8686183],[127.3980397,36.8683872],[127.3984139,36.8680541],[127.3987906,36.8680412],[127.398829,36.8681852],[127.3987661,36.868386],[127.3985758,36.8690689],[127.3985254,36.8692557],[127.3984176,36.8695754],[127.3984043,36.8695962],[127.3983811,36.8696053],[127.3983452,36.8696285],[127.3983318,36.869658],[127.3983169,36.8697318],[127.3983017,36.8697554],[127.3982723,36.8697734],[127.3981972,36.8698151],[127.398084,36.8699318],[127.3979046,36.8701465],[127.3977463,36.8703567],[127.3977526,36.8704496],[127.3977504,36.8704728],[127.3977373,36.8704835],[127.3977367,36.8704891],[127.3977267,36.8704885],[127.3977218,36.8704922],[127.3977109,36.8705046],[127.3977043,36.8705174],[127.3977,36.870533],[127.3976977,36.8705521],[127.3976961,36.8705706],[127.3976971,36.8705896],[127.3977008,36.8706091],[127.3977115,36.8706492],[127.3977113,36.8706711],[127.3977003,36.8707305],[127.3976918,36.8707827],[127.3976952,36.8707959],[127.3977024,36.8708066],[127.3977128,36.8708153],[127.3977303,36.8708239],[127.3977765,36.8708426],[127.3978017,36.870851],[127.3978311,36.8708566],[127.3978972,36.8708644],[127.3979271,36.8708651],[127.3979825,36.8708648],[127.3980481,36.8708573],[127.39812,36.8708425],[127.3982309,36.8708184],[127.3983585,36.870794],[127.3984782,36.870768],[127.3984904,36.8707632],[127.3984968,36.8707571],[127.3985985,36.8706533],[127.3986075,36.8706436],[127.3986294,36.8706169],[127.3986437,36.8705976],[127.3986606,36.8705725],[127.3986678,36.8705629],[127.3986809,36.8705467],[127.3987011,36.8705232],[127.3987761,36.8704418],[127.3989021,36.8703747],[127.399117,36.8702501],[127.3993004,36.8701881],[127.399358,36.8701639],[127.3998778,36.8701454],[127.4010834,36.8702561],[127.4012166,36.8703167],[127.4012179,36.8703462],[127.4012209,36.8704353],[127.4012214,36.8704446],[127.4012224,36.8704542],[127.401225,36.8704741],[127.4012283,36.8704918],[127.401231,36.8705028],[127.4012373,36.8705217],[127.4012422,36.8705339],[127.4012478,36.8705455],[127.4012539,36.8705564],[127.4012603,36.8705663],[127.4012668,36.870575],[127.4012717,36.8705809],[127.4012766,36.870586],[127.4012864,36.870594],[127.4012934,36.8705986],[127.4013011,36.8706027],[127.4013094,36.8706064],[127.401316,36.8706088],[127.4013248,36.8706111],[127.4013337,36.8706127],[127.4013407,36.8706134],[127.4013515,36.8706136],[127.4013575,36.870613],[127.4013645,36.8706117],[127.4013761,36.8706089],[127.4013849,36.8706059],[127.4013941,36.8706025],[127.401407,36.8705969],[127.4014168,36.8705919],[127.4014277,36.8705856],[127.4014494,36.870571],[127.4014736,36.8705531],[127.4014868,36.8705423],[127.4015011,36.8705299],[127.4015189,36.8705136],[127.4015415,36.870492],[127.4015606,36.8704732],[127.4016357,36.8705074],[127.4016521,36.8705553],[127.4019438,36.8708813],[127.4012416,36.8720984],[127.4011496,36.8721994],[127.4010862,36.8722094],[127.4010021,36.8722955],[127.4009237,36.8723531],[127.4008529,36.8723782],[127.4008173,36.872395],[127.4007891,36.8725016],[127.4007653,36.872537],[127.4007243,36.8725636],[127.4005227,36.8726185],[127.4003214,36.8726508],[127.4003022,36.8726812],[127.4003563,36.8728147],[127.4003978,36.8729171],[127.4003904,36.8729548],[127.4003668,36.8729823],[127.4003242,36.8730125],[127.4002836,36.8730354],[127.400256,36.873048],[127.3998869,36.8730884],[127.3995846,36.8730611],[127.3995067,36.873057],[127.3996423,36.8733894],[127.3996807,36.8734293],[127.3998802,36.873665],[127.4001324,36.8736915],[127.4004812,36.873776],[127.4005917,36.8738854],[127.4005627,36.87392],[127.4004772,36.8740089],[127.4004549,36.8740247],[127.4001638,36.8742142],[127.3998645,36.8742938],[127.3997838,36.8743387],[127.3997735,36.8743449],[127.3997668,36.8743496],[127.3997611,36.8743544],[127.3997547,36.874361],[127.3997495,36.8743681],[127.399745,36.8743761],[127.3997387,36.8743886],[127.3997872,36.8744485],[127.3998012,36.8744461],[127.3998135,36.8744448],[127.3998286,36.8744439],[127.3998451,36.8744433],[127.3998621,36.8744433],[127.3999022,36.8744451],[127.3999437,36.8744501],[127.3999636,36.8744532],[127.4000479,36.8745886],[127.400071,36.8748038],[127.4000846,36.8749489],[127.3998429,36.8752879],[127.3996709,36.8755901],[127.3995121,36.8760401],[127.3995415,36.8760562],[127.3995368,36.8760886],[127.3994957,36.8761455],[127.3994938,36.8761525],[127.3994743,36.8762018],[127.3994554,36.876223],[127.3994457,36.8762737],[127.3994429,36.8762929],[127.3994426,36.8763046],[127.3994434,36.8763177],[127.3994451,36.8763309],[127.3994463,36.8763372],[127.3994587,36.8763863],[127.3994636,36.8764068],[127.3994663,36.8764211],[127.3994676,36.8764309],[127.3994685,36.8764419],[127.399469,36.8764539],[127.3994688,36.8764796],[127.3994681,36.8764923],[127.399467,36.8765049],[127.3994647,36.8765231],[127.3994612,36.876546],[127.3994571,36.876568],[127.3994493,36.876603],[127.3994408,36.876633],[127.3994209,36.876693],[127.3994168,36.8767081],[127.3994148,36.8767178],[127.3994136,36.8767314],[127.399413,36.8767449],[127.3994114,36.8768255],[127.3994102,36.8768539],[127.3994084,36.8768787],[127.3994062,36.876902],[127.3994016,36.8769365],[127.3993981,36.8769541],[127.3993952,36.876966],[127.3993845,36.8770024],[127.3993817,36.8770136],[127.3993785,36.8770291],[127.3993756,36.8770521],[127.399375,36.8770608],[127.3993747,36.8770732],[127.3993748,36.8770828],[127.3993843,36.8770834],[127.3993777,36.8771358],[127.3993765,36.8771374],[127.3993767,36.8771514],[127.3993758,36.8772018],[127.3993761,36.8772077],[127.399377,36.8772151],[127.3993799,36.8772284],[127.3993827,36.8772357],[127.3993884,36.877247],[127.3993928,36.8772541],[127.3994075,36.8772753],[127.3994305,36.8773061],[127.3994506,36.8773314],[127.3994609,36.8773425],[127.3994714,36.8773518],[127.3994774,36.8773563],[127.3994859,36.8773613],[127.3994908,36.8773634],[127.3994969,36.8773647],[127.399502,36.8773654],[127.3995263,36.8773674],[127.3995308,36.8773681],[127.3995372,36.8773696],[127.399546,36.8773723],[127.3995527,36.8773746],[127.3995613,36.8773786],[127.3995694,36.8773833],[127.3995735,36.8773861],[127.3995807,36.8773918],[127.3995884,36.8773983],[127.3995942,36.8774038],[127.3996077,36.8774181],[127.3996352,36.8774502],[127.3996459,36.8774647],[127.3996524,36.8774749],[127.3996585,36.8774854],[127.3996651,36.8774984],[127.3996677,36.8775045],[127.3996723,36.8775173],[127.3996751,36.8775272],[127.3996784,36.8775435],[127.3996795,36.8775526],[127.3996799,36.8775667],[127.3996796,36.8775717],[127.3996775,36.8775858],[127.399676,36.8775916],[127.3996733,36.8775983],[127.3996281,36.8776852],[127.3996128,36.877707],[127.399598,36.8777303],[127.3995943,36.877737],[127.3995875,36.877751],[127.3995796,36.8777689],[127.3995716,36.877789],[127.3995648,36.8778082],[127.3995503,36.8778554],[127.3995446,36.8778779],[127.3995415,36.8778928],[127.3995349,36.877916],[127.3995269,36.8779383],[127.3995222,36.8779487],[127.3995166,36.8779584],[127.3995102,36.8779675],[127.3995027,36.8779757],[127.3994933,36.8779836],[127.3994825,36.8779907],[127.3994705,36.8779972],[127.3994575,36.878003],[127.399429,36.8780134],[127.3993984,36.8780229],[127.3993668,36.8780358],[127.3993474,36.8780439],[127.3988923,36.8783382],[127.3988048,36.8783956],[127.3987377,36.8784687],[127.3987189,36.8785009],[127.3987609,36.8785416],[127.3987268,36.8785696],[127.3987088,36.8785898],[127.3986978,36.8786086],[127.3987036,36.8786147],[127.3987309,36.8786332],[127.3987398,36.8786507],[127.3987512,36.8786795],[127.3987752,36.878711],[127.398812,36.8787649],[127.3988345,36.8788035],[127.3988434,36.8788323],[127.3988501,36.8788672],[127.3988498,36.8788986],[127.3988467,36.8789099],[127.398831,36.8789301],[127.3988022,36.8789486],[127.3987648,36.8789659],[127.3987511,36.8789691],[127.3986101,36.8789737],[127.3986032,36.878989],[127.398603,36.8789973],[127.3986113,36.8790275],[127.398642,36.8791097],[127.3987901,36.8790677],[127.3988832,36.8790608],[127.3989495,36.8790756],[127.399032,36.8791744],[127.3991336,36.8793196],[127.3991568,36.8793393],[127.3991399,36.8793381],[127.3991236,36.879347],[127.3992683,36.879552],[127.3992775,36.879564],[127.3993262,36.8796647],[127.3994344,36.8797485],[127.3995097,36.8797548],[127.3995215,36.8797415],[127.3995263,36.8797445],[127.3996088,36.879848],[127.3996831,36.879912],[127.3997249,36.8799358],[127.3997443,36.8799467],[127.399772,36.8799988],[127.3999504,36.8802768],[127.3999361,36.8804073],[127.3999961,36.8804863],[127.4000624,36.8805263],[127.4000728,36.8805281],[127.4000974,36.8805302],[127.4001032,36.8805306],[127.4002584,36.8806079],[127.4003024,36.8806081],[127.4005055,36.8806433],[127.4006022,36.8806967],[127.4006918,36.8807257],[127.4007321,36.8807339],[127.4007536,36.8807615],[127.4007416,36.8807854],[127.4007917,36.8808205],[127.400863,36.8808248],[127.4008677,36.8808257],[127.4009464,36.8808161],[127.4010156,36.8807989],[127.4011129,36.8807701],[127.4011762,36.8807485],[127.4012473,36.8807159],[127.4012758,36.880702],[127.4013796,36.8806459],[127.4015615,36.8805432],[127.4015707,36.8805387],[127.4015839,36.8805322],[127.4016485,36.8806059],[127.4016316,36.8806533],[127.4014965,36.8807364],[127.401416,36.8807869],[127.4013913,36.8808155],[127.4014312,36.8808416],[127.4014723,36.8808788],[127.4015936,36.8809684],[127.4016596,36.8810239],[127.4017214,36.8810736],[127.4017594,36.8811161],[127.4018002,36.8811535],[127.4018238,36.8811791],[127.4018338,36.8811974],[127.4018382,36.8812207],[127.4018384,36.8812399],[127.4018362,36.8812619],[127.4018352,36.8812836],[127.401837,36.8812914],[127.4018528,36.8813352],[127.4019131,36.8814437],[127.4019864,36.8815426],[127.402139,36.8817353],[127.4018023,36.8818942],[127.4017893,36.8819134],[127.4017888,36.881916],[127.4018604,36.882036],[127.4019226,36.8821411],[127.4019791,36.8822418],[127.4020074,36.8822904],[127.4020245,36.8823232],[127.4020413,36.8823602],[127.4020592,36.8824068],[127.4020715,36.8824428],[127.4020809,36.8824791],[127.4020891,36.8825218],[127.4020952,36.882566],[127.4020976,36.8826253],[127.4020944,36.8827038],[127.4020903,36.8827474],[127.4020855,36.8827829],[127.4020729,36.8828428],[127.4020612,36.8828882],[127.4020504,36.8829203],[127.4020129,36.8830082],[127.402055,36.8830411],[127.4020463,36.8831065],[127.4020285,36.8831201],[127.4022265,36.8832882],[127.4022341,36.8832728],[127.4022149,36.883236],[127.4021918,36.8832132],[127.4023348,36.8830337],[127.4023481,36.883018],[127.4023634,36.8830034],[127.4023683,36.8829991],[127.4023729,36.8829956],[127.4023792,36.8829918],[127.4023825,36.8829905],[127.4023891,36.8829887],[127.4023944,36.8829884],[127.4023976,36.8829889],[127.4024016,36.8829903],[127.402412,36.8829951],[127.4024194,36.8829991],[127.4024306,36.8830065],[127.4024386,36.8830133],[127.4024455,36.8830199],[127.4024773,36.8830516],[127.4024841,36.8830574],[127.4024887,36.8830604],[127.4024946,36.8830633],[127.4024975,36.8830644],[127.402504,36.883066],[127.4025096,36.8830668],[127.4025154,36.8830671],[127.4025224,36.8830668],[127.4025258,36.8830663],[127.4025331,36.8830644],[127.4025392,36.8830622],[127.4025507,36.8830567],[127.4025891,36.8830366],[127.4026159,36.8830219],[127.4026403,36.8830078],[127.4026667,36.8829909],[127.4026825,36.8829812],[127.4027083,36.8829665],[127.4027277,36.8829566],[127.4027363,36.882953],[127.4027448,36.8829502],[127.4027924,36.882938],[127.4027997,36.8829357],[127.4028115,36.882931],[127.4028202,36.8829263],[127.4028366,36.8829164],[127.4028513,36.882907],[127.4028828,36.8828857],[127.4029028,36.8828728],[127.402989,36.8828204],[127.4029998,36.8828141],[127.403015,36.8828058],[127.4030298,36.8827987],[127.4031491,36.882727],[127.4031556,36.8827233],[127.4031626,36.8827203],[127.4031664,36.882719],[127.4031755,36.8827168],[127.4031821,36.8827158],[127.403244,36.8827057],[127.4032705,36.8827],[127.4032853,36.8826963],[127.4033058,36.8826907],[127.4033327,36.8826826],[127.4033506,36.8826759],[127.403358,36.8826721],[127.4033656,36.8826665],[127.4033701,36.8826625],[127.4033836,36.8826493],[127.4033903,36.8826413],[127.4033964,36.8826321],[127.4033995,36.8826268],[127.4034076,36.8826105],[127.4034104,36.8826034],[127.4034131,36.8825936],[127.4034277,36.8825237],[127.4034325,36.8825081],[127.4034375,36.8824957],[127.4034462,36.8824795],[127.4034525,36.8824692],[127.4035085,36.8823814],[127.4035145,36.8823712],[127.4035199,36.8823597],[127.4035224,36.8823529],[127.4035243,36.8823459],[127.4035259,36.8823359],[127.4035284,36.8822962],[127.4035292,36.8822894],[127.403531,36.8822802],[127.4035353,36.8822665],[127.4035402,36.8822528],[127.4035619,36.8821963],[127.4035742,36.8821617],[127.4035785,36.8821456],[127.403581,36.8821338],[127.4035886,36.8820879],[127.4035903,36.882081],[127.4035929,36.8820735],[127.4035986,36.8820608],[127.4036045,36.8820518],[127.4036274,36.8820266],[127.4036365,36.882016],[127.4036419,36.8820091],[127.4036488,36.8819993],[127.4036562,36.8819865],[127.4036622,36.8819749],[127.4036668,36.8819653],[127.4036767,36.8819331],[127.4036789,36.8819178],[127.403681,36.8819085],[127.4036831,36.8819025],[127.4036866,36.8818948],[127.4036913,36.8818872],[127.4036943,36.8818832],[127.4036996,36.8818769],[127.4037037,36.8818726],[127.4037122,36.8818642],[127.4037192,36.8818578],[127.4037319,36.881848],[127.4037563,36.8818309],[127.4037627,36.8818262],[127.4037696,36.8818204],[127.4037775,36.881812],[127.4037782,36.8818108],[127.4037788,36.8818085],[127.4037787,36.8818061],[127.4037778,36.8818038],[127.4037762,36.8818018],[127.4037734,36.8817998],[127.4037705,36.8817983],[127.4037674,36.8817972],[127.4037464,36.8817922],[127.4036987,36.8817822],[127.4036893,36.88178],[127.4036782,36.8817769],[127.4036649,36.8817721],[127.4036172,36.8817514],[127.403612,36.8817484],[127.4036004,36.8817405],[127.4035962,36.8817372],[127.4035871,36.8817292],[127.4035688,36.8817111],[127.4035643,36.8817058],[127.4035622,36.8817029],[127.4035538,36.8816882],[127.4035463,36.8816729],[127.4035392,36.8816567],[127.4035338,36.8816431],[127.4035274,36.8816257],[127.4035164,36.8815915],[127.4034968,36.8815271],[127.403493,36.8815158],[127.4034875,36.8815017],[127.4034845,36.8814949],[127.4034807,36.8814877],[127.4034724,36.8814732],[127.4034382,36.8814166],[127.4034317,36.8814046],[127.4034259,36.8813926],[127.4034186,36.8813756],[127.4034161,36.8813682],[127.4033909,36.8812804],[127.4033786,36.8812402],[127.4033706,36.8812156],[127.4033647,36.8812001],[127.4033584,36.881185],[127.4033404,36.8811454],[127.4033298,36.8811232],[127.4033112,36.8810868],[127.4033063,36.8810778],[127.4032966,36.8810621],[127.4032763,36.8810301],[127.4031885,36.8809031],[127.4031711,36.8808727],[127.4031611,36.8808563],[127.4031174,36.8807901],[127.4030921,36.8807526],[127.4030825,36.8807392],[127.4030368,36.8806784],[127.403007,36.8806398],[127.4029805,36.880607],[127.4029585,36.8805804],[127.4029432,36.8805628],[127.4029144,36.8805313],[127.4029061,36.8805226],[127.4028869,36.8805039],[127.4028552,36.8804743],[127.4028338,36.8804562],[127.4028222,36.8804471],[127.4028139,36.880441],[127.402703,36.8803651],[127.4026666,36.8803398],[127.4026273,36.8803116],[127.4025606,36.8802631],[127.4025508,36.8802555],[127.4025362,36.8802436],[127.4025119,36.8802217],[127.4025079,36.8802177],[127.4025046,36.8802137],[127.4025014,36.8802088],[127.402499,36.8802041],[127.4024974,36.8801997],[127.4024963,36.8801951],[127.4024944,36.8801747],[127.4024932,36.8801683],[127.4024905,36.8801605],[127.4024878,36.8801565],[127.402485,36.8801532],[127.4024792,36.8801471],[127.4024727,36.8801412],[127.4024652,36.8801357],[127.4024546,36.8801295],[127.4024526,36.8801268],[127.4024495,36.8801198],[127.4024455,36.8801071],[127.402445,36.8801041],[127.402445,36.8800998],[127.4024464,36.8800891],[127.4024464,36.8800644],[127.4024453,36.8800559],[127.4024443,36.8800533],[127.402443,36.8800521],[127.4024421,36.880052],[127.4024411,36.8800524],[127.4024387,36.8800544],[127.4024328,36.8800626],[127.4024184,36.8800885],[127.4023935,36.8801373],[127.4023903,36.880142],[127.4023852,36.880148],[127.402377,36.8801562],[127.4023552,36.8801762],[127.4023344,36.8801938],[127.4022781,36.8802396],[127.4022381,36.8802709],[127.4022142,36.880289],[127.4021926,36.8803048],[127.4021492,36.8803349],[127.4021421,36.8803394],[127.4021381,36.8803395],[127.4021107,36.8803384],[127.4021046,36.8803387],[127.4021,36.8803394],[127.4020978,36.88034],[127.4020959,36.8803408],[127.4020947,36.8803417],[127.4020927,36.8803434],[127.4020891,36.8803454],[127.4020874,36.880346],[127.4020861,36.8803462],[127.4020169,36.8802747],[127.4020412,36.8802575],[127.4021013,36.8802167],[127.4021627,36.8801665],[127.4022246,36.8801068],[127.4022807,36.8800395],[127.4023134,36.8799982],[127.402361,36.8799185],[127.4023856,36.8798666],[127.4024067,36.8798074],[127.402421,36.8797572],[127.4023978,36.8797576],[127.4024127,36.8797069],[127.4024176,36.8794918],[127.4024086,36.8794849],[127.402407,36.8794831],[127.4024066,36.8794397],[127.4024051,36.8793943],[127.4024034,36.8793708],[127.4024006,36.8793425],[127.4023881,36.8792472],[127.4023822,36.8792086],[127.4023793,36.8791924],[127.402376,36.8791765],[127.4023652,36.8791325],[127.4023339,36.8790145],[127.4023162,36.8789389],[127.4023133,36.8789281],[127.4023113,36.8789221],[127.4023041,36.8788409],[127.4019745,36.8774221],[127.4019986,36.8774157],[127.4019777,36.8772703],[127.4019696,36.877207],[127.4019665,36.8771767],[127.401964,36.8771397],[127.4019634,36.8771136],[127.4019629,36.8770588],[127.4019635,36.877028],[127.4019643,36.8770056],[127.4019682,36.876936],[127.4019689,36.876918],[127.4019692,36.8768974],[127.4019684,36.8768807],[127.4019674,36.876869],[127.4019651,36.8768509],[127.4019979,36.8766627],[127.4020026,36.8765635],[127.4020092,36.8765473],[127.4020263,36.8765076],[127.402049,36.8764558],[127.4020696,36.87641],[127.402082,36.8763834],[127.4020961,36.8763554],[127.402103,36.8763428],[127.4021205,36.8763137],[127.4021264,36.876305],[127.4021314,36.8762987],[127.4021391,36.8762903],[127.4021434,36.8762862],[127.4021523,36.8762787],[127.4021593,36.8762736],[127.4021677,36.8762685],[127.4021745,36.8762648],[127.4022112,36.8762461],[127.4022231,36.8762394],[127.4022455,36.8762249],[127.4022921,36.8761925],[127.4023039,36.8761847],[127.4023127,36.8761792],[127.4023216,36.8761743],[127.4023293,36.8761705],[127.402336,36.8761676],[127.4023465,36.8761644],[127.402353,36.876163],[127.4023609,36.876162],[127.4023714,36.8761612],[127.4024084,36.8761594],[127.4024174,36.8761586],[127.4024212,36.876158],[127.4024519,36.8761621],[127.4025864,36.8760048],[127.4026624,36.8759568],[127.402892,36.8756448],[127.4030085,36.8754552],[127.4030862,36.8753627],[127.4031819,36.8751875],[127.4031977,36.8751107],[127.4032264,36.8749897],[127.4032439,36.874908],[127.4032607,36.8748512],[127.4032775,36.8745799],[127.4032879,36.8745596],[127.4034092,36.8743412],[127.4034474,36.8741239],[127.4034751,36.8739882],[127.4035048,36.8738515],[127.4035191,36.8736942],[127.4037872,36.8733696],[127.4038143,36.8733399],[127.4038543,36.8733116],[127.4038938,36.8732616],[127.4039754,36.8731953],[127.4041298,36.873054],[127.4042211,36.8729736],[127.4043944,36.8728746],[127.4044321,36.8728459],[127.4047065,36.8724091],[127.4048044,36.8723296],[127.4048141,36.8723077],[127.4050749,36.8721516],[127.4054546,36.8719542],[127.4057593,36.8720007],[127.4059281,36.8721848],[127.4061219,36.8723227],[127.4062856,36.8724377],[127.406515,36.8725118],[127.4066005,36.8724873],[127.4066894,36.8724678],[127.4067425,36.8724753],[127.4068508,36.8725037],[127.4069571,36.8725453],[127.4069943,36.872557],[127.4070126,36.872539],[127.4069768,36.8723507],[127.4069551,36.8721521],[127.4069524,36.8719684],[127.4069564,36.8719327],[127.4069968,36.8719047],[127.4070195,36.8718984],[127.4070844,36.8718796],[127.4073759,36.871828],[127.4075019,36.8717783],[127.4076138,36.8717593],[127.4076724,36.8717306],[127.4077231,36.8716756],[127.4078925,36.8716219],[127.4079543,36.8716538],[127.4080497,36.8717128],[127.408076,36.8717121],[127.4081686,36.8716868],[127.4082458,36.8716557],[127.4083246,36.8716054],[127.408408,36.8715381],[127.4084355,36.8715044],[127.4084452,36.8714623],[127.4084463,36.8714055],[127.4086606,36.8713029],[127.4092397,36.871048],[127.4092496,36.8710321],[127.4092825,36.8710246],[127.4094763,36.8709906],[127.4095102,36.8709888],[127.409649,36.8710073],[127.4096987,36.8710061],[127.4098873,36.8710265],[127.4099837,36.8710353],[127.410038,36.8710756],[127.4102081,36.8712039],[127.4101814,36.8711076],[127.4103949,36.871102],[127.4103879,36.8710984],[127.4104267,36.8708812],[127.4104682,36.8705805],[127.4106998,36.8702116],[127.4107356,36.8701578],[127.4107191,36.8701285],[127.4107412,36.8701101],[127.4107268,36.8700984],[127.4107175,36.8700615],[127.4106758,36.8699011],[127.4105993,36.8696094],[127.4105844,36.8695499],[127.4104901,36.8691916],[127.4104622,36.8690376],[127.4104156,36.8688532],[127.4103452,36.8685792],[127.4103385,36.868553],[127.4104203,36.8682409],[127.4104573,36.8681992],[127.410508,36.868172],[127.4105657,36.8681477],[127.4105822,36.8681443],[127.4106005,36.8681419],[127.4106215,36.868141],[127.4106613,36.8681412],[127.4107372,36.8681455],[127.4107986,36.8681504],[127.4108879,36.8681631],[127.4110193,36.8681911],[127.4111123,36.8682055],[127.4111942,36.8682299],[127.4113327,36.8682709],[127.4115079,36.8683229],[127.4117982,36.8684088],[127.4118652,36.8684293],[127.4122449,36.8685707],[127.4123726,36.8686222],[127.4128532,36.868774],[127.4129574,36.8688101],[127.4129766,36.8688171],[127.4133865,36.8689657],[127.4134138,36.8689756],[127.4134556,36.8690074],[127.4135802,36.8690051],[127.4142817,36.8691295],[127.4144496,36.8691496],[127.4145449,36.8691615],[127.4146041,36.8691657],[127.4146578,36.8691576],[127.4147166,36.8691612],[127.414748,36.8691351],[127.4150691,36.8691343],[127.4151016,36.8691284],[127.4151144,36.8691248],[127.4151915,36.869123],[127.4153341,36.8691241],[127.4156128,36.8691341],[127.415614,36.8691452],[127.4159261,36.8691728],[127.4159441,36.8691754],[127.4159549,36.8691588],[127.4161726,36.8692237],[127.4163692,36.8691968],[127.4164923,36.8691797],[127.4166027,36.8691845],[127.4167935,36.8691943],[127.4170471,36.8691865],[127.4171531,36.8691833],[127.4172349,36.869213],[127.4173912,36.8692505],[127.4175903,36.8692743],[127.4177833,36.8692802],[127.4179008,36.8693036],[127.4180666,36.8692514],[127.418289,36.8691801],[127.4185534,36.8691862],[127.4186091,36.8691886],[127.4186693,36.8691932],[127.4186834,36.8691973],[127.4187225,36.8691579],[127.418844,36.8691603],[127.4188481,36.8691961],[127.4190563,36.8692026],[127.419114,36.8692057],[127.4192532,36.869209],[127.4192625,36.869211],[127.4192657,36.8692106],[127.4192675,36.8692122],[127.4189765,36.8693193],[127.419113,36.8693518],[127.4192592,36.8693922],[127.4193974,36.8693413],[127.4194312,36.8693297],[127.4198424,36.8691854],[127.4199283,36.8691567],[127.4201295,36.8691008],[127.4201791,36.8690965],[127.4203335,36.8690287],[127.4203787,36.8690266],[127.4204872,36.8689892],[127.4204839,36.8689667],[127.4207659,36.8688804],[127.4208931,36.8688411],[127.4209689,36.8688238],[127.4209774,36.8688429],[127.4210418,36.868816],[127.4210504,36.8688052],[127.4211803,36.8687697],[127.4212215,36.868759],[127.4213622,36.868709],[127.4218087,36.86857],[127.4218061,36.868557],[127.4218898,36.8685291],[127.4219676,36.8685036],[127.4222383,36.8684141],[127.422579,36.8683332],[127.4226449,36.8683143],[127.422729,36.8682941],[127.4227932,36.8682786],[127.4229365,36.8682375],[127.4234458,36.8680942],[127.4238378,36.8679854],[127.4239556,36.8679511],[127.4240273,36.8679479],[127.4240825,36.8679242],[127.4241025,36.867919],[127.4241654,36.8679082],[127.4241632,36.8678982],[127.4243559,36.8678434],[127.4245044,36.8678094],[127.4246765,36.8677692],[127.4249091,36.867716],[127.4250779,36.8676686],[127.4251444,36.8676492],[127.4252808,36.8676235],[127.4253803,36.8675875],[127.4253939,36.8675813],[127.4257097,36.867495],[127.425721,36.8674917],[127.4259772,36.8674336],[127.4265008,36.8672832],[127.4266289,36.86725],[127.4266802,36.8672365],[127.4268513,36.8671908],[127.4270246,36.8671455],[127.4270906,36.8671309],[127.4275804,36.8670213],[127.4279145,36.8669541],[127.4279188,36.8669383],[127.4279765,36.8669274],[127.4279722,36.8669425],[127.4280429,36.866928],[127.4280488,36.8669253],[127.4283791,36.8668512],[127.4283836,36.8668563],[127.4284935,36.8668216],[127.4292107,36.866637],[127.4293194,36.8666217],[127.4293757,36.8666134],[127.4294698,36.8665992],[127.4294671,36.8665923],[127.430091,36.8664392],[127.4304866,36.8663591],[127.4306003,36.8663358],[127.4306718,36.8663076],[127.4307326,36.8662827],[127.4311143,36.866197],[127.4311599,36.8662227],[127.4311658,36.8662257],[127.4312865,36.8662733],[127.4313018,36.8662782],[127.4313389,36.8662849],[127.4315975,36.866291],[127.4317913,36.8662094],[127.4321877,36.866133],[127.4326135,36.8660512],[127.4327968,36.8660162],[127.4328227,36.8660032],[127.4328722,36.8659937],[127.432927,36.8659812],[127.4331054,36.8659604],[127.433181,36.8659515],[127.4335544,36.8659234],[127.4335745,36.8659238],[127.4336312,36.8659013],[127.4337026,36.8659302],[127.4337931,36.8658832],[127.4341094,36.8657462],[127.4349567,36.865406],[127.4350473,36.865411],[127.4351191,36.865382],[127.4354096,36.8652835],[127.4354416,36.8652657],[127.4354318,36.8652365],[127.4354783,36.8652122],[127.4355469,36.8651872],[127.4363028,36.8649347],[127.436393,36.8649013],[127.4364609,36.8648771],[127.4373062,36.8645685],[127.4374485,36.8644475],[127.4380018,36.8642441],[127.4384471,36.8640546],[127.439115,36.863794],[127.439176,36.8637665],[127.4393046,36.863652],[127.4394153,36.8635529],[127.4395783,36.8634476],[127.4397343,36.8633457],[127.4400344,36.8631319],[127.4400895,36.8630917],[127.4401456,36.8630423],[127.4403509,36.862857],[127.440502,36.862721],[127.4407309,36.8629111],[127.4407111,36.8629283],[127.4406692,36.8629648],[127.4406717,36.8629673],[127.4407098,36.8629437],[127.4409127,36.8628237],[127.440945,36.8628518],[127.4409694,36.8628085],[127.4409245,36.8628192],[127.4406609,36.8626075],[127.4409,36.8623759],[127.4409358,36.8623417],[127.4410452,36.8622354],[127.441273,36.862041],[127.4412878,36.86204],[127.4414206,36.8620298],[127.4414799,36.8620242],[127.4414774,36.8620611],[127.4415012,36.8620315],[127.4415532,36.8619365],[127.441577,36.8618989],[127.4418289,36.861596],[127.4418985,36.8615317],[127.4418975,36.861531],[127.4419974,36.8614521],[127.4420461,36.861415],[127.4420973,36.8613783],[127.4421131,36.8613662],[127.4421351,36.8613461],[127.4421708,36.8613187],[127.4422626,36.8612471],[127.4423168,36.8612203],[127.4423377,36.8612094],[127.4425205,36.8611186],[127.4425412,36.8611072],[127.4426544,36.8610516],[127.4426954,36.8610324],[127.4427158,36.8610188],[127.4427291,36.8610175],[127.4427923,36.860991],[127.4430355,36.8608973],[127.443138,36.8608631],[127.4431504,36.8608598],[127.4432145,36.8608137],[127.4432191,36.8608304],[127.443291,36.8608033],[127.443582,36.8606998],[127.443845,36.8606059],[127.4441373,36.8605088],[127.4443349,36.8604462],[127.4445692,36.8603706],[127.4446018,36.8603607],[127.4447965,36.8602939],[127.4448653,36.8602706],[127.4448886,36.8602563],[127.4450623,36.860197],[127.4450937,36.8601863],[127.4453088,36.860119],[127.4454984,36.8600599],[127.445513,36.860055],[127.4455571,36.8600415],[127.4456441,36.8600138],[127.4456832,36.8600017],[127.4457423,36.8599822],[127.4459225,36.8599226],[127.4460489,36.8598811],[127.4463083,36.8597963],[127.4464189,36.8597607],[127.4467073,36.859671],[127.4467723,36.8596503],[127.4467597,36.8596894],[127.4468244,36.859672],[127.4470471,36.8596072],[127.4471115,36.8595888],[127.4472448,36.8595501],[127.4473811,36.8595094],[127.4475286,36.8594676],[127.4477093,36.8594141],[127.4479305,36.8593569],[127.4479507,36.8593548],[127.4480503,36.8593417],[127.4481635,36.8593174],[127.4483964,36.8592628],[127.4485624,36.8592225],[127.4486518,36.8592018],[127.4489627,36.859137],[127.4490679,36.8591138],[127.4492068,36.8590839],[127.4494946,36.8590188],[127.4495295,36.8590119],[127.4497828,36.8589678],[127.4498101,36.858963],[127.4500055,36.858929],[127.4503549,36.8588716],[127.450489,36.8588502],[127.4510107,36.8587694],[127.451456,36.8587051],[127.4515426,36.8586919],[127.4518297,36.858648],[127.4522951,36.8585769],[127.4523364,36.8585696],[127.4523549,36.8585729],[127.4524167,36.8585839],[127.4525176,36.8585664],[127.4528943,36.858507],[127.4529695,36.8584944],[127.4531862,36.8584582],[127.4532763,36.8584452],[127.4539196,36.858354],[127.4540404,36.858349],[127.4541658,36.858318],[127.4543221,36.8582817],[127.4546612,36.8582378],[127.4546706,36.858237],[127.454798,36.8582048],[127.4549901,36.8581763],[127.4552608,36.8581365],[127.455409,36.8581153],[127.4555968,36.8580884],[127.4556281,36.858084],[127.4557119,36.8580524],[127.4557299,36.8580601],[127.4557904,36.8580359],[127.4558637,36.8580276],[127.4559311,36.8580154],[127.4560638,36.8580161],[127.4562147,36.8579919],[127.4563953,36.8579642],[127.4564479,36.857957],[127.4564984,36.8579278],[127.456553,36.8579196],[127.4566367,36.8579048],[127.4566992,36.8578935],[127.4567256,36.8578889],[127.4572052,36.857804],[127.4572715,36.857793],[127.4573676,36.8577764],[127.457523,36.8577445],[127.4576346,36.8577222],[127.4577944,36.8576917],[127.4578457,36.8576849],[127.4579076,36.8576763],[127.4579335,36.8576726],[127.4581329,36.857643],[127.4583259,36.8576177],[127.4583836,36.857605],[127.4585266,36.8575814],[127.458655,36.8575613],[127.4586927,36.8575541],[127.45874,36.8575452],[127.4589024,36.8575201],[127.4591101,36.8574882],[127.4591877,36.8574758],[127.4591763,36.857514],[127.4592526,36.8574989],[127.4595616,36.857429],[127.4598722,36.8573596],[127.4600811,36.8572995],[127.4604445,36.8571844],[127.4607863,36.8570505],[127.4611773,36.8568832],[127.4613288,36.8568318],[127.4614309,36.8567851],[127.4615621,36.8567266],[127.4616158,36.8566874],[127.461792,36.8565861],[127.4619856,36.8564761],[127.4623342,36.8562374],[127.462668,36.8559774],[127.462806,36.8558768],[127.4629903,36.8557],[127.4632846,36.8554198],[127.4633518,36.855356],[127.4633524,36.8553569],[127.4633933,36.8553219],[127.4634809,36.8552454],[127.4640802,36.8546393],[127.4640782,36.8546173],[127.4645247,36.8542017],[127.464867,36.8538775],[127.4649611,36.8537833],[127.4650574,36.8536875],[127.4651011,36.8536406],[127.465519,36.8532294],[127.4655368,36.8532084],[127.4655806,36.8531858],[127.4658268,36.8529404],[127.4658595,36.8528846],[127.4658812,36.8528895],[127.4660003,36.8527527],[127.4661393,36.8525978],[127.4663621,36.8523845],[127.4663915,36.8523888],[127.4664082,36.8523913],[127.4666726,36.8521382],[127.466887,36.8519322],[127.467015,36.8518364],[127.4670581,36.8518019],[127.467605,36.8513995],[127.4680217,36.8511148],[127.4680466,36.8510859],[127.4681616,36.8510203],[127.4682744,36.8509544],[127.4684871,36.8508279],[127.4685749,36.8507851],[127.4689253,36.8506161],[127.4691018,36.8505438],[127.4691574,36.8505218],[127.4696726,36.850352],[127.4702271,36.8502517],[127.4703119,36.8502446],[127.4706116,36.8502194],[127.4711357,36.8501926],[127.4714423,36.8501773],[127.4714952,36.8501761],[127.4723944,36.8501305],[127.472637,36.8501188],[127.4726761,36.8501132],[127.4727498,36.8501181],[127.4737709,36.8500607],[127.4744841,36.8499903],[127.474623,36.8499771],[127.4748724,36.8499278],[127.4749758,36.8498945],[127.4758614,36.8497012],[127.4758834,36.8496992],[127.4759313,36.8496948],[127.4770034,36.8494161],[127.4770758,36.8493925],[127.4778537,36.8491584],[127.4780453,36.8491103],[127.4780903,36.849099],[127.4781426,36.8490858],[127.4781083,36.8490447],[127.4788769,36.8488058],[127.4792589,36.8486712],[127.4794147,36.8487824],[127.4804339,36.8481771],[127.4805592,36.8481372],[127.4811523,36.8478704],[127.4812784,36.8477981],[127.4813395,36.8477566],[127.481414,36.847633],[127.4819295,36.8473986],[127.4823208,36.8472207],[127.482506,36.8471348],[127.4831152,36.8468569],[127.4832814,36.8467793],[127.4834946,36.8466799],[127.4835439,36.8466587],[127.48391,36.8464872],[127.4843081,36.8463027],[127.4844877,36.8462265],[127.4847091,36.8461387],[127.4847691,36.8461032],[127.4851454,36.8459526],[127.485146,36.8459557],[127.4851548,36.8459528],[127.4852508,36.8459126],[127.4857552,36.8456968],[127.4859298,36.8456203],[127.4859876,36.8455959],[127.4860507,36.8455845],[127.4860564,36.8455821],[127.4860509,36.8455685],[127.4861623,36.8455373],[127.4861815,36.8455291],[127.486341,36.8454586],[127.4866991,36.845304],[127.4868549,36.8452393],[127.4870623,36.8451554],[127.4871134,36.8451391],[127.4871487,36.8451296],[127.4872096,36.8451154],[127.4873101,36.8450994],[127.4874485,36.8450807],[127.487707,36.8450483],[127.4879492,36.8450192],[127.4880593,36.8450062],[127.4882184,36.8449878],[127.4883717,36.8449689],[127.4885182,36.844952],[127.4886753,36.8449349],[127.4889714,36.8449034],[127.4890683,36.8448838],[127.489156,36.8448659],[127.4891814,36.8448601],[127.4894194,36.8448118],[127.4894396,36.8448112],[127.4894984,36.8447926],[127.4896208,36.8447524],[127.4900486,36.8446114],[127.4902644,36.8445166],[127.4903452,36.8444833],[127.4904552,36.8444333],[127.4905714,36.8443764],[127.4906682,36.8443257],[127.4907744,36.8442666],[127.4908231,36.8442357],[127.4908231,36.8442351],[127.4908351,36.8442291],[127.4908458,36.8442911],[127.490946,36.844259],[127.490932,36.8441617],[127.4909855,36.8441193],[127.4910451,36.8440791],[127.4911215,36.8440248],[127.4911998,36.8439647],[127.4913196,36.8438687],[127.4914127,36.8437875],[127.4914463,36.8437876],[127.4914636,36.8437409],[127.4915519,36.8436596],[127.4916362,36.8435832],[127.4917281,36.8434916],[127.4917981,36.8434133],[127.4918613,36.8433372],[127.4919266,36.8432535],[127.4920045,36.8431461],[127.4920047,36.8431227],[127.4920039,36.8431217],[127.4920123,36.8430169],[127.4920839,36.8428874],[127.4921481,36.8427729],[127.4921666,36.8427399],[127.4921893,36.8427004],[127.4922009,36.8426777],[127.4922709,36.8425371],[127.4922809,36.8425173],[127.49232,36.8424201],[127.4924135,36.8421525],[127.4924244,36.8421474],[127.49245,36.8421339],[127.4925626,36.8421201],[127.4926325,36.8421182],[127.4926333,36.8421193],[127.4926626,36.8421069],[127.4926978,36.842093],[127.4926779,36.8420676],[127.4926,36.8420793],[127.492507,36.8420649],[127.4924925,36.8420507],[127.4924707,36.8420284],[127.4924875,36.8419309],[127.4925047,36.8418233],[127.4925326,36.8418192],[127.4925886,36.8416918],[127.4926445,36.8415264],[127.4926817,36.8414176],[127.4926709,36.8414187],[127.4926862,36.8413938],[127.4928879,36.8408053],[127.4929777,36.8405433],[127.4930515,36.8404579],[127.4930753,36.8404288],[127.4931051,36.8404041],[127.4931841,36.8403379],[127.4932514,36.840314],[127.4935248,36.8403176],[127.4935629,36.8402065],[127.4936788,36.8401469],[127.4937438,36.8401293],[127.493831,36.8401028],[127.4938667,36.8400924],[127.4940221,36.8400626],[127.4940925,36.8400487],[127.4941693,36.8400387],[127.4943618,36.8400227],[127.4951995,36.8399538],[127.4958567,36.8398933],[127.4958589,36.8398878],[127.4959529,36.8398991],[127.4959577,36.839888],[127.4960659,36.8398816],[127.4963495,36.8398805],[127.4966603,36.8398801],[127.49671,36.8399195],[127.4967169,36.8399254],[127.4968035,36.8400801],[127.4968444,36.8400698],[127.4968453,36.8400649],[127.4968693,36.8399623],[127.4968558,36.8398923],[127.4970799,36.8399157],[127.4972812,36.8399517],[127.4972968,36.8399559],[127.4974132,36.8399792],[127.4975347,36.8400057],[127.4969244,36.8386787],[127.496716,36.83874],[127.4946027,36.8391367],[127.4939278,36.8391956],[127.4941047,36.8386154],[127.4941922,36.8382809],[127.4942678,36.8382246],[127.4941723,36.8382544],[127.4938978,36.8382673],[127.4938916,36.8382633],[127.4938935,36.8382593],[127.4939322,36.8381058],[127.4936601,36.8381202],[127.4936604,36.8380974],[127.4936468,36.8380514],[127.4936232,36.8380178],[127.4935796,36.8379813],[127.4935352,36.8379397],[127.4934663,36.8378986],[127.4934501,36.8378942],[127.4933858,36.8378808],[127.4933581,36.8378706],[127.4932388,36.837826],[127.4931742,36.8377876],[127.4930717,36.8377218],[127.4930661,36.8374289],[127.4931034,36.8373102],[127.4930313,36.8373954],[127.4929415,36.8374258],[127.4928508,36.8374998],[127.492732,36.8376252],[127.4927195,36.8376702],[127.4927528,36.8377374],[127.4926722,36.8378771],[127.492491,36.8379828],[127.4924455,36.838011],[127.4924153,36.8380281],[127.4923766,36.8380498],[127.492324,36.8380853],[127.4922464,36.8381329],[127.4922005,36.8381582],[127.4921109,36.8381996],[127.4920609,36.8382253],[127.4920258,36.8381588],[127.4919789,36.8382315],[127.4919354,36.8382672],[127.4918782,36.8382735],[127.4917321,36.8382944],[127.4916505,36.8383648],[127.4916834,36.8384696],[127.4916902,36.8384842],[127.4916884,36.838486],[127.4914726,36.8386897],[127.4914428,36.8387397],[127.4914112,36.838736],[127.4913196,36.8387782],[127.4913083,36.8387897],[127.4911714,36.8389389],[127.491106,36.8390407],[127.4910307,36.839193],[127.4909603,36.8393962],[127.4909574,36.8394066],[127.4909117,36.8395672],[127.4909323,36.8395501],[127.490928,36.8395678],[127.4908837,36.8397434],[127.4908769,36.8397395],[127.4908295,36.8399598],[127.4907823,36.8401395],[127.4907111,36.8401619],[127.4906616,36.8403337],[127.4906387,36.8404083],[127.4905702,36.8407029],[127.4905329,36.8408727],[127.490357,36.8415506],[127.4903473,36.8415722],[127.4903013,36.8416474],[127.4902891,36.8416857],[127.4902442,36.8417581],[127.4901803,36.8418261],[127.4900916,36.8419122],[127.4899622,36.8420175],[127.4898209,36.8420971],[127.4897557,36.8421311],[127.4896949,36.8421593],[127.4896189,36.8421907],[127.4895485,36.8422149],[127.4894698,36.8422397],[127.4893972,36.842282],[127.4883303,36.8426097],[127.4882329,36.8426386],[127.4878024,36.8427718],[127.4871416,36.8429756],[127.4870781,36.8429963],[127.4866852,36.843117],[127.4859868,36.8433286],[127.4859097,36.8433603],[127.4857771,36.8434138],[127.4857,36.8434464],[127.4854514,36.8435675],[127.4852588,36.8436603],[127.4849316,36.8438072],[127.4848714,36.8438415],[127.4839143,36.8443088],[127.4838449,36.844341],[127.4828709,36.8448053],[127.4828078,36.8448382],[127.4818684,36.8453134],[127.4817877,36.8453554],[127.4808461,36.8458485],[127.4807642,36.8458947],[127.4804985,36.8460435],[127.4803688,36.8461105],[127.480182,36.8462034],[127.4798929,36.8464002],[127.4798625,36.8464249],[127.4798503,36.8464434],[127.4797251,36.8464855],[127.4792351,36.846713],[127.4788043,36.8469128],[127.4787485,36.846855],[127.4786877,36.8468888],[127.4784934,36.8469974],[127.4777196,36.8473514],[127.4776649,36.8473761],[127.4775976,36.8473667],[127.4775423,36.8473941],[127.4774623,36.8474216],[127.4774009,36.8474759],[127.4766512,36.8476025],[127.4766103,36.8476107],[127.4764531,36.8476373],[127.4763897,36.8476614],[127.476185,36.8476799],[127.4759121,36.8477182],[127.4758932,36.8477195],[127.475668,36.8477176],[127.4753704,36.8476858],[127.4751441,36.8476558],[127.4750956,36.8476511],[127.4750923,36.847662],[127.4748881,36.8476391],[127.4748217,36.8476284],[127.4745481,36.8475853],[127.4745133,36.8477225],[127.4743317,36.8480257],[127.4743203,36.8480278],[127.473656,36.8479299],[127.4735872,36.8479196],[127.4735345,36.8479117],[127.4731672,36.8480666],[127.4731331,36.8481032],[127.4727467,36.8481054],[127.472745,36.8481054],[127.4725952,36.8481433],[127.4724674,36.8481744],[127.4722299,36.8482334],[127.4720194,36.8482698],[127.4719801,36.8483154],[127.4719144,36.8483945],[127.4714686,36.8484639],[127.4712159,36.8485032],[127.4705853,36.8486008],[127.4703652,36.8486341],[127.4700439,36.8486829],[127.4697962,36.8487217],[127.4694925,36.8487691],[127.4689456,36.8488746],[127.4688236,36.8489037],[127.4688125,36.8488742],[127.4688066,36.8488744],[127.4688015,36.8488746],[127.4686972,36.848902],[127.4686486,36.848922],[127.4686074,36.848943],[127.4685698,36.8489608],[127.4685594,36.8489674],[127.4683565,36.8490158],[127.4680619,36.8490868],[127.4680124,36.8490992],[127.4680026,36.8490891],[127.467989,36.8490987],[127.4679941,36.8490832],[127.4678417,36.8491031],[127.4671697,36.8492797],[127.466991,36.8493457],[127.4669704,36.8492939],[127.4669648,36.8492883],[127.466945,36.8492611],[127.4669342,36.8492446],[127.4669262,36.8492411],[127.4669008,36.8492222],[127.4668645,36.8492142],[127.4668147,36.8492204],[127.4667687,36.8492199],[127.4666845,36.8491731],[127.4665962,36.8494979],[127.4665428,36.8495342],[127.4664527,36.849594],[127.4664302,36.84958],[127.4663461,36.8496199],[127.4662456,36.8496906],[127.4661607,36.8497659],[127.4661114,36.8498074],[127.4660072,36.8499017],[127.4658283,36.8500546],[127.4656347,36.8502213],[127.4655399,36.8503035],[127.4654812,36.850351],[127.4654207,36.8503899],[127.4653522,36.8504722],[127.4653288,36.8505218],[127.4651969,36.8506715],[127.4650769,36.8507999],[127.4649966,36.8508627],[127.4648137,36.8510615],[127.4646661,36.8511861],[127.464659,36.8512395],[127.4646293,36.8512689],[127.4640788,36.8518046],[127.4640058,36.8517626],[127.4639474,36.8517514],[127.4638653,36.8517907],[127.463779,36.8518613],[127.4637406,36.8519187],[127.4630078,36.8526332],[127.4629725,36.8526667],[127.4629444,36.8526916],[127.4622902,36.8533127],[127.4621596,36.8535466],[127.4621213,36.8536195],[127.4620663,36.8536719],[127.4620394,36.8536997],[127.4619556,36.853781],[127.4618453,36.8538918],[127.4617711,36.8539643],[127.4615976,36.8541405],[127.461491,36.8542244],[127.4614477,36.8542585],[127.4613648,36.8543286],[127.4613235,36.8543813],[127.4612561,36.8544541],[127.4612039,36.854513],[127.4610198,36.8547165],[127.4609453,36.8547891],[127.4607478,36.8549648],[127.4606432,36.85506],[127.4606035,36.8551007],[127.4605095,36.8551649],[127.4604218,36.8552074],[127.4604619,36.8552608],[127.460406,36.855307],[127.4602778,36.8553807],[127.4602102,36.8554203],[127.4600702,36.8554992],[127.4599351,36.8555723],[127.4597771,36.8556534],[127.4596693,36.8557054],[127.4595099,36.8557796],[127.4594532,36.8558079],[127.4592466,36.8558838],[127.4589954,36.8559687],[127.4587308,36.8560457],[127.4586263,36.8560683],[127.4584702,36.8561082],[127.4583768,36.856125],[127.4582066,36.8561545],[127.4580858,36.856174],[127.4580251,36.8561869],[127.4579292,36.8562049],[127.4577958,36.8562261],[127.4578198,36.8562085],[127.4578051,36.8561708],[127.4577543,36.8561827],[127.457672,36.8561978],[127.4575407,36.8562079],[127.4573192,36.8562511],[127.4572371,36.8562667],[127.4571826,36.8562749],[127.4571342,36.8562822],[127.4562956,36.8564102],[127.4559534,36.856462],[127.455882,36.8564791],[127.4556178,36.8565223],[127.4549704,36.8566277],[127.4546949,36.8566786],[127.4545915,36.8566975],[127.4541468,36.8567751],[127.4536282,36.856849],[127.4533717,36.856886],[127.453326,36.8569379],[127.4531968,36.856956],[127.4530803,36.8569575],[127.4530001,36.8569523],[127.4528745,36.8569417],[127.452747,36.8569247],[127.4526273,36.8569079],[127.4524651,36.8568733],[127.4524211,36.8568626],[127.4524148,36.8568604],[127.4524111,36.8568575],[127.4522506,36.8568006],[127.452166,36.8567734],[127.4520405,36.8567296],[127.451979,36.8567039],[127.4519697,36.8566968],[127.4519677,36.856694],[127.4519057,36.8566605],[127.4518994,36.8566578],[127.4518407,36.8566262],[127.4518145,36.8566112],[127.4517921,36.8565991],[127.4516788,36.8565362],[127.4516742,36.8565328],[127.4516538,36.8565356],[127.451624,36.8565194],[127.4516123,36.8565244],[127.4515962,36.8565165],[127.4515492,36.8564765],[127.4514372,36.8563478],[127.4511521,36.8564828],[127.4511442,36.8564793],[127.4511349,36.856491],[127.4509364,36.856585],[127.4509366,36.8565828],[127.4509099,36.8565257],[127.4508953,36.8564927],[127.450816,36.8566157],[127.4507926,36.8566865],[127.4507622,36.8567274],[127.4507256,36.8568203],[127.4506492,36.8568727],[127.4505875,36.8569157],[127.4505217,36.8569562],[127.4504314,36.8570148],[127.4503993,36.8570373],[127.4503523,36.8570745],[127.4502747,36.857108],[127.4501032,36.8571843],[127.4500865,36.8571901],[127.4500857,36.8571955],[127.450048,36.8572123],[127.4498439,36.8572982],[127.4497877,36.85732],[127.4495484,36.8574076],[127.4494069,36.8574602],[127.4493334,36.8574782],[127.4489073,36.8575917],[127.4488712,36.8576018],[127.4486527,36.8576241],[127.4483301,36.8576581],[127.448214,36.8576792],[127.4481965,36.8576788],[127.44814,36.8576743],[127.4481452,36.8577004],[127.4479545,36.8577311],[127.4476226,36.8578042],[127.4473251,36.8578777],[127.4471371,36.8579347],[127.4471051,36.8579436],[127.4469202,36.8579959],[127.4469207,36.8579996],[127.4468791,36.8580061],[127.4467461,36.8581135],[127.4466928,36.8581445],[127.4465706,36.8581614],[127.4465326,36.8581697],[127.4463359,36.8582424],[127.4461394,36.8583173],[127.4460797,36.8583404],[127.4458734,36.8584032],[127.4458201,36.8584254],[127.4457314,36.8584505],[127.4456319,36.8584886],[127.4455854,36.8585065],[127.4455387,36.8585226],[127.4454864,36.8585405],[127.4451663,36.8586494],[127.444953,36.8587246],[127.4447336,36.858802],[127.4446527,36.8588321],[127.4446461,36.858834],[127.4446122,36.8588049],[127.444588,36.8588083],[127.4445866,36.8588554],[127.4445914,36.8588678],[127.4445446,36.8588815],[127.4445443,36.8588562],[127.4445412,36.8588114],[127.4445215,36.8588015],[127.4444947,36.8588969],[127.4443715,36.858953],[127.4443684,36.8589629],[127.4443444,36.858961],[127.4442913,36.8589552],[127.4441097,36.8590098],[127.4440718,36.859005],[127.444043,36.8589837],[127.4440137,36.8589732],[127.4439864,36.8589829],[127.443923,36.8590068],[127.4438437,36.859038],[127.4437897,36.8590587],[127.4435594,36.8591397],[127.4433301,36.8592164],[127.4433195,36.8592198],[127.4431794,36.8592676],[127.4431465,36.8592788],[127.4431202,36.8592639],[127.4430714,36.8593008],[127.442477,36.8594907],[127.4423256,36.8595366],[127.4422544,36.8595568],[127.4422472,36.8595594],[127.4422085,36.859573],[127.4421833,36.8595814],[127.442169,36.8595853],[127.4421628,36.8595708],[127.4421295,36.8595823],[127.442134,36.8595956],[127.441975,36.8596442],[127.4419383,36.859656],[127.4419249,36.8596515],[127.4418986,36.8596608],[127.4417086,36.8597105],[127.4416817,36.8597319],[127.4415185,36.8598172],[127.4413978,36.8598543],[127.4413796,36.8598647],[127.4414342,36.8598576],[127.4415859,36.8598239],[127.4417512,36.8597758],[127.4417926,36.8598439],[127.4415065,36.8600583],[127.4413064,36.8602083],[127.4410849,36.8603741],[127.4409866,36.8604479],[127.4408881,36.8605216],[127.4407897,36.8605954],[127.4406912,36.8606691],[127.4405929,36.8607429],[127.4404944,36.8608166],[127.4404255,36.8608683],[127.4403018,36.8609609],[127.4396156,36.861475],[127.4394868,36.8615623],[127.4392399,36.8617273],[127.4391845,36.8617683],[127.4391747,36.8617652],[127.4391693,36.8617457],[127.4390403,36.8618329],[127.4389486,36.8618944],[127.4388647,36.8619547],[127.438593,36.8621519],[127.4385854,36.8621521],[127.4385443,36.8621686],[127.4385137,36.8621927],[127.4384934,36.8622236],[127.4384887,36.8622405],[127.4383419,36.8623679],[127.4381464,36.8625385],[127.4379988,36.8626313],[127.4379341,36.8626752],[127.4377534,36.8627978],[127.437726,36.8628117],[127.4376781,36.8628193],[127.4376273,36.8628426],[127.4375897,36.8628674],[127.4372342,36.8629871],[127.4372185,36.86298],[127.4372124,36.8629939],[127.4371236,36.8630245],[127.4369148,36.8630926],[127.436696,36.8631627],[127.4363949,36.8632623],[127.4361912,36.8633299],[127.4360276,36.8633879],[127.4359552,36.8634136],[127.4357607,36.8634801],[127.4356576,36.8635162],[127.4354482,36.8635857],[127.4353068,36.8636329],[127.4351514,36.8636844],[127.4348657,36.8637815],[127.4346379,36.8638598],[127.4344165,36.8639286],[127.4341299,36.8640178],[127.4339796,36.8640625],[127.4337475,36.8641315],[127.433584,36.8641806],[127.433058,36.8643264],[127.432732,36.8644048],[127.432526,36.8644532],[127.4324796,36.864466],[127.4324774,36.8644615],[127.4321193,36.8645238],[127.4320525,36.8645373],[127.4318045,36.8645905],[127.4317704,36.8646289],[127.4316746,36.864647],[127.4317477,36.86458],[127.4316685,36.8645959],[127.4313328,36.8646588],[127.4311422,36.8646965],[127.4308595,36.8647532],[127.4305815,36.8648063],[127.4306177,36.8648184],[127.430748,36.8648197],[127.4307518,36.8648298],[127.4304429,36.8648907],[127.4304265,36.8648361],[127.4302443,36.8648706],[127.4299171,36.8649357],[127.4297813,36.8648816],[127.4296749,36.8650385],[127.4294776,36.8650709],[127.4293095,36.8650969],[127.4292718,36.8651134],[127.4288305,36.8652015],[127.428595,36.8652478],[127.4284699,36.8652738],[127.4284358,36.8652826],[127.4282146,36.8653221],[127.4280987,36.865336],[127.4279907,36.8653661],[127.4276871,36.8654484],[127.4274745,36.8655065],[127.4273235,36.8655454],[127.4270786,36.8655676],[127.4266214,36.8656775],[127.426554,36.8656936],[127.426383,36.865733],[127.4260441,36.8658097],[127.4257914,36.865868],[127.4254581,36.8659444],[127.4252037,36.8660042],[127.424938,36.8660655],[127.4248762,36.8660673],[127.4244861,36.8660772],[127.4244591,36.8660776],[127.424405,36.8661089],[127.4243445,36.8661446],[127.4239559,36.8663178],[127.4237817,36.8663559],[127.4234832,36.8664494],[127.4233871,36.8664792],[127.423292,36.8665074],[127.4230507,36.8665793],[127.4228885,36.8666222],[127.4220998,36.8668592],[127.4219607,36.8669062],[127.4217415,36.8669779],[127.4214008,36.8670918],[127.4212449,36.8671426],[127.4210172,36.8672169],[127.42099,36.8672261],[127.4207781,36.8672945],[127.4207159,36.8673151],[127.4205889,36.8673528],[127.4204892,36.867382],[127.4204999,36.867394],[127.4203124,36.8674768],[127.4203119,36.8674736],[127.4202319,36.8675117],[127.4201792,36.8675334],[127.4199904,36.8675621],[127.4197443,36.8676301],[127.4194862,36.8677165],[127.4192498,36.8677471],[127.4190591,36.8677718],[127.4189968,36.8677796],[127.4186301,36.8677889],[127.4185636,36.8677827],[127.4181362,36.8677407],[127.4180951,36.8677369],[127.4177899,36.8677199],[127.4175354,36.8676539],[127.4171622,36.86762],[127.417049,36.8676099],[127.4170227,36.8676119],[127.4168629,36.8676301],[127.416794,36.8676047],[127.4167207,36.8675905],[127.4166939,36.8675852],[127.4164195,36.8675683],[127.4161439,36.8675038],[127.4162,36.867592],[127.4162263,36.867643],[127.4160087,36.8676373],[127.4158421,36.8676138],[127.415839,36.8676633],[127.4157201,36.8676545],[127.4155334,36.8676552],[127.415467,36.8676315],[127.4153565,36.8675938],[127.4151523,36.8675228],[127.4150886,36.8675046],[127.4149939,36.867477],[127.4148391,36.8674327],[127.4146891,36.867411],[127.4146738,36.8674078],[127.4145485,36.8673879],[127.4143898,36.8673794],[127.414262,36.8673819],[127.4141684,36.8673833],[127.4140274,36.867386],[127.4138634,36.8674086],[127.4134435,36.8675564],[127.4133019,36.8676071],[127.413286,36.8676118],[127.4132683,36.8676175],[127.4130772,36.8676828],[127.4130127,36.8677057],[127.4128339,36.8677798],[127.4126,36.8678498],[127.4125354,36.8678698],[127.4125141,36.8678415],[127.4124415,36.8677841],[127.4120492,36.8676611],[127.4120017,36.8676462],[127.4119294,36.8676205],[127.4118856,36.8676049],[127.4118042,36.8675763],[127.4116433,36.8675195],[127.4115,36.867467],[127.411357,36.8673912],[127.4112769,36.8673494],[127.411005,36.8672659],[127.4109418,36.8672358],[127.4109134,36.8672214],[127.4108695,36.8672139],[127.4106674,36.8671794],[127.4103846,36.8670981],[127.4101614,36.8671591],[127.4096628,36.8670014],[127.4095744,36.8669554],[127.4094988,36.8669056],[127.4094292,36.866851],[127.4093474,36.8667688],[127.4092633,36.8666623],[127.4092348,36.8665982],[127.4092132,36.8665365],[127.4091868,36.8664288],[127.4091851,36.86634],[127.4091729,36.8662437],[127.4091485,36.8661339],[127.4091283,36.8660657],[127.4090581,36.86591],[127.4090011,36.8658111],[127.4089371,36.8657244],[127.4087896,36.8656947],[127.4087305,36.8655278],[127.4086488,36.8654449],[127.4086735,36.8654121],[127.4087124,36.8651408],[127.408669,36.8650431],[127.4086042,36.865032],[127.4085326,36.8650494],[127.4084675,36.86504],[127.4083594,36.8649941],[127.4081421,36.8649463],[127.4080745,36.8649384],[127.4080282,36.8649549],[127.4078972,36.8648852],[127.4078591,36.8648638],[127.4076585,36.8648206],[127.407407,36.8648718],[127.4072166,36.8651471],[127.4072505,36.8651716],[127.4073903,36.8652441],[127.4074414,36.8653867],[127.4074768,36.8654196],[127.4074629,36.8655142],[127.4075321,36.8657137],[127.4076203,36.8658501],[127.4075893,36.8659129],[127.4075968,36.8659547],[127.4076266,36.8659848],[127.4076724,36.8660128],[127.4077991,36.8660084],[127.4079453,36.8661074],[127.4080579,36.8661811],[127.4080653,36.8661913],[127.4080732,36.8662033],[127.4080811,36.8662164],[127.4080887,36.8662301],[127.4080955,36.8662434],[127.4081011,36.8662559],[127.4081076,36.8662733],[127.4081121,36.8662893],[127.4081146,36.8662994],[127.4081174,36.866314],[127.4081243,36.8663629],[127.4081288,36.8664089],[127.4081325,36.8664541],[127.4081351,36.8664941],[127.4081366,36.8665249],[127.4081377,36.8665702],[127.4081373,36.8665933],[127.4081368,36.8666028],[127.4081169,36.8666347],[127.4080513,36.8667699],[127.4080228,36.8668242],[127.4079144,36.867112],[127.4079714,36.8676664],[127.4079844,36.8676673],[127.4080078,36.8676676],[127.4081192,36.8679725],[127.4080898,36.8679791],[127.4080352,36.8681107],[127.4080204,36.868117],[127.4079349,36.8681384],[127.4079227,36.8681377],[127.4079086,36.8681323],[127.4078977,36.8681254],[127.4078893,36.8681176],[127.4078775,36.8681025],[127.4078604,36.868086],[127.4078451,36.8680735],[127.4077227,36.8679607],[127.4077003,36.8679416],[127.4076366,36.8678943],[127.4076239,36.8678817],[127.4075587,36.8678104],[127.4075498,36.8678066],[127.4075384,36.8678062],[127.4075239,36.8678068],[127.4075089,36.8678086],[127.4073722,36.8678299],[127.407355,36.8678307],[127.4073287,36.8678307],[127.4072954,36.8678297],[127.4072148,36.8678309],[127.4071535,36.8678437],[127.4070774,36.8678438],[127.407076,36.8677697],[127.4070057,36.8677782],[127.4068306,36.8677469],[127.4068219,36.8677405],[127.4068093,36.8677302],[127.4068037,36.8677247],[127.406799,36.8677196],[127.4067968,36.8677166],[127.4067333,36.8676492],[127.4066355,36.8675708],[127.4066015,36.8675495],[127.4065545,36.8675247],[127.4063856,36.8674534],[127.4063693,36.8674416],[127.4062683,36.8672823],[127.4062439,36.8671688],[127.4062364,36.867151],[127.4062678,36.8669518],[127.4062379,36.8668756],[127.4060674,36.8668137],[127.4060539,36.8668003],[127.4060081,36.8667284],[127.4060023,36.8667178],[127.4060287,36.8665485],[127.405923,36.8664283],[127.405712,36.8664307],[127.4054956,36.8664608],[127.4052873,36.8666392],[127.4052077,36.866752],[127.4051889,36.8668459],[127.4051873,36.8668474],[127.4051262,36.8669885],[127.4051294,36.8670864],[127.4051453,36.8671892],[127.4051737,36.8672826],[127.4052328,36.8673794],[127.4054126,36.8676066],[127.4055148,36.8677698],[127.4055715,36.8678866],[127.40563,36.8680582],[127.4056431,36.8681296],[127.405643,36.8682416],[127.4056164,36.8683009],[127.4055625,36.8683288],[127.4054782,36.8683334],[127.4053372,36.8683117],[127.4052508,36.8683068],[127.4052196,36.8682923],[127.4050956,36.8682839],[127.4049623,36.8682267],[127.4047148,36.8680244],[127.4046089,36.8680525],[127.4045496,36.8680628],[127.4045123,36.8680567],[127.4043382,36.867964],[127.4043218,36.8679544],[127.4041911,36.8678501],[127.4042458,36.8676585],[127.4042935,36.8676143],[127.4043323,36.8675688],[127.4043483,36.8675242],[127.404349,36.8674881],[127.4043355,36.8674528],[127.4043027,36.8674267],[127.4041669,36.867413],[127.404135,36.8673616],[127.4038424,36.8674825],[127.4037822,36.8674291],[127.4036872,36.8673448],[127.4035233,36.8672352],[127.4034271,36.8671814],[127.4033909,36.8671217],[127.4033133,36.8668659],[127.4032142,36.8666317],[127.4031947,36.8665975],[127.4032319,36.8664992],[127.4032941,36.8662836],[127.4035841,36.866184],[127.4037423,36.8661144],[127.4038222,36.8660889],[127.4041568,36.8659746],[127.4043224,36.8658968],[127.4045878,36.8657202],[127.4048914,36.8655382],[127.4051376,36.865431],[127.4052381,36.8653942],[127.4054844,36.8652143],[127.4054796,36.865139],[127.4054026,36.8649893],[127.4053853,36.8649081],[127.4054269,36.86477],[127.4054563,36.8647163],[127.4054795,36.8646925],[127.4056755,36.8647014],[127.405803,36.8647023],[127.4058746,36.8646799],[127.4059911,36.8645883],[127.4061266,36.8644531],[127.4061926,36.8643901],[127.4062133,36.8643713],[127.4062951,36.8643034],[127.406272,36.8642986],[127.4062429,36.8642941],[127.4062542,36.8642388],[127.4062628,36.8641867],[127.4062674,36.8641783],[127.4063385,36.864016],[127.4056963,36.8630855],[127.4056318,36.8630083],[127.4056344,36.8630043],[127.4056184,36.8628959],[127.4055923,36.8628076],[127.4056172,36.862698],[127.4056773,36.8625448],[127.4057024,36.8624214],[127.4057223,36.8623744],[127.4057402,36.8623357],[127.4058441,36.8621853],[127.4058995,36.8620984],[127.4059084,36.8620562],[127.4058749,36.8620409],[127.4059265,36.8619589],[127.4059238,36.8619288],[127.4057617,36.8616108],[127.4057043,36.8614983],[127.4056453,36.8615399],[127.405638,36.8615708],[127.4055111,36.861531],[127.4052815,36.8616746],[127.405237,36.8616971],[127.4051145,36.8618256],[127.4051296,36.8618827],[127.4051282,36.8619052],[127.4050606,36.8620192],[127.4050205,36.8620838],[127.404938,36.8621205],[127.4048407,36.8621513],[127.4047579,36.8621734],[127.4045312,36.8622041],[127.4044627,36.8622343],[127.4043517,36.8622913],[127.4042743,36.8623141],[127.4040218,36.8622765],[127.4033663,36.8619573],[127.4027487,36.8615229],[127.4026512,36.8614271],[127.4026169,36.8614189],[127.4026078,36.8614104],[127.4025978,36.8614015],[127.4025885,36.861394],[127.40258,36.8613879],[127.4025671,36.8613798],[127.4025595,36.861376],[127.4025485,36.8613714],[127.402533,36.8613663],[127.4025285,36.8613653],[127.4025227,36.8613645],[127.402515,36.8613641],[127.4025106,36.861364],[127.4025008,36.8613651],[127.4024536,36.8613731],[127.4023536,36.8613869],[127.4023397,36.8613882],[127.4023299,36.8613888],[127.402254,36.8613913],[127.4022088,36.8613924],[127.402153,36.8613928],[127.4019544,36.8613922],[127.4019222,36.8613911],[127.4019055,36.8613902],[127.4018222,36.8613845],[127.401744,36.8613796],[127.4015443,36.861368],[127.4015111,36.8613668],[127.4014918,36.8613657],[127.4014404,36.8613622],[127.4012609,36.8613489],[127.4012452,36.8613475],[127.4012332,36.8613458],[127.4012096,36.8613419],[127.4012066,36.8613412],[127.401133,36.861289],[127.4012566,36.8611235],[127.4012355,36.8610477],[127.4013375,36.8608465],[127.4012785,36.8608395],[127.4012387,36.8608441],[127.4010625,36.8609445],[127.400993,36.8609609],[127.400813,36.8609727],[127.4006123,36.860982],[127.400583,36.8609848],[127.4003948,36.8610022],[127.4003408,36.8609963],[127.4001882,36.8609643],[127.4000107,36.8609095],[127.399874,36.8607544],[127.399865,36.8606916],[127.3998442,36.8606299],[127.399821,36.8606094],[127.3997772,36.8606136],[127.3996991,36.8606313],[127.3996604,36.8606436],[127.3996475,36.8606473],[127.3996386,36.8606496],[127.3996234,36.8606527],[127.39961,36.860654],[127.399601,36.8606543],[127.3995927,36.8606543],[127.3995804,36.8606533],[127.3995613,36.8606513],[127.3995407,36.8606486],[127.399514,36.8606443],[127.3994671,36.860636],[127.3994417,36.860631],[127.3994089,36.8606243],[127.3993681,36.8606153],[127.3992968,36.8605987],[127.3992403,36.8605843],[127.3992127,36.8605769],[127.3991666,36.8605639],[127.3991383,36.8605551],[127.3990944,36.8605407],[127.3990054,36.8605047],[127.3989692,36.8604917],[127.3989322,36.8604804],[127.3988914,36.8604705],[127.3988498,36.8604627],[127.3987658,36.8604502],[127.3987397,36.8604461],[127.3987212,36.8604438],[127.3986783,36.8604395],[127.3986196,36.860436],[127.3984057,36.8604258],[127.3983669,36.8604237],[127.3983358,36.8604214],[127.3983093,36.8604189],[127.3982744,36.8604148],[127.3982187,36.8604076],[127.3981892,36.8604026],[127.3979076,36.8603449],[127.3978196,36.8603282],[127.3977879,36.8603223],[127.3976769,36.8602934],[127.3976477,36.8602788],[127.3975742,36.8602395],[127.3975285,36.8602045],[127.397494,36.860145],[127.3974758,36.8600481],[127.3974581,36.859847],[127.3974256,36.8597123],[127.3973668,36.859607],[127.3973451,36.8595592],[127.3972903,36.85951],[127.3972602,36.8595109],[127.3972235,36.8595449],[127.3971905,36.8596279],[127.3971515,36.8597385],[127.3970487,36.8598821],[127.3969135,36.8600229],[127.3968007,36.8601155],[127.3963565,36.8599944],[127.3963395,36.8599664],[127.3963256,36.8599194],[127.3963238,36.8598437],[127.3963388,36.8596836],[127.3963118,36.8595179],[127.3963067,36.8595037],[127.3962987,36.8594844],[127.3962893,36.8594653],[127.3962534,36.8594216],[127.3962172,36.8593868],[127.3961827,36.8593514],[127.3961556,36.859321],[127.3961294,36.8592899],[127.3961228,36.8592816],[127.3960695,36.8592182],[127.3960497,36.8591958],[127.3960228,36.8591661],[127.396001,36.8591427],[127.3959848,36.8591263],[127.3959286,36.859072],[127.3959049,36.859048],[127.3958619,36.8589886],[127.3958496,36.8589697],[127.3958385,36.8589516],[127.3958323,36.8589405],[127.3958269,36.8589299],[127.3958201,36.858915],[127.395809,36.8588866],[127.3958022,36.858868],[127.3957828,36.8588111],[127.3957604,36.8587491],[127.3957554,36.8587344],[127.3957466,36.8587064],[127.395733,36.8586609],[127.3957172,36.8586046],[127.3956919,36.8585122],[127.3955973,36.8585789],[127.3955463,36.8586098],[127.3954792,36.8586503],[127.395449,36.8586339],[127.395414,36.8587272],[127.3954162,36.8588183],[127.3954502,36.8590078],[127.3954633,36.8591211],[127.3954079,36.8594063],[127.3953962,36.8594435],[127.3953899,36.8594709],[127.3953859,36.8594985],[127.3953846,36.8595188],[127.3953846,36.8595392],[127.3953879,36.8595798],[127.3953905,36.8595964],[127.3953982,36.8596409],[127.3954047,36.8596854],[127.3954097,36.8597331],[127.3954134,36.8597807],[127.3954128,36.8597959],[127.3954113,36.8598142],[127.3954086,36.8598311],[127.3954068,36.8598389],[127.3954047,36.8598463],[127.3954021,36.859853],[127.395399,36.8598592],[127.3953956,36.8598648],[127.3953916,36.8598696],[127.3953872,36.8598737],[127.3953822,36.8598771],[127.3953767,36.8598798],[127.3953705,36.8598818],[127.3953636,36.8598833],[127.395356,36.8598842],[127.3953479,36.8598846],[127.3953391,36.8598845],[127.3953299,36.8598839],[127.3953202,36.8598828],[127.3952995,36.8598796],[127.3952778,36.8598753],[127.395159,36.8598471],[127.395134,36.8598418],[127.3949774,36.8598118],[127.3948276,36.8597807],[127.3947982,36.8597752],[127.3947553,36.8597682],[127.3947299,36.8597649],[127.3946785,36.8597592],[127.3946254,36.8597545],[127.3945959,36.8597526],[127.3945117,36.8597505],[127.3944792,36.8597505],[127.3944609,36.8597507],[127.3942312,36.8597544],[127.3941186,36.8597518],[127.3940777,36.8597501],[127.3939885,36.8597453],[127.3939211,36.8597406],[127.3938759,36.8597361],[127.3938289,36.8597307],[127.3937841,36.8597251],[127.3937688,36.8597181],[127.3928762,36.8597142],[127.3920251,36.8598456],[127.3918625,36.859916],[127.3918126,36.8599516],[127.3917662,36.859959],[127.3916282,36.8600019],[127.3914819,36.8600574],[127.391446,36.860069],[127.3914314,36.8600698],[127.3912662,36.8598147],[127.3910695,36.8596316],[127.3910424,36.8595891],[127.3909332,36.8594773],[127.3908426,36.8594382],[127.3908,36.8594469],[127.3906761,36.8593974],[127.3905431,36.8593124],[127.3905223,36.8593356],[127.3905522,36.8593847],[127.390456,36.8594301],[127.3904016,36.8594293],[127.3903777,36.859442],[127.3904346,36.8594865],[127.3904517,36.8596706],[127.3905046,36.8597392],[127.3905638,36.8597998],[127.3906035,36.8599932],[127.3906488,36.8601525],[127.3907235,36.8603197],[127.3907867,36.8604507],[127.3907932,36.860491],[127.3907888,36.8605191],[127.3907833,36.8605306],[127.3907709,36.8605352],[127.3907664,36.8605438],[127.3907619,36.8605513],[127.3907521,36.8605652],[127.390738,36.8605821],[127.3907293,36.8605917],[127.3907206,36.8606007],[127.3907121,36.8606086],[127.3907032,36.8606161],[127.3906923,36.8606241],[127.3906779,36.8606338],[127.3906603,36.8606451],[127.3906419,36.8606565],[127.3906218,36.8606683],[127.3904423,36.8607692],[127.3904072,36.8607893],[127.3903766,36.8608073],[127.390341,36.860829],[127.390293,36.8608588],[127.3900737,36.8609962],[127.3900475,36.8610122],[127.3900299,36.8610225],[127.3897497,36.8611244],[127.3897435,36.8611228],[127.3897352,36.8611199],[127.3897269,36.8611165],[127.3897204,36.8611134],[127.3897066,36.8611055],[127.3896985,36.8611005],[127.3896825,36.8610891],[127.3896616,36.8610725],[127.3896385,36.8610525],[127.389632,36.8610461],[127.3896051,36.8610175],[127.389581,36.8609895],[127.3895759,36.8609841],[127.3895703,36.8609789],[127.3895331,36.8609927],[127.3895322,36.860993],[127.3895307,36.8610017],[127.3895297,36.8610119],[127.3895286,36.8610306],[127.3895281,36.8610601],[127.389529,36.8610717],[127.3895313,36.86109],[127.3895437,36.8611771],[127.3895469,36.8612017],[127.3895488,36.8612204],[127.3895498,36.861235],[127.3895499,36.8612561],[127.3895486,36.8612711],[127.389546,36.8612846],[127.3895414,36.8613001],[127.3895383,36.8613085],[127.3895307,36.8613262],[127.3895235,36.8613399],[127.38952,36.8613452],[127.3895136,36.8613539],[127.3894916,36.8613821],[127.3894819,36.861394],[127.3894703,36.8614071],[127.3894591,36.861418],[127.3894515,36.861425],[127.3894287,36.8614444],[127.3894138,36.8614564],[127.3893958,36.8614701],[127.3893684,36.8614899],[127.3893521,36.8615013],[127.3890588,36.8616876],[127.3890284,36.861703],[127.3889916,36.8617213],[127.3889258,36.8617527],[127.3889019,36.8617636],[127.3888836,36.8617715],[127.3888661,36.8617785],[127.3888435,36.8617869],[127.388701,36.8618374],[127.3886395,36.8618595],[127.3885453,36.8618943],[127.3884977,36.8619129],[127.3884842,36.8619187],[127.3884566,36.8619322],[127.3884259,36.8619486],[127.3884137,36.8619556],[127.3884039,36.8619616],[127.3883851,36.8619747],[127.3883753,36.8619822],[127.388366,36.8619898],[127.3883465,36.8620075],[127.3883245,36.8620291],[127.3883149,36.862039],[127.3883063,36.8620484],[127.3882966,36.8620597],[127.388199,36.862183],[127.3881854,36.8621995],[127.3881734,36.8622133],[127.3881602,36.8622276],[127.3881428,36.8622453],[127.3881187,36.8622689],[127.3880614,36.8623235],[127.3880403,36.8623431],[127.3880258,36.8623558],[127.3880141,36.8623655],[127.3880033,36.8623738],[127.3879926,36.8623816],[127.3879019,36.862442],[127.3878799,36.8624572],[127.3878616,36.8624705],[127.3878457,36.8624824],[127.3878312,36.8624939],[127.3878155,36.8625072],[127.3877734,36.8625446],[127.3877514,36.8625647],[127.3876967,36.8626163],[127.3876912,36.8626209],[127.3876844,36.862626],[127.3876628,36.8626409],[127.3876527,36.8626475],[127.3876452,36.8626519],[127.3876011,36.8626748],[127.387551,36.8627004],[127.3874519,36.8627502],[127.387393,36.8627788],[127.3873107,36.8628173],[127.3872678,36.8628366],[127.3871917,36.8628695],[127.3871761,36.862876],[127.3871685,36.8628789],[127.3871591,36.862882],[127.3871439,36.8628864],[127.3871365,36.862888],[127.3871292,36.8628892],[127.3871181,36.8628898],[127.3871117,36.8628895],[127.3871044,36.8628888],[127.3870788,36.8628852],[127.387072,36.8628852],[127.3870663,36.8628856],[127.3870583,36.8628873],[127.3870531,36.862889],[127.3870454,36.862893],[127.3870408,36.8628964],[127.3870338,36.8629028],[127.3870294,36.8629079],[127.3870241,36.8629149],[127.3870206,36.8629203],[127.387015,36.8629345],[127.3870042,36.8629645],[127.3869999,36.8629748],[127.3869957,36.8629836],[127.3869871,36.8629988],[127.3869816,36.8630068],[127.3869755,36.8630149],[127.386961,36.8630312],[127.3869519,36.8630406],[127.3869425,36.8630497],[127.386924,36.8630664],[127.3869148,36.8630741],[127.386899,36.8630866],[127.3868912,36.863092],[127.3868813,36.8630983],[127.3868804,36.8630988],[127.3866511,36.8631034],[127.3866368,36.8630969],[127.3865961,36.8630774],[127.3865675,36.8630655],[127.3865257,36.8630474],[127.3864168,36.8629995],[127.3863961,36.8629899],[127.3863753,36.8629791],[127.3863598,36.8629699],[127.3863504,36.8629637],[127.386298,36.862927],[127.3862861,36.8629201],[127.3862785,36.8629163],[127.3862697,36.8629125],[127.3862621,36.8629099],[127.3862555,36.8629082],[127.38625,36.8629073],[127.3862459,36.862907],[127.3862403,36.8629075],[127.3862371,36.8629086],[127.3862342,36.8629105],[127.3862321,36.862913],[127.3862313,36.8629158],[127.3862311,36.8629189],[127.3862317,36.8629228],[127.3862333,36.8629276],[127.3862363,36.8629337],[127.3862709,36.8629886],[127.3862743,36.862995],[127.3862817,36.8630106],[127.3862859,36.8630228],[127.3862909,36.8630416],[127.3863049,36.8631038],[127.386314,36.8631424],[127.3863559,36.8633032],[127.38636,36.8633166],[127.3863656,36.8633334],[127.3863729,36.8633538],[127.3863838,36.8633823],[127.3863979,36.8634143],[127.3864077,36.8634334],[127.3864281,36.8634687],[127.3864345,36.8634808],[127.3864391,36.8634905],[127.3864433,36.8635014],[127.3864499,36.8635214],[127.3864533,36.8635364],[127.3864552,36.8635491],[127.3864557,36.8635615],[127.3864555,36.8635703],[127.3864536,36.8635935],[127.386452,36.8636055],[127.3864347,36.8636995],[127.3864082,36.8637588],[127.3861947,36.8642467],[127.3859415,36.8648128],[127.3857743,36.865119],[127.3857032,36.8653907],[127.3855867,36.8659109],[127.3855481,36.8660974],[127.3853594,36.8667025],[127.3851708,36.8669717],[127.3850872,36.8670577],[127.3850069,36.8670866],[127.3849645,36.8670916],[127.3849292,36.8670953],[127.3848676,36.8671074],[127.3847738,36.8671477],[127.3847618,36.8671551],[127.3845052,36.8672067],[127.3842866,36.8672419],[127.3841536,36.8672397],[127.3841099,36.8672379],[127.3840723,36.8672321],[127.3839892,36.8672439],[127.3839869,36.8672444],[127.383929,36.8674616],[127.3839601,36.8674605],[127.3840352,36.8676335],[127.3840869,36.8678378],[127.3840802,36.8679131],[127.3840879,36.8679328],[127.3840303,36.8679937],[127.3845858,36.8679801],[127.3850389,36.8679617],[127.3852647,36.8679536],[127.3853975,36.8679594],[127.3855631,36.8679792],[127.3857472,36.8680285],[127.3858655,36.8680815],[127.3859892,36.8681459],[127.3861583,36.8682677],[127.3863212,36.8684558],[127.3864329,36.8686176],[127.3865159,36.8687508],[127.3865548,36.8688203],[127.3866197,36.8690017],[127.3866174,36.8689992],[127.3866118,36.8690559],[127.3866208,36.8690804],[127.3866201,36.8690848],[127.3866568,36.86939],[127.3866522,36.8695249],[127.3866279,36.8695878],[127.3865832,36.8697531],[127.3865309,36.8698935],[127.3864989,36.8699441],[127.3864513,36.8700251],[127.386287,36.8702456],[127.3860354,36.8705273],[127.3859164,36.8706539],[127.3858574,36.8707072],[127.3857234,36.8708557],[127.3856676,36.8709112],[127.3854855,36.8711175],[127.3852962,36.8713312],[127.3852108,36.8714326],[127.3851064,36.8715333],[127.3849603,36.8716681],[127.3848393,36.8717682],[127.3846589,36.8719039],[127.3844193,36.8720715],[127.3843704,36.8721084],[127.3842276,36.8721879],[127.3841128,36.8722798],[127.3840798,36.8723097],[127.3840606,36.8723235],[127.3839871,36.8723881],[127.3839541,36.8724207],[127.3839299,36.8724529],[127.3839013,36.8724842],[127.383844,36.8725657],[127.3838086,36.8726198],[127.3837636,36.8726887],[127.3837321,36.8727451],[127.3836825,36.8728672],[127.3836555,36.8729746],[127.3835763,36.8731271],[127.3835075,36.8732896],[127.3833745,36.8736169],[127.3833276,36.8737431],[127.3833281,36.8737651],[127.3833165,36.873794],[127.3833107,36.8738771],[127.3832729,36.8739727],[127.3832432,36.874046],[127.3832416,36.8740467],[127.3831955,36.8741065],[127.3831445,36.8742132],[127.3831163,36.8742681],[127.3830697,36.8743468],[127.3830107,36.8744358],[127.3829492,36.874518],[127.3828594,36.8746225],[127.3827681,36.8747188],[127.382706,36.874786],[127.3826529,36.8748691],[127.3825451,36.8749752],[127.3825133,36.874998],[127.3824845,36.8750256],[127.3823989,36.8751123],[127.3822727,36.8752373],[127.3821829,36.8753096],[127.3820964,36.8754014],[127.3820222,36.8754856],[127.3819735,36.8755455],[127.3818869,36.8756669],[127.3818551,36.8757136],[127.3818173,36.8757725],[127.3817781,36.8758453],[127.3817482,36.8758994],[127.3817281,36.8759508],[127.3816676,36.8760974],[127.3816092,36.8762496],[127.3814381,36.876693],[127.3813989,36.8767892],[127.3813929,36.8768136],[127.3813841,36.8768342],[127.3813513,36.8769187],[127.381341,36.8769261],[127.3813463,36.8769356],[127.3813494,36.8769355],[127.3813285,36.8769853],[127.3813043,36.877042],[127.3812449,36.8771844],[127.3812412,36.8771898],[127.3812056,36.8772433],[127.381092,36.8774128],[127.3809323,36.877563],[127.3808682,36.8776219],[127.3807985,36.877683],[127.3806943,36.8777793],[127.3804932,36.8779674],[127.3803402,36.8781093],[127.3801827,36.8782552],[127.3800626,36.8783699],[127.3798661,36.8784367],[127.3796981,36.878364],[127.379664,36.8783905],[127.3795868,36.8784506],[127.3795609,36.8784429],[127.3795729,36.8784507],[127.3795814,36.8784767],[127.3796574,36.87852],[127.3797362,36.8785568],[127.3796344,36.8786196],[127.379563,36.878663],[127.3794124,36.8787439],[127.3792995,36.8788048],[127.3792072,36.8788916],[127.3791984,36.8789075],[127.3791831,36.8789315],[127.3791474,36.8790752],[127.3791117,36.8792115],[127.3791006,36.8793901],[127.3790401,36.8793543],[127.3790156,36.8792985],[127.3789647,36.8792512],[127.3789462,36.8792435],[127.3789425,36.8792984],[127.3789267,36.8795799],[127.3789389,36.879578],[127.3789718,36.8794929],[127.3790819,36.8795138],[127.3790712,36.8795949],[127.3790703,36.8796908],[127.3790756,36.8797003],[127.3790617,36.879871],[127.379017,36.8798713],[127.378892,36.8798948],[127.3788982,36.8799198],[127.3790495,36.8798984],[127.379061,36.879899],[127.3790677,36.8800836],[127.379081,36.8802754],[127.3790817,36.8805131],[127.3790803,36.8808059],[127.3791064,36.8809159],[127.3791114,36.8810069],[127.3791108,36.8811365],[127.379113,36.8811837],[127.3791183,36.8812658],[127.3791175,36.8812872],[127.37912,36.881302],[127.379131,36.8813231],[127.3791454,36.8813463],[127.3791646,36.8813689],[127.3791777,36.8813777],[127.3791893,36.8813872],[127.3792077,36.8813947],[127.3792257,36.8813979],[127.3792629,36.8813873],[127.3794639,36.8813651],[127.3795016,36.8814541],[127.379497,36.8815234],[127.3795159,36.8816043],[127.3794525,36.8816547],[127.3793708,36.8820212],[127.379306,36.8821987],[127.3792789,36.8822933],[127.3792667,36.8823764],[127.3791343,36.8830071],[127.3790505,36.8831838],[127.3789067,36.8834871],[127.3787336,36.8836258],[127.3787167,36.8836309],[127.3787207,36.8836362],[127.3785326,36.8837869],[127.378113,36.8839496],[127.3778227,36.8839996],[127.3778213,36.8840256],[127.3778093,36.8840262],[127.3778097,36.8840752],[127.3775894,36.8841068],[127.3774142,36.8841248],[127.3771508,36.8841378],[127.3771504,36.8841328],[127.3770689,36.884133],[127.3767714,36.8841245],[127.3766539,36.8841192],[127.3765137,36.8841062],[127.3764531,36.884096],[127.3764455,36.8840924],[127.3764395,36.8840945],[127.3763148,36.884098],[127.3761256,36.8841113],[127.3759172,36.8841355],[127.3754675,36.8841425],[127.3752944,36.8841494],[127.3752373,36.8841524],[127.3750674,36.8841602],[127.3747214,36.8841695],[127.3744026,36.8841859],[127.3742475,36.8841929],[127.3740727,36.8841998],[127.3740221,36.8842257],[127.3739261,36.8842692],[127.3738493,36.8842982],[127.373772,36.8843236],[127.3736816,36.8843489],[127.3735962,36.8843695],[127.3734476,36.8843999],[127.373382,36.8844104],[127.3732884,36.8844216],[127.3732016,36.88443],[127.3729279,36.8844529],[127.3728785,36.8844339],[127.3728446,36.8844146],[127.3727846,36.8844269],[127.3727149,36.8844319],[127.3726428,36.8844644],[127.3726202,36.8844758],[127.3721703,36.8845108],[127.3718577,36.8845666],[127.3717542,36.8845906],[127.37165,36.8846137],[127.3714422,36.8846684],[127.3713734,36.8846968],[127.3713753,36.8847072],[127.3713266,36.884724],[127.3712174,36.8847712],[127.3711121,36.8848004],[127.3709103,36.8848228],[127.3708323,36.8849188],[127.370836,36.8849231],[127.3708154,36.8849501],[127.3707509,36.8849791],[127.3706203,36.8850329],[127.370532,36.8850684],[127.3704031,36.8851257],[127.3703425,36.8851503],[127.3702199,36.8852102],[127.3700585,36.8852828],[127.3699409,36.8853263],[127.3698305,36.8853834],[127.3697614,36.885411],[127.3696394,36.8854615],[127.3696156,36.8854553],[127.369613,36.8854316],[127.3695849,36.8854454],[127.3695324,36.8854511],[127.3694851,36.8854911],[127.3694556,36.8855127],[127.3694126,36.8855553],[127.3693537,36.8855776],[127.3693047,36.8856101],[127.3692242,36.8856372],[127.36911,36.8856984],[127.3688327,36.88584],[127.3686087,36.8859544],[127.3685269,36.8859849],[127.3685544,36.8860175],[127.3684933,36.8860456],[127.3684376,36.8860548],[127.3683357,36.886098],[127.3683287,36.8861004],[127.3682339,36.8861434],[127.3681092,36.8861774],[127.3680039,36.8862089],[127.367986,36.886215],[127.3679384,36.886244],[127.3679055,36.8862516],[127.3678622,36.886256],[127.367837,36.8862563],[127.3678067,36.8862549],[127.3677863,36.8862522],[127.3677312,36.8862718],[127.3677368,36.8862431],[127.3676757,36.8862247],[127.3675681,36.8862161],[127.3675632,36.886214],[127.367532,36.8862193],[127.3674505,36.8862403],[127.3673972,36.8862857],[127.3672789,36.8863727],[127.3672337,36.8864085],[127.3670446,36.8865831],[127.3669747,36.8866495],[127.3669659,36.886659],[127.3668685,36.886761],[127.3667199,36.8868889],[127.3665623,36.887022],[127.3664671,36.8870938],[127.3663813,36.8871576],[127.3661397,36.8873399],[127.3660673,36.8873942],[127.3660248,36.8874254],[127.3659834,36.8874627],[127.3658896,36.8875472],[127.3658823,36.8875521],[127.3658478,36.887572],[127.3658259,36.8875824],[127.3658027,36.8875908],[127.3657807,36.8875973],[127.3657323,36.8876076],[127.365676,36.8876157],[127.3655804,36.8876319],[127.3655279,36.8876382],[127.3655216,36.8876375],[127.3655154,36.8876343],[127.3654845,36.8877188],[127.3654382,36.8877258],[127.3654029,36.8877223],[127.3653538,36.88767],[127.3653469,36.8876584],[127.3652415,36.8876913],[127.3652291,36.8876952],[127.365105,36.8877089],[127.3647737,36.8877453],[127.3645174,36.8877434],[127.3644951,36.8877406],[127.3642663,36.8877116],[127.3639588,36.8876384],[127.3636916,36.8875412],[127.363691,36.8874649],[127.3636492,36.8874526],[127.3635859,36.8875133],[127.3634857,36.887483],[127.363415,36.8874616],[127.3633726,36.8874488],[127.363321,36.8874353],[127.3630114,36.887278],[127.3626931,36.8871181],[127.362631,36.8871106],[127.3626151,36.8870911],[127.3625962,36.8871067],[127.3624428,36.8870882],[127.3623214,36.887036],[127.3622367,36.8870015],[127.36218,36.8869739],[127.3621651,36.886965],[127.3621465,36.8869529],[127.3621463,36.8869529],[127.3621346,36.8869196],[127.3620852,36.8868774],[127.3620802,36.8868745],[127.3620495,36.8868378],[127.3619351,36.8867316],[127.3618323,36.8866685],[127.3617904,36.8866174],[127.3617833,36.8866111],[127.3617563,36.8865803],[127.3617048,36.886613],[127.3615836,36.8865366],[127.36139,36.8863854],[127.3612638,36.886257],[127.3611968,36.8861416],[127.3611644,36.8859938],[127.3611721,36.8858055],[127.3611748,36.8856466],[127.3611922,36.8854712],[127.3612192,36.8853366],[127.3612473,36.8852033],[127.3613008,36.8850574],[127.3613521,36.8850392],[127.3614288,36.8850461],[127.3614407,36.8850348],[127.3614355,36.8850062],[127.3614182,36.8849767],[127.361407,36.8849737],[127.3613794,36.8849366],[127.3613571,36.8849039],[127.3613528,36.8848851],[127.36141,36.8848969],[127.3614543,36.8848328],[127.3614336,36.8847863],[127.3613685,36.8847603],[127.3613407,36.8845632],[127.3613228,36.8845464],[127.3613198,36.8845237],[127.361293,36.8844084],[127.3612487,36.8842366],[127.3612067,36.884063],[127.3611969,36.8840528],[127.3611812,36.883977],[127.3612226,36.8839455],[127.36122,36.8839341],[127.3612172,36.88392],[127.3611456,36.8835213],[127.3611439,36.8835142],[127.3611411,36.8835059],[127.3611008,36.883396],[127.3610938,36.8833746],[127.3610847,36.8833446],[127.3610759,36.8833142],[127.3610691,36.8832883],[127.3610637,36.8832646],[127.3610591,36.8832412],[127.361055,36.8832167],[127.361047,36.883166],[127.3610391,36.8831141],[127.3610351,36.8830863],[127.3610335,36.8830725],[127.3610327,36.8830631],[127.3610323,36.8830558],[127.3610322,36.8830483],[127.3610326,36.8830413],[127.3610337,36.8830279],[127.3610456,36.8829087],[127.3610474,36.8828875],[127.3610477,36.8828814],[127.3610477,36.8828762],[127.3610471,36.8828674],[127.3610459,36.8828579],[127.3610449,36.8828521],[127.3610435,36.8828454],[127.3610415,36.8828375],[127.3610389,36.8828284],[127.361032,36.8828061],[127.3610272,36.8827918],[127.3610209,36.8827741],[127.3610145,36.8827565],[127.361009,36.8827427],[127.3610013,36.8827248],[127.3609941,36.8827101],[127.3609901,36.8827026],[127.360987,36.8826971],[127.3609807,36.8826872],[127.3609423,36.8826316],[127.3609027,36.8825748],[127.3608905,36.8825585],[127.3608761,36.8825399],[127.3608645,36.8825256],[127.3608568,36.8825168],[127.3608425,36.8825027],[127.3608315,36.8824925],[127.360821,36.8824833],[127.3608029,36.8824684],[127.3607839,36.8824539],[127.3607353,36.8824177],[127.3607136,36.8824016],[127.3606266,36.8823127],[127.3601966,36.8820376],[127.3601106,36.8820054],[127.3601058,36.8820024],[127.3599893,36.8819597],[127.3599202,36.8819418],[127.3598898,36.8819401],[127.3598868,36.8819364],[127.3598785,36.8819249],[127.3598716,36.8819142],[127.3598429,36.8818687],[127.359839,36.8818638],[127.3598349,36.8818597],[127.3598304,36.8818558],[127.3598255,36.8818522],[127.3598189,36.8818483],[127.3598155,36.8818465],[127.3598135,36.8818456],[127.3596389,36.8817828],[127.359567,36.8817608],[127.3595279,36.8817486],[127.3594857,36.881735],[127.3594567,36.8817252],[127.3593817,36.8816995],[127.3593711,36.8816926],[127.3592292,36.8816014],[127.3591102,36.8815362],[127.3589521,36.8814636],[127.3588402,36.8814109],[127.3588142,36.8814052],[127.3587117,36.8813558],[127.3587075,36.8813558],[127.3586469,36.8813259],[127.3584906,36.8812569],[127.3582468,36.8811668],[127.35802,36.881099],[127.3577283,36.8810064],[127.357248,36.8808901],[127.3571323,36.8808559],[127.3566232,36.8808047],[127.3564114,36.8808082],[127.3562558,36.8808381],[127.356011,36.8808817],[127.3558984,36.8809231],[127.355809,36.8809531],[127.3557458,36.8809755],[127.3557419,36.8809789],[127.355639,36.8810175],[127.3554166,36.8810909],[127.3552489,36.8811636],[127.3551273,36.8812257],[127.3550178,36.8812765],[127.3549873,36.8812964],[127.3549841,36.8812943],[127.3549523,36.8812638],[127.3549079,36.8812975],[127.3548291,36.8812457],[127.3548241,36.8812605],[127.3547944,36.8812715],[127.354758,36.8812877],[127.3546343,36.881343],[127.35413,36.8815575],[127.353744,36.881727],[127.3535502,36.881812],[127.3533703,36.8818981],[127.3533332,36.8819159],[127.3532866,36.8819582],[127.353264,36.881973],[127.3531693,36.8820465],[127.3531321,36.8820844],[127.3530946,36.8821327],[127.3530358,36.882186],[127.35302,36.8822005],[127.3529488,36.8822744],[127.352897,36.8823282],[127.3526496,36.8825853],[127.3522407,36.8828327],[127.3519576,36.8829308],[127.3519486,36.882936],[127.351905,36.8829493],[127.3517673,36.8829802],[127.3516808,36.8829996],[127.3515337,36.8830062],[127.3512836,36.8830175],[127.350936,36.8830332],[127.3509153,36.8830297],[127.3508874,36.883025],[127.3508287,36.8830144],[127.3507828,36.8830056],[127.3507013,36.8830026],[127.3502229,36.8829373],[127.3499406,36.8828986],[127.3498474,36.8828999],[127.3498182,36.8829044],[127.3498178,36.882942],[127.3497014,36.8829305],[127.3496101,36.8828725],[127.3495833,36.8828417],[127.3495544,36.8828377],[127.3494204,36.8828132],[127.3493857,36.8828068],[127.3493099,36.882793],[127.3491712,36.8827318],[127.3490867,36.882697],[127.3490085,36.8826624],[127.3487131,36.8825119],[127.3487106,36.8824909],[127.34869,36.882483],[127.3486642,36.8824651],[127.3486481,36.8824566],[127.348598,36.8824339],[127.3484949,36.882386],[127.3484646,36.882376],[127.3484187,36.8823607],[127.3483793,36.8823508],[127.3482968,36.8823626],[127.3482583,36.8823498],[127.3482509,36.8823745],[127.3480204,36.8824352],[127.3480004,36.882376],[127.3479123,36.8823991],[127.3478345,36.8824173],[127.3477857,36.8824255],[127.3477747,36.8824257],[127.3477687,36.8824153],[127.3474762,36.8824527],[127.347094,36.8825017],[127.3467155,36.8825502],[127.3466643,36.8825387],[127.3465841,36.8825267],[127.3464946,36.8824992],[127.3464267,36.8824702],[127.3463739,36.8824514],[127.3462411,36.8824333],[127.3461713,36.8824405],[127.3461383,36.8824324],[127.345987,36.8823722],[127.3459851,36.8823703],[127.3458847,36.8824041],[127.345755,36.8824127],[127.3456776,36.8824121],[127.3450251,36.8822603],[127.3446742,36.8821834],[127.3445882,36.8821646],[127.3441525,36.8820695],[127.3440238,36.8820491],[127.3438858,36.882022],[127.3436601,36.8820525],[127.3435916,36.882066],[127.3434999,36.8820837],[127.3434359,36.8820997],[127.3433458,36.8821314],[127.3432649,36.8821639],[127.3432208,36.8821866],[127.3431757,36.8822159],[127.3431451,36.8822402],[127.3430633,36.8823155],[127.3429621,36.8823996],[127.3429253,36.8824341],[127.342835,36.8825207],[127.3428087,36.8825474],[127.342681,36.8826211],[127.3426109,36.8826613],[127.342428,36.8827636],[127.3423774,36.8827927],[127.3423473,36.8828131],[127.3422586,36.8829072],[127.3422029,36.8829822],[127.3421735,36.8830086],[127.3421382,36.8830265],[127.3420334,36.8830685],[127.3419586,36.8831169],[127.3419186,36.883159],[127.3419083,36.8831693],[127.3419064,36.8831708],[127.3418356,36.8831898],[127.3418107,36.8831969],[127.3417914,36.8831853],[127.3417542,36.8832079],[127.3417475,36.8832149],[127.341714,36.8832245],[127.3416279,36.8832489],[127.3413707,36.8833554],[127.3412183,36.8834158],[127.3410441,36.8834997],[127.3409247,36.8835561],[127.3408419,36.8836036],[127.3407455,36.8836631],[127.3405577,36.8837553],[127.3405054,36.8837727],[127.3404865,36.8837803],[127.3404508,36.883796],[127.34044,36.8838001],[127.3403604,36.883845],[127.3402182,36.8839202],[127.3402114,36.8839281],[127.3401385,36.8839656],[127.3401019,36.8839429],[127.3399693,36.8840237],[127.3399676,36.8840731],[127.3398898,36.8841279],[127.3398246,36.8841682],[127.339693,36.8842564],[127.339552,36.8843034],[127.3393847,36.8843948],[127.339339,36.8844042],[127.3392892,36.8844313],[127.3391617,36.8844559],[127.3391316,36.884461],[127.3391016,36.8844766],[127.3390153,36.8845229],[127.3388802,36.8846159],[127.3388126,36.8846629],[127.3387597,36.8847074],[127.3387245,36.8847291],[127.3386656,36.8848022],[127.3386565,36.884828],[127.3386369,36.8848648],[127.3386269,36.8849083],[127.3382902,36.8850661],[127.3379969,36.8851966],[127.3379719,36.8851961],[127.3375966,36.8853055],[127.3375736,36.8852804],[127.3375409,36.8853015],[127.3375047,36.8853323],[127.3374105,36.8853598],[127.3371923,36.8854192],[127.3369279,36.8855975],[127.3368511,36.885651],[127.336797,36.8857152],[127.3367122,36.8858191],[127.3366605,36.8859815],[127.3366194,36.8861716],[127.3365776,36.8862415],[127.3366012,36.886256],[127.3365082,36.8867789],[127.336403,36.8870167],[127.3363762,36.8870855],[127.3363583,36.8871191],[127.3363245,36.8871638],[127.3362288,36.8872737],[127.3355958,36.8881551],[127.335511,36.8882732],[127.3351711,36.8885656],[127.3350255,36.8886333],[127.3349952,36.8886481],[127.334734,36.8887643],[127.3342567,36.88886],[127.3337265,36.8888267],[127.3336979,36.8888326],[127.333669,36.8888306],[127.3336657,36.8888312],[127.3336548,36.8888274],[127.3335944,36.8888137],[127.3335487,36.8888114],[127.3334855,36.8888037],[127.3333968,36.8887933],[127.3332786,36.8887775],[127.3331309,36.8887582],[127.3329594,36.8887405],[127.3326727,36.8887148],[127.332616,36.8887098],[127.332618,36.8887133],[127.3323652,36.8886298],[127.3321885,36.8885737],[127.3321096,36.8885671],[127.3320728,36.8885813],[127.3320058,36.888569],[127.3316648,36.8885783],[127.3315787,36.8885938],[127.3314764,36.888584],[127.331377,36.8885979],[127.3313023,36.8885757],[127.3311976,36.8885507],[127.33116,36.8885584],[127.3311424,36.8885912],[127.3310295,36.8886059],[127.3309681,36.8886147],[127.3303299,36.8885918],[127.3304084,36.8884788],[127.3304377,36.8884217],[127.3303004,36.8884947],[127.3302544,36.8885946],[127.3302562,36.8885986],[127.3301586,36.8886084],[127.3299944,36.8886582],[127.3298655,36.8887194],[127.3298195,36.8887425],[127.3297645,36.8887614],[127.329673,36.8888121],[127.3296821,36.8888247],[127.3296516,36.8888501],[127.3293967,36.888879],[127.3292373,36.8889002],[127.3291382,36.8889383],[127.3290579,36.8889976],[127.3289767,36.8890581],[127.3289064,36.8891376],[127.3287851,36.8892731],[127.3287969,36.8892979],[127.3287774,36.8893244],[127.3287345,36.8893683],[127.328758,36.8894392],[127.3287494,36.8895104],[127.3287228,36.8895391],[127.3280369,36.8900525],[127.3279523,36.8901337],[127.3279418,36.8900906],[127.3278544,36.8902198],[127.3278501,36.8902318],[127.3278293,36.8902518],[127.3277711,36.8903592],[127.3277598,36.8903803],[127.3277274,36.8904397],[127.3276838,36.8905201],[127.3276345,36.8907526],[127.3275477,36.8911639],[127.327491,36.8914351],[127.3274887,36.8914472],[127.3274756,36.8914957],[127.3274769,36.8915048],[127.3274716,36.891508],[127.3273156,36.8919962],[127.3273017,36.8920247],[127.3272311,36.8920043],[127.3272779,36.8920734],[127.327162,36.8923606],[127.3269938,36.8925944],[127.3266243,36.8928524],[127.3265964,36.8929148],[127.3262971,36.8931038],[127.3262076,36.8931621],[127.3261215,36.893212],[127.3258738,36.8932229],[127.3255238,36.8934112],[127.3255159,36.8934284],[127.3254901,36.8934792],[127.3251316,36.8935746],[127.324715,36.8935874],[127.3247083,36.8935772],[127.3246516,36.8935714],[127.3244993,36.8935432],[127.3244573,36.8935798],[127.3244289,36.893597],[127.3242547,36.8936028],[127.3242181,36.8935913],[127.3241855,36.8936017],[127.3241245,36.8936208],[127.3241034,36.8936273],[127.3237431,36.8936627],[127.3235676,36.893683],[127.3235547,36.8936812],[127.3235185,36.8936759],[127.3234567,36.8936672],[127.323338,36.8936675],[127.3232736,36.8936907],[127.3231462,36.8937006],[127.3230229,36.8936394],[127.3224119,36.8936647],[127.3221323,36.8936089],[127.321829,36.8934239],[127.3217903,36.8934146],[127.321753,36.8934016],[127.3217052,36.8933609],[127.3216954,36.8933471],[127.3216529,36.89333],[127.3215787,36.8933015],[127.3215472,36.8932217],[127.3215054,36.8932044],[127.3214971,36.8931978],[127.3214634,36.8931977],[127.3213814,36.8931783],[127.3213787,36.8931777],[127.32137,36.8931627],[127.3213573,36.8931444],[127.3213439,36.8931306],[127.3213291,36.8931195],[127.3213077,36.89311],[127.3212797,36.8931036],[127.321252,36.8930987],[127.3212226,36.8930917],[127.3211672,36.8930832],[127.3210975,36.8930691],[127.3210368,36.8930651],[127.320952,36.893061],[127.3209281,36.8930756],[127.3208919,36.8930674],[127.3208671,36.893066],[127.320481,36.8934722],[127.3200327,36.8939441],[127.3200045,36.8939784],[127.3198373,36.894183],[127.3192749,36.8945731],[127.3191928,36.8946296],[127.3189006,36.8947167],[127.3186074,36.8947196],[127.31829,36.8946707],[127.318268,36.8946649],[127.3181657,36.8946367],[127.318075,36.8946182],[127.3180028,36.8946074],[127.3179377,36.8946016],[127.3178877,36.894598],[127.3178727,36.8945867],[127.3178217,36.8945853],[127.3177962,36.8945375],[127.3177638,36.894565],[127.3177149,36.8945451],[127.3176546,36.8945685],[127.3175028,36.8945569],[127.3173444,36.894638],[127.317299,36.894697],[127.3172286,36.8947198],[127.3171632,36.894812],[127.3170563,36.8949665],[127.3170199,36.8950412],[127.3169538,36.8950925],[127.3165949,36.8954176],[127.3162643,36.8955728],[127.3161688,36.8955716],[127.3161573,36.8956239],[127.3158666,36.8957606],[127.3158204,36.8957774],[127.3155266,36.8958828],[127.3154979,36.8958952],[127.3150507,36.8960796],[127.3147401,36.8962792],[127.3146314,36.8963525],[127.3146009,36.8963598],[127.3145471,36.8963681],[127.3144696,36.8964168],[127.3144248,36.8964329],[127.314403,36.8964532],[127.3142623,36.8964669],[127.3141482,36.8966264],[127.3138727,36.8967014],[127.3134884,36.8966317],[127.3128252,36.8964784],[127.3128207,36.8964743],[127.3128091,36.8964747],[127.3122603,36.8963479],[127.311965,36.896335],[127.3115516,36.8963092],[127.3114392,36.8962616],[127.3114307,36.8962629],[127.3113501,36.8962846],[127.3113203,36.8962691],[127.3112433,36.8962381],[127.3110303,36.8961047],[127.3107701,36.8960225],[127.3106413,36.8960055],[127.310546,36.8960156],[127.3104973,36.8960085],[127.3103866,36.8959862],[127.3103333,36.8959735],[127.3102844,36.8959603],[127.3102571,36.89595],[127.3101948,36.8959372],[127.3101733,36.8959321],[127.3101385,36.8959277],[127.3100865,36.8959235],[127.310006,36.895922],[127.3098485,36.895927],[127.3098136,36.8959262],[127.3097768,36.8959228],[127.3097282,36.8959209],[127.309663,36.8958823],[127.3090296,36.8959204],[127.3087275,36.8958969],[127.3086981,36.8958852],[127.3086437,36.8958471],[127.3085166,36.8958004],[127.3084167,36.8957795],[127.3084179,36.8957581],[127.3082818,36.8957471],[127.3082525,36.8957468],[127.3082113,36.8957331],[127.3079589,36.8955819],[127.3077257,36.8955038],[127.3074897,36.8955142],[127.3074084,36.8955042],[127.3072897,36.8955124],[127.3071968,36.8955269],[127.3071349,36.8955496],[127.307128,36.8956005],[127.3069519,36.8956296],[127.3069072,36.8956446],[127.306383,36.8957601],[127.3063385,36.8957477],[127.306204,36.8957047],[127.30614,36.8956967],[127.3060883,36.8956543],[127.3060088,36.8956132],[127.3059586,36.8956215],[127.3059017,36.8956065],[127.3058802,36.8956051],[127.305831,36.8955906],[127.305759,36.8955677],[127.3057364,36.8955596],[127.3057028,36.8955318],[127.3056714,36.8955152],[127.3056243,36.8954896],[127.305568,36.8954921],[127.305484,36.8954684],[127.3054273,36.8954515],[127.3053868,36.895442],[127.3053246,36.89543],[127.3053154,36.8954297],[127.3052128,36.8954366],[127.3051308,36.8954397],[127.3050402,36.8954402],[127.3050055,36.8954388],[127.3049821,36.8954369],[127.3048933,36.8954245],[127.3048626,36.8954153],[127.3048535,36.8954121],[127.3047936,36.8953679],[127.3047844,36.8953571],[127.3047696,36.8953425],[127.3047369,36.8952703],[127.3047133,36.8952236],[127.3047102,36.8952177],[127.3047084,36.8952166],[127.3047084,36.8952144],[127.3046893,36.8951784],[127.3046629,36.8951349],[127.304644,36.895114],[127.3045861,36.8950625],[127.3045538,36.895046],[127.3045523,36.8950458],[127.304552,36.8950451],[127.3045025,36.8950199],[127.3044513,36.8949516],[127.3044195,36.8949171],[127.3043731,36.8948733],[127.3043314,36.8948425],[127.304286,36.894816],[127.3042283,36.8947931],[127.3041834,36.8947838],[127.3041627,36.8947824],[127.3041343,36.894782],[127.304063,36.8947846],[127.3040298,36.894787],[127.3039643,36.8947573],[127.3039245,36.894759],[127.3038473,36.8947787],[127.3037058,36.8948184],[127.3037012,36.894821],[127.3036925,36.8948225],[127.3036566,36.8948328],[127.3036166,36.8948483],[127.3035833,36.8948645],[127.303544,36.894887],[127.3035099,36.894909],[127.3034725,36.894937],[127.3034426,36.894964],[127.3034138,36.8949956],[127.3033895,36.8950266],[127.3033725,36.8950514],[127.3033622,36.8950624],[127.3033245,36.8951149],[127.3033217,36.8951177],[127.3032967,36.8951386],[127.3032686,36.895158],[127.3032448,36.8951727],[127.3031861,36.8951974],[127.3030698,36.8952377],[127.3029972,36.8952696],[127.3029415,36.8953076],[127.302882,36.8953608],[127.3028337,36.8954118],[127.3027703,36.8954985],[127.3027534,36.8955089],[127.3027395,36.8955148],[127.3027213,36.8955215],[127.3027004,36.8955253],[127.3026565,36.8955279],[127.3025936,36.8955332],[127.3025266,36.8955358],[127.3024069,36.8955507],[127.3022506,36.8955721],[127.302096,36.8955945],[127.3019705,36.8956067],[127.3019307,36.8956077],[127.301881,36.8956071],[127.3017957,36.8955994],[127.3015778,36.8955714],[127.3015155,36.8955619],[127.3013082,36.8955179],[127.301207,36.8954865],[127.3011712,36.8954635],[127.3010703,36.895403],[127.3009917,36.8953566],[127.3009683,36.8953494],[127.3009412,36.8953443],[127.3008406,36.8953318],[127.3007319,36.8953196],[127.3006341,36.8953056],[127.3005849,36.895285],[127.3005178,36.8952683],[127.3004475,36.8952642],[127.3003452,36.8952712],[127.3001693,36.8952963],[127.3000893,36.8953112],[127.3000411,36.8953141],[127.2999532,36.8952922],[127.2998485,36.8952678],[127.2998485,36.8952674],[127.2998052,36.8952507],[127.2997964,36.8952417],[127.2997879,36.8952339],[127.2997767,36.8952266],[127.2997176,36.8952011],[127.2996784,36.8951689],[127.2996515,36.8951351],[127.2996126,36.8950938],[127.2995618,36.895063],[127.2995283,36.8950484],[127.2994902,36.8950362],[127.29944,36.8950259],[127.2993418,36.8950117],[127.2992461,36.8949953],[127.2992114,36.8949855],[127.2991807,36.8949781],[127.299119,36.8949613],[127.2990207,36.8949454],[127.2989544,36.8949313],[127.2989063,36.8949181],[127.298865,36.894894],[127.2988239,36.8948542],[127.2988014,36.8948302],[127.2987882,36.894819],[127.2987411,36.8948011],[127.298678,36.8947882],[127.2985972,36.8947695],[127.2985175,36.8947433],[127.2984728,36.8947222],[127.2984501,36.8947101],[127.2984313,36.8946945],[127.2984169,36.8946804],[127.2983797,36.8946374],[127.2983487,36.8945901],[127.2983084,36.8945361],[127.2982952,36.8945248],[127.2982797,36.8945134],[127.2982603,36.894504],[127.29824,36.8944956],[127.2982017,36.8944855],[127.2981394,36.8944709],[127.2980673,36.8944567],[127.2979836,36.8944388],[127.2978982,36.8944248],[127.29781,36.8944173],[127.2977612,36.8944167],[127.2977371,36.8944184],[127.2977217,36.8944208],[127.2976954,36.8944295],[127.2976333,36.8944393],[127.2976299,36.8944385],[127.297594,36.8944405],[127.2975688,36.8944449],[127.2975597,36.8944467],[127.2974002,36.8944395],[127.2973914,36.8944357],[127.2973851,36.8944281],[127.297381,36.8944176],[127.2973759,36.894392],[127.2973759,36.8943757],[127.2973725,36.8943401],[127.2973667,36.8943156],[127.2973621,36.8942793],[127.2973654,36.894252],[127.2973699,36.8942241],[127.2973728,36.8942144],[127.2973921,36.8941869],[127.2973966,36.8941627],[127.2974011,36.8941559],[127.2974202,36.8941165],[127.2974261,36.8941004],[127.2974319,36.8940737],[127.2974322,36.8940615],[127.2974306,36.8940506],[127.2974212,36.8940311],[127.2974104,36.8940317],[127.297332,36.8939625],[127.2973413,36.8939565],[127.2973447,36.8939486],[127.2973431,36.8939401],[127.2973342,36.8939299],[127.297312,36.8939162],[127.2972766,36.8939015],[127.2972322,36.8938787],[127.2972131,36.8938646],[127.2971969,36.893848],[127.297186,36.8938306],[127.2971773,36.8938133],[127.297173,36.893792],[127.2971724,36.8937723],[127.2971676,36.8937488],[127.2971591,36.8937301],[127.2971497,36.8937135],[127.297136,36.8936944],[127.2971203,36.8936753],[127.2971052,36.8936532],[127.2970935,36.8936309],[127.2970828,36.8936035],[127.2970724,36.89357],[127.2970637,36.893545],[127.2970536,36.8935253],[127.2970392,36.8935111],[127.2969985,36.8934829],[127.2969798,36.8934658],[127.296963,36.8934465],[127.2969378,36.8933978],[127.296928,36.8933753],[127.2969179,36.8933496],[127.2969025,36.8933198],[127.2968852,36.8932971],[127.2968414,36.8932552],[127.2968199,36.8932328],[127.2968021,36.8932105],[127.2967847,36.893184],[127.2967714,36.8931585],[127.296761,36.8931103],[127.2967597,36.8930686],[127.2967618,36.8930246],[127.296759,36.8930001],[127.2967525,36.892973],[127.2967379,36.8929279],[127.2967282,36.8929062],[127.2967161,36.8928875],[127.2966934,36.892865],[127.2966395,36.8928274],[127.29661,36.8928105],[127.296597,36.892805],[127.296585,36.8928028],[127.2965676,36.8928035],[127.2965598,36.8928067],[127.2965546,36.8928109],[127.2964862,36.8927675],[127.296444,36.8927366],[127.2963955,36.8926922],[127.2963816,36.8926782],[127.2963732,36.892663],[127.2963054,36.892598],[127.2962797,36.8925638],[127.2962815,36.8924903],[127.2961994,36.8924487],[127.2961897,36.8924144],[127.2961795,36.8924027],[127.2961805,36.8923971],[127.2961863,36.8923858],[127.2961853,36.8923821],[127.2961817,36.8923667],[127.2961799,36.8923467],[127.2961832,36.892322],[127.2961763,36.8923263],[127.2961656,36.8923322],[127.2961216,36.8923544],[127.2960732,36.8923783],[127.2961382,36.8924633],[127.2962359,36.8925463],[127.2962401,36.8925868],[127.2962906,36.8926331],[127.2963309,36.8926734],[127.2963656,36.8927308],[127.2964066,36.8927708],[127.2965989,36.8929008],[127.2965965,36.8929837],[127.2966436,36.8931511],[127.2966896,36.8932501],[127.2967292,36.8933367],[127.2967602,36.8933925],[127.2968032,36.8934645],[127.2968572,36.8935133],[127.2969107,36.8935378],[127.2969496,36.8935709],[127.2969817,36.8935902],[127.2970252,36.8936592],[127.2970317,36.8937105],[127.2970693,36.8937335],[127.2971067,36.8937664],[127.297119,36.8937926],[127.2971046,36.8938741],[127.2971703,36.8939258],[127.2972409,36.8939567],[127.2972853,36.8940261],[127.2973383,36.8940776],[127.2973495,36.8941156],[127.2973028,36.8942096],[127.2972616,36.8942553],[127.2972436,36.8943228],[127.2972554,36.894384],[127.2972873,36.8944161],[127.2972859,36.8944628],[127.2973254,36.8944963],[127.2974279,36.8945162],[127.2975616,36.8945253],[127.2976699,36.8945084],[127.2977911,36.8945108],[127.2978535,36.8945336],[127.2979254,36.8945481],[127.2979778,36.8945396],[127.2980082,36.8945412],[127.2980436,36.8945451],[127.2980557,36.8945484],[127.2981256,36.8945652],[127.298165,36.8945812],[127.2982083,36.894605],[127.2982731,36.8946757],[127.2983251,36.894742],[127.2983807,36.8947936],[127.2984672,36.8948349],[127.298527,36.8948575],[127.2985507,36.894862],[127.2986083,36.8948754],[127.2988299,36.894965],[127.2988448,36.8949835],[127.2989067,36.8950321],[127.2990124,36.8950425],[127.2990977,36.8950537],[127.2991923,36.8950627],[127.2993644,36.8950982],[127.2994183,36.8951099],[127.2994741,36.8951263],[127.2995929,36.8951642],[127.2996076,36.895178],[127.2996111,36.8951834],[127.2996179,36.8952025],[127.2996187,36.8952118],[127.2996181,36.8952198],[127.2996145,36.8952383],[127.2996563,36.8952891],[127.2996723,36.8953145],[127.299699,36.8953265],[127.2997223,36.8953287],[127.2997403,36.8953323],[127.2998844,36.8954087],[127.2998874,36.8954097],[127.2998993,36.8954134],[127.2999113,36.8954167],[127.2999235,36.8954198],[127.2999357,36.8954225],[127.2999481,36.8954249],[127.2999605,36.895427],[127.2999731,36.8954288],[127.2999857,36.8954303],[127.2999983,36.8954314],[127.300011,36.8954322],[127.3000237,36.8954328],[127.3000364,36.8954329],[127.3000491,36.8954328],[127.3000618,36.8954324],[127.3000745,36.8954316],[127.3000872,36.8954305],[127.3000997,36.8954291],[127.3001123,36.8954273],[127.3002358,36.8954086],[127.3002404,36.895408],[127.3003006,36.8954331],[127.3003867,36.8954483],[127.3006453,36.8954227],[127.3008384,36.8954495],[127.3008443,36.8954504],[127.3008501,36.8954513],[127.300856,36.8954524],[127.3008618,36.8954536],[127.3008676,36.8954549],[127.3008734,36.8954563],[127.3008791,36.8954578],[127.3008847,36.8954594],[127.3008904,36.8954611],[127.3008959,36.8954629],[127.3009015,36.8954648],[127.3009069,36.8954668],[127.3009123,36.8954689],[127.3009177,36.8954711],[127.300923,36.8954734],[127.3009282,36.8954758],[127.3009334,36.8954783],[127.3009384,36.8954808],[127.3009434,36.8954835],[127.3009484,36.8954862],[127.3010714,36.8955563],[127.3010874,36.8955653],[127.3011038,36.8955739],[127.3011203,36.8955823],[127.3011371,36.8955903],[127.3011542,36.895598],[127.3011714,36.8956054],[127.3011888,36.8956125],[127.3012065,36.8956193],[127.3012243,36.8956257],[127.3012342,36.8956291],[127.3014311,36.8956697],[127.3017932,36.8957162],[127.3018297,36.8957203],[127.3018856,36.8957244],[127.3019417,36.8957259],[127.3019977,36.8957247],[127.3020536,36.8957209],[127.3021092,36.8957145],[127.3023319,36.8956834],[127.3024109,36.8956815],[127.3024233,36.8956717],[127.3025729,36.8956558],[127.3026196,36.8956618],[127.3026803,36.8956727],[127.3027462,36.8956558],[127.3028287,36.8956152],[127.3028873,36.895548],[127.3029011,36.8955183],[127.3029185,36.8954964],[127.3029276,36.8954864],[127.3029912,36.8954321],[127.3030981,36.8953602],[127.3031577,36.8953316],[127.3031716,36.8953273],[127.3031807,36.8953206],[127.3031821,36.89532],[127.3032106,36.8953057],[127.3032385,36.8952906],[127.3033595,36.8952108],[127.3034143,36.8951675],[127.3034349,36.895151],[127.3034544,36.8951158],[127.3034679,36.8951016],[127.303512,36.895056],[127.3035335,36.8950352],[127.3035567,36.8950155],[127.3035814,36.8949972],[127.303593,36.8949893],[127.3036278,36.8949703],[127.3036633,36.8949539],[127.3037089,36.8949357],[127.303723,36.8949318],[127.3038439,36.8949066],[127.3038711,36.8948976],[127.3038736,36.8948974],[127.3039407,36.8948926],[127.3039713,36.8948984],[127.3039778,36.8948904],[127.3040238,36.8948894],[127.3040797,36.8948936],[127.3041345,36.8949032],[127.3041564,36.8949094],[127.3042312,36.8949707],[127.3042369,36.8950176],[127.3042216,36.8950636],[127.3042476,36.8950681],[127.3043537,36.8950782],[127.3043584,36.8950828],[127.304358,36.8950878],[127.3043486,36.8950933],[127.3044055,36.895125],[127.3044449,36.8951376],[127.3045897,36.8954049],[127.3046027,36.8954266],[127.3046326,36.8954647],[127.3046692,36.8954988],[127.3047116,36.8955283],[127.3047589,36.8955525],[127.3048101,36.8955709],[127.3048642,36.895583],[127.3049198,36.8955886],[127.3050553,36.8955942],[127.3051327,36.895611],[127.3051964,36.8956136],[127.3052523,36.8956171],[127.3053079,36.895623],[127.3053631,36.8956312],[127.3054176,36.8956418],[127.3054714,36.8956547],[127.3055242,36.8956698],[127.3055502,36.8956782],[127.306255,36.8959146],[127.3063198,36.8959278],[127.3063137,36.8959374],[127.3063149,36.8959436],[127.3063769,36.8959408],[127.3064044,36.89595],[127.3064427,36.8959609],[127.3064975,36.8959706],[127.3065535,36.8959736],[127.3065639,36.895973],[127.3065867,36.8959768],[127.3067463,36.895988],[127.3067653,36.895976],[127.3067978,36.8959621],[127.3068352,36.8959551],[127.3068551,36.8959586],[127.3069532,36.8959378],[127.3070373,36.8959502],[127.3071255,36.8959119],[127.307173,36.8958844],[127.3074049,36.8958291],[127.3075867,36.8957854],[127.30778,36.8958166],[127.3077915,36.895824],[127.307937,36.895915],[127.3081711,36.8960605],[127.3083449,36.8961275],[127.308346,36.8961347],[127.3083781,36.8961403],[127.3084066,36.8961513],[127.3084779,36.8961594],[127.308528,36.896184],[127.3085732,36.896253],[127.3087232,36.8962514],[127.3087802,36.8962693],[127.3088861,36.8962629],[127.3088182,36.8961979],[127.3090154,36.8962203],[127.3090742,36.8962162],[127.3094692,36.8961882],[127.3095846,36.8961821],[127.3101183,36.8961421],[127.3106107,36.8962306],[127.311261,36.8965055],[127.3116595,36.8966078],[127.3122215,36.8966019],[127.312306,36.8966267],[127.3123446,36.8966448],[127.3124299,36.8966591],[127.3124317,36.8966634],[127.312539,36.8966949],[127.3125501,36.8967033],[127.3125652,36.8967025],[127.3126502,36.8967275],[127.3126771,36.8967474],[127.3127578,36.8967701],[127.3128238,36.8967783],[127.3133563,36.8969341],[127.3134028,36.8969626],[127.3135495,36.8969937],[127.3137728,36.8969884],[127.3138144,36.8970435],[127.3138237,36.8970406],[127.3138297,36.8970494],[127.3141389,36.8969971],[127.3142546,36.8969448],[127.3143531,36.8969001],[127.3149787,36.8965041],[127.3151539,36.8964555],[127.3151553,36.8965251],[127.3153999,36.8963165],[127.3154216,36.8962944],[127.3157073,36.896181],[127.3157176,36.8961597],[127.3157187,36.8961573],[127.3158214,36.8961025],[127.3159904,36.896057],[127.3160631,36.8960584],[127.3163614,36.8959639],[127.3168481,36.8956726],[127.3172706,36.895365],[127.317667,36.8950315],[127.3177664,36.8950086],[127.3178422,36.8950224],[127.3179213,36.8950489],[127.3179982,36.8950414],[127.3180663,36.8950188],[127.3181203,36.8950119],[127.318422,36.8950926],[127.3184658,36.895086],[127.3184945,36.8950979],[127.318536,36.8950839],[127.3186182,36.8951014],[127.3186334,36.8951238],[127.3186662,36.8951183],[127.3187,36.8951249],[127.3187481,36.8950999],[127.3188663,36.8950678],[127.3189105,36.8950403],[127.319038,36.8950263],[127.319555,36.8947984],[127.3196145,36.894757],[127.3199687,36.8945107],[127.320004,36.8944857],[127.3201154,36.8944179],[127.3202061,36.894329],[127.3202587,36.8943076],[127.3203642,36.8941804],[127.320399,36.8941439],[127.3204241,36.8940922],[127.3207603,36.8937373],[127.3207481,36.8937016],[127.3208438,36.8935923],[127.3209077,36.8935302],[127.3209561,36.8934919],[127.3210075,36.8934658],[127.3210745,36.8934428],[127.3211314,36.8934317],[127.3211779,36.8934332],[127.3211894,36.8934345],[127.3211991,36.8934382],[127.321206,36.8934432],[127.3212632,36.8934665],[127.3212728,36.8934665],[127.3213153,36.8935145],[127.3213654,36.8935645],[127.3219177,36.8938903],[127.322404,36.8940254],[127.3222703,36.894176],[127.3223675,36.8942468],[127.3224538,36.894311],[127.3224776,36.894273],[127.3226709,36.894145],[127.3234376,36.8941063],[127.3237794,36.8940829],[127.323943,36.8940562],[127.3242792,36.8940419],[127.3245428,36.8940192],[127.3245538,36.8940464],[127.3247227,36.8939971],[127.3248628,36.8939563],[127.3252275,36.8938436],[127.3252781,36.8938336],[127.3254175,36.8937998],[127.3254492,36.8937926],[127.3255168,36.8937914],[127.3256199,36.8937787],[127.325712,36.8937527],[127.3257299,36.8937488],[127.3258581,36.8937048],[127.3259207,36.893685],[127.326014,36.8936476],[127.326086,36.8936192],[127.326188,36.8935727],[127.3262275,36.8935546],[127.3263231,36.8935689],[127.3264035,36.893561],[127.3264662,36.8935615],[127.3265263,36.8936071],[127.326653,36.8936211],[127.326692,36.8935947],[127.3268066,36.8934677],[127.3269329,36.8933661],[127.3271982,36.8931924],[127.327283,36.8931263],[127.3274331,36.8931023],[127.3274273,36.8930812],[127.3273892,36.8929402],[127.3273812,36.8929322],[127.3273643,36.8929154],[127.3275764,36.8926098],[127.3276814,36.8924573],[127.3277149,36.8924259],[127.3277654,36.8922445],[127.3278909,36.8920684],[127.3279086,36.8920438],[127.3280547,36.8918344],[127.3280309,36.891816],[127.3279707,36.8917828],[127.327956,36.8917741],[127.327956,36.8917556],[127.3280056,36.8916974],[127.3279454,36.891656],[127.3279648,36.8915749],[127.3279487,36.8915708],[127.3279998,36.8914975],[127.3280637,36.8914064],[127.3281544,36.891304],[127.3281522,36.8912986],[127.3281543,36.891256],[127.3281523,36.8912548],[127.3282806,36.8910408],[127.328334,36.8909487],[127.3284307,36.8907581],[127.3284592,36.8906715],[127.3285284,36.8905783],[127.3286022,36.8904427],[127.328856,36.8901748],[127.3289308,36.8900443],[127.3289804,36.8899651],[127.3289851,36.889937],[127.3294722,36.8895634],[127.3294903,36.8895601],[127.3294887,36.8895507],[127.3299146,36.8892238],[127.3299992,36.8891563],[127.3304092,36.88903],[127.331062,36.889055],[127.3313246,36.8890658],[127.3328733,36.8891311],[127.3335566,36.8892115],[127.3337031,36.8892217],[127.333738,36.8892244],[127.3337688,36.8892259],[127.3338076,36.8892268],[127.3338417,36.8892272],[127.3338724,36.8892382],[127.333885,36.8892457],[127.3339683,36.8892362],[127.3340016,36.8892315],[127.3341525,36.8892071],[127.3343662,36.8891737],[127.3345096,36.8891482],[127.3346092,36.8891294],[127.3346837,36.8891126],[127.334748,36.8890971],[127.3348383,36.8890725],[127.3349157,36.8890478],[127.3350144,36.8890105],[127.3350933,36.8889784],[127.3351987,36.8889267],[127.3352374,36.888907],[127.3352488,36.8889042],[127.3353866,36.8888714],[127.335639,36.888782],[127.3357976,36.8886803],[127.3358457,36.8886371],[127.3359626,36.8885073],[127.3360664,36.8883511],[127.3361582,36.8882147],[127.3361985,36.888146],[127.3362597,36.8880426],[127.3363269,36.8879132],[127.3363754,36.887828],[127.3364118,36.8877671],[127.3364642,36.8876645],[127.3365664,36.8875304],[127.3368295,36.887194],[127.3368652,36.8870774],[127.3368636,36.8869571],[127.3368709,36.8869221],[127.3369042,36.8868899],[127.3369376,36.8868613],[127.3369821,36.8868096],[127.3369494,36.8867999],[127.3370031,36.8866784],[127.3370704,36.8865896],[127.3370553,36.8865471],[127.3370321,36.8864969],[127.3370567,36.8863894],[127.3370634,36.8863355],[127.3370661,36.8863139],[127.3370806,36.8862656],[127.3371079,36.8862254],[127.3371277,36.8861735],[127.3371783,36.8860879],[127.3371921,36.8860644],[127.3372118,36.8860425],[127.3372279,36.8860247],[127.3372427,36.8860099],[127.3372559,36.8859784],[127.3372636,36.8859649],[127.3374185,36.8858762],[127.3375212,36.8857937],[127.3375568,36.8857676],[127.3376082,36.8857373],[127.3376981,36.8856677],[127.3377203,36.8856539],[127.3377647,36.8856783],[127.3378217,36.8857177],[127.3378438,36.8856706],[127.3378842,36.8855874],[127.3379141,36.8855531],[127.3379559,36.8855248],[127.3380073,36.8855035],[127.3380554,36.885486],[127.3381506,36.8854596],[127.3383091,36.8854435],[127.3382983,36.8854355],[127.3382949,36.8854267],[127.3384051,36.8853677],[127.3385542,36.8853359],[127.3385702,36.8853267],[127.3386188,36.8853063],[127.3386758,36.8852704],[127.3386967,36.885258],[127.3387353,36.8852391],[127.3387683,36.8852257],[127.3387993,36.885201],[127.3388023,36.8851904],[127.3388449,36.8851744],[127.3389302,36.8851379],[127.3389486,36.8851286],[127.3390007,36.8851122],[127.3390214,36.8850981],[127.3390749,36.8850697],[127.3390853,36.8850781],[127.3391852,36.8850564],[127.3391862,36.8850472],[127.3391886,36.8850431],[127.3392461,36.8849859],[127.3392731,36.8849628],[127.3392928,36.8849475],[127.3393787,36.8848875],[127.3394003,36.8849091],[127.339443,36.8848785],[127.3396486,36.8847521],[127.3396495,36.8847267],[127.3397992,36.8846408],[127.3398279,36.8846231],[127.3399492,36.8845374],[127.3400172,36.8845108],[127.3402852,36.8843159],[127.3404065,36.8842919],[127.3404723,36.8842705],[127.3404955,36.8842597],[127.3405012,36.8842526],[127.3405083,36.8842461],[127.3405365,36.8842134],[127.3405571,36.884183],[127.3406328,36.8841421],[127.3407,36.8841108],[127.3408366,36.8840468],[127.3408629,36.8840389],[127.3409985,36.8839973],[127.3410586,36.8839819],[127.341132,36.8839337],[127.3411697,36.8838908],[127.3411823,36.8838006],[127.3412019,36.8837959],[127.3412987,36.8837704],[127.3414264,36.8837354],[127.3415647,36.8836922],[127.3418871,36.8835903],[127.3420421,36.8835417],[127.3421376,36.8835039],[127.3423453,36.8834204]]]}}]}