{"type":"FeatureCollection","features":[{"type":"Feature","properties":{"admin_code":"43150","admin_name":"제천시","river_name":"방도교천","source_record_count":1,"latest_notice_date":"20181214","area_m2":303497.5,"perimeter_m":9675.15,"width_proxy_m":62.74,"width_class":"wide","center_lon":128.0122921,"center_lat":37.1663373,"candidate_rank":1},"geometry":{"type":"Polygon","coordinates":[[[128.0008826,37.1592685],[128.0009794,37.1593845],[128.0010436,37.1593967],[128.0011215,37.1594671],[128.0012555,37.1595703],[128.0012679,37.1595798],[128.0013352,37.1596224],[128.0013733,37.1596465],[128.0014022,37.1596649],[128.0014095,37.1596696],[128.0014014,37.1596684],[128.0014933,37.159727],[128.0016214,37.1597744],[128.0017589,37.1598751],[128.001914,37.1599693],[128.0020853,37.1600741],[128.0023415,37.160263],[128.002402,37.1602925],[128.0024238,37.1603032],[128.0024483,37.1603191],[128.0025006,37.1604383],[128.0025613,37.1603926],[128.0025855,37.1604084],[128.0026375,37.1604422],[128.0026582,37.1604889],[128.0026006,37.1605206],[128.0026608,37.1605339],[128.0027086,37.1605405],[128.0027648,37.1605486],[128.0028433,37.1605514],[128.0029395,37.1604909],[128.0029581,37.1604982],[128.0030766,37.1605444],[128.0030808,37.1605785],[128.0029849,37.1605711],[128.0029424,37.160564],[128.0030621,37.1606],[128.0041386,37.1610146],[128.0046133,37.1611855],[128.0050244,37.1613727],[128.0050964,37.1616334],[128.0052242,37.1617533],[128.0053757,37.1618469],[128.0058391,37.1620399],[128.0063633,37.162312],[128.0064108,37.1626078],[128.0065074,37.162673],[128.0065575,37.1626679],[128.0066688,37.1626629],[128.0066929,37.1627433],[128.0067658,37.1627406],[128.0068194,37.1627668],[128.0068969,37.1627941],[128.0070642,37.1628026],[128.0071756,37.1628417],[128.0071883,37.1629058],[128.0072287,37.1629864],[128.0073313,37.1629522],[128.0073936,37.1629522],[128.0073686,37.1627111],[128.0075863,37.1627395],[128.0076093,37.162745],[128.0077961,37.1627897],[128.0081354,37.1629372],[128.0081741,37.1629501],[128.0082591,37.1630034],[128.0082965,37.1630364],[128.0083673,37.1630615],[128.0083712,37.1630701],[128.0083809,37.1631316],[128.0083959,37.1631698],[128.0084418,37.1632266],[128.0084758,37.1632574],[128.008594,37.1633666],[128.0086354,37.1634638],[128.0087021,37.1636038],[128.0087022,37.1636283],[128.0086674,37.1636616],[128.0086473,37.1637056],[128.008658,37.1637524],[128.0087162,37.1638467],[128.0087963,37.1639782],[128.0089189,37.163951],[128.008999,37.1640019],[128.0091528,37.1642006],[128.0094151,37.1644357],[128.0093406,37.1645866],[128.0094058,37.1646179],[128.0094049,37.1645951],[128.0094629,37.1645325],[128.0095248,37.1644818],[128.0096018,37.1645197],[128.0097644,37.1645771],[128.0097668,37.1645827],[128.0101631,37.1647328],[128.010679,37.1649017],[128.0106907,37.1649055],[128.0110096,37.1650693],[128.0111336,37.1651509],[128.0113756,37.1654743],[128.0116139,37.1658773],[128.0116174,37.1658831],[128.011774,37.1661481],[128.0117845,37.1662648],[128.0119871,37.1664041],[128.0121182,37.1664774],[128.0125448,37.1666401],[128.0127128,37.1667135],[128.0128364,37.1667756],[128.0129894,37.1668153],[128.0132192,37.1668908],[128.0132842,37.1668786],[128.0134627,37.1669437],[128.0137031,37.166986],[128.0139314,37.1670407],[128.0140274,37.1670713],[128.0141291,37.1671417],[128.0143293,37.1673375],[128.0143701,37.1673472],[128.0144096,37.1673573],[128.0144756,37.1675086],[128.0144404,37.1676221],[128.0142797,37.1681634],[128.0142599,37.1683018],[128.0139088,37.1685238],[128.0138598,37.1687455],[128.014003,37.1690096],[128.0142659,37.1690906],[128.0144481,37.1692607],[128.0145772,37.169339],[128.0147846,37.1695241],[128.0148358,37.1696609],[128.0147017,37.1700111],[128.0147274,37.1700015],[128.0149141,37.1700006],[128.0149468,37.1699922],[128.0150176,37.1700526],[128.0149926,37.1700625],[128.0150465,37.1702565],[128.0151835,37.1702176],[128.0151182,37.1703359],[128.0159969,37.1705439],[128.0160965,37.1708197],[128.0164909,37.1707815],[128.016917,37.1711578],[128.0171903,37.1710475],[128.0178756,37.1713872],[128.0178289,37.1715681],[128.018074,37.1716308],[128.0184126,37.1720975],[128.0184293,37.1722342],[128.018516,37.172514],[128.0185159,37.1725945],[128.0187179,37.1728566],[128.0188107,37.1729249],[128.0187595,37.1729996],[128.0188482,37.1731362],[128.0188736,37.1732168],[128.0188834,37.1732405],[128.0189716,37.173306],[128.0189707,37.1733173],[128.0190392,37.1734041],[128.0190824,37.1733952],[128.0191065,37.1734126],[128.0192393,37.1734635],[128.019753,37.1735984],[128.019843,37.1736464],[128.0198436,37.1736815],[128.0199051,37.1736768],[128.0200067,37.1737335],[128.0200688,37.1738047],[128.0201187,37.1738538],[128.0201392,37.1739119],[128.0202225,37.174214],[128.0202674,37.1742892],[128.0203074,37.1743944],[128.0203156,37.174416],[128.0203189,37.174421],[128.0203593,37.1744021],[128.0205894,37.1742941],[128.0205864,37.1742875],[128.0204881,37.1742307],[128.020335,37.1740624],[128.0203269,37.1740455],[128.0203574,37.1740647],[128.0204089,37.1739928],[128.0205353,37.1739513],[128.0205608,37.1738571],[128.0206005,37.1737771],[128.0205808,37.1737346],[128.0204718,37.173379],[128.0204551,37.1733364],[128.0205113,37.1733319],[128.0205045,37.1732626],[128.0205122,37.1731163],[128.0205702,37.1730996],[128.0203905,37.1728169],[128.0203033,37.1726144],[128.0201249,37.172411],[128.0201387,37.1722997],[128.0202038,37.1722585],[128.0202234,37.1721978],[128.0203131,37.1721444],[128.0205876,37.1721213],[128.0208217,37.1721016],[128.0209541,37.1720398],[128.0208957,37.1719984],[128.0207949,37.171927],[128.0207375,37.1717308],[128.0207729,37.1716177],[128.0207741,37.1716087],[128.0207036,37.1716067],[128.0207917,37.171422],[128.0208209,37.1714422],[128.020981,37.1715141],[128.0210411,37.1715177],[128.021132,37.1715528],[128.0212829,37.171557],[128.0213064,37.1715529],[128.0213059,37.1715904],[128.0213266,37.1717467],[128.0213738,37.1717651],[128.0215103,37.1718181],[128.0215145,37.1718119],[128.0215455,37.171631],[128.0215917,37.1714454],[128.0215978,37.1714241],[128.0216953,37.1714239],[128.0217654,37.1714359],[128.0218028,37.1714706],[128.0218893,37.1714984],[128.0220489,37.1715497],[128.0223203,37.1716159],[128.0224002,37.1716256],[128.0224551,37.1716436],[128.0225616,37.1716985],[128.0225877,37.1717193],[128.0227012,37.1718349],[128.0227175,37.1718502],[128.0227798,37.1719094],[128.0227836,37.1719137],[128.0227754,37.1719192],[128.0227835,37.1719261],[128.0227917,37.1719234],[128.022874,37.1720137],[128.0228912,37.1720326],[128.0229841,37.1721349],[128.0229812,37.1722155],[128.0230585,37.1723017],[128.0230607,37.1722193],[128.0231235,37.1722884],[128.0231168,37.1722939],[128.0231239,37.1723006],[128.0231319,37.1722965],[128.0231881,37.1723601],[128.0232466,37.1724247],[128.0232672,37.1724506],[128.0233044,37.1724875],[128.0233086,37.1724917],[128.0232946,37.1725002],[128.0233052,37.1725056],[128.0233091,37.1725058],[128.0233176,37.1725018],[128.0234451,37.1726501],[128.0235094,37.1727206],[128.023515,37.1727265],[128.0235686,37.1727837],[128.0235754,37.1727913],[128.0236299,37.1728542],[128.0237477,37.1729946],[128.0237733,37.1730244],[128.0238063,37.1730514],[128.023719,37.1730342],[128.0236999,37.1730171],[128.0237025,37.17302],[128.023707,37.1730249],[128.0237138,37.1730321],[128.0237207,37.1730392],[128.0237279,37.1730461],[128.0237352,37.173053],[128.0237427,37.1730597],[128.0237503,37.1730663],[128.0237581,37.1730728],[128.0237661,37.1730792],[128.0237742,37.1730854],[128.0237825,37.1730915],[128.023791,37.1730975],[128.0237996,37.1731033],[128.0238083,37.173109],[128.0238172,37.1731145],[128.0238262,37.1731199],[128.0238353,37.1731252],[128.0238446,37.1731303],[128.023854,37.1731352],[128.0238636,37.17314],[128.0238732,37.1731446],[128.023883,37.1731491],[128.0238929,37.1731534],[128.0239028,37.1731576],[128.0239129,37.1731616],[128.0239231,37.1731655],[128.0239334,37.1731691],[128.0239438,37.1731726],[128.0239542,37.173176],[128.0239648,37.1731791],[128.0239754,37.1731821],[128.0239861,37.173185],[128.0239968,37.1731876],[128.0240077,37.1731901],[128.0240185,37.1731924],[128.0240295,37.1731945],[128.0240405,37.1731965],[128.0240515,37.1731982],[128.0240626,37.1731998],[128.0240737,37.1732012],[128.0240849,37.1732025],[128.0240961,37.1732035],[128.0241073,37.1732044],[128.0241185,37.1732051],[128.0241297,37.1732056],[128.024141,37.1732059],[128.0241522,37.1732061],[128.0241635,37.173206],[128.0241748,37.1732058],[128.0242405,37.173204],[128.0241705,37.1731614],[128.0242524,37.1731588],[128.0242548,37.1731684],[128.0242633,37.1731671],[128.0242622,37.1731582],[128.0242776,37.1731578],[128.0242631,37.1732034],[128.0244299,37.1731988],[128.0244404,37.1731984],[128.0244516,37.173198],[128.0244629,37.1731975],[128.0244741,37.1731969],[128.0244853,37.1731962],[128.0244965,37.1731954],[128.0245078,37.1731945],[128.0245189,37.1731935],[128.0245301,37.1731924],[128.0245413,37.1731913],[128.0245524,37.17319],[128.0245636,37.1731887],[128.0245747,37.1731872],[128.0245858,37.1731857],[128.0245969,37.1731841],[128.0246079,37.1731824],[128.024619,37.1731806],[128.02463,37.1731787],[128.024641,37.1731768],[128.024665,37.1731724],[128.0246686,37.1731717],[128.0245622,37.1731304],[128.0246282,37.1731316],[128.0246403,37.1731307],[128.0247827,37.1731419],[128.024927,37.173196],[128.0250231,37.1732376],[128.0251368,37.1733123],[128.0251761,37.1733416],[128.0252173,37.1733719],[128.0252155,37.1733762],[128.0252095,37.1733892],[128.0252029,37.1733974],[128.0251837,37.1734181],[128.0251902,37.1734237],[128.0252319,37.1734479],[128.0252455,37.1734607],[128.0252412,37.1734658],[128.025235,37.1734734],[128.0252581,37.1735583],[128.0252719,37.1736107],[128.0252609,37.173648],[128.0252458,37.1737241],[128.0252609,37.1737665],[128.0252613,37.1737797],[128.0252624,37.1738141],[128.0252832,37.1738392],[128.0253039,37.1738997],[128.025464,37.1740162],[128.0254935,37.1740319],[128.02554,37.1740802],[128.0255894,37.1741432],[128.0255843,37.1741523],[128.0256005,37.1741572],[128.0257558,37.1743552],[128.0261402,37.174402],[128.0262778,37.1744115],[128.0264466,37.1743878],[128.02658,37.1743998],[128.0266212,37.1743529],[128.026722,37.174292],[128.026974,37.1741407],[128.0268434,37.1739762],[128.0271193,37.1738534],[128.0271511,37.1738063],[128.027163,37.1738185],[128.0272152,37.1737878],[128.027285,37.1737466],[128.0273477,37.1737183],[128.0274303,37.173692],[128.0275105,37.1736734],[128.0275933,37.1736565],[128.027624,37.1736564],[128.0278994,37.173663],[128.0282548,37.173817],[128.0286462,37.1738427],[128.0288582,37.1739692],[128.0294793,37.1740844],[128.02948,37.1740838],[128.0296781,37.1741213],[128.0300669,37.1743179],[128.0304682,37.1745042],[128.0306602,37.1745898],[128.0307915,37.1746844],[128.0308711,37.1747368],[128.0312495,37.1745489],[128.0310724,37.1743432],[128.0309338,37.1742959],[128.0306013,37.1742953],[128.0305847,37.174301],[128.0305584,37.1742849],[128.029869,37.1739719],[128.029757,37.1739468],[128.0297338,37.173906],[128.0295505,37.1738859],[128.029536,37.173884],[128.0294604,37.1738764],[128.0292379,37.1738141],[128.0290172,37.1737707],[128.0289251,37.1736858],[128.0288354,37.1736004],[128.0286532,37.1735536],[128.0285949,37.1735448],[128.0285581,37.1735433],[128.0280704,37.1734179],[128.0277887,37.1732908],[128.0274515,37.173437],[128.0271666,37.173619],[128.0270489,37.1736302],[128.0270115,37.1736283],[128.0268262,37.1736248],[128.0267281,37.1736503],[128.0266659,37.1736703],[128.0265146,37.1737063],[128.026475,37.173834],[128.0264368,37.1738831],[128.0263717,37.1739465],[128.0263241,37.1739773],[128.02627,37.173999],[128.0261399,37.1740304],[128.025986,37.1740826],[128.0259707,37.1740818],[128.0259383,37.1740721],[128.0256842,37.1738217],[128.0255312,37.17364],[128.0255756,37.1735727],[128.0255297,37.1735067],[128.0254667,37.173473],[128.0254402,37.1734106],[128.0253656,37.1733214],[128.0253846,37.1732995],[128.0253892,37.1732917],[128.0253683,37.1732704],[128.0253398,37.1732724],[128.0253198,37.1732602],[128.0253036,37.1732625],[128.0252668,37.1732422],[128.0251516,37.1731787],[128.0250721,37.1731394],[128.0249272,37.1730831],[128.0248157,37.1730446],[128.0247569,37.1730338],[128.0246614,37.1730255],[128.0246104,37.1730357],[128.024473,37.1730826],[128.0244708,37.1730763],[128.0244296,37.1730768],[128.0244248,37.1730769],[128.0243927,37.1730644],[128.0243179,37.1730317],[128.0243022,37.173081],[128.0241473,37.173086],[128.0240498,37.1730862],[128.0239908,37.1730699],[128.0238716,37.1729997],[128.0237455,37.1728623],[128.0235845,37.1726815],[128.0235088,37.1725942],[128.023375,37.1724439],[128.0233215,37.172381],[128.0232115,37.1722578],[128.0230956,37.1721293],[128.023064,37.1720952],[128.0230671,37.1719784],[128.0229641,37.1717826],[128.0227463,37.171583],[128.0225573,37.1715102],[128.0224192,37.1715178],[128.0222801,37.1714976],[128.0222175,37.171401],[128.0220924,37.1712986],[128.0220497,37.1712897],[128.0219668,37.1712724],[128.0219368,37.1712662],[128.0218064,37.1711518],[128.0217153,37.1710551],[128.0216538,37.171018],[128.0215708,37.1709679],[128.0214178,37.1709422],[128.0213741,37.1709349],[128.0213543,37.170836],[128.02134,37.1707647],[128.021286,37.1707798],[128.0212034,37.1708028],[128.0210362,37.1708852],[128.0208029,37.1710039],[128.0205572,37.1710631],[128.0203109,37.1709445],[128.0200207,37.1707804],[128.0199291,37.170752],[128.0198396,37.1707567],[128.0194608,37.170655],[128.0193711,37.17052],[128.0194952,37.1704121],[128.0196019,37.1704117],[128.0197772,37.1704511],[128.0198004,37.1704563],[128.0200266,37.1703991],[128.0203228,37.1703013],[128.0204391,37.1703018],[128.0204801,37.1703589],[128.0204876,37.170409],[128.0205648,37.1704211],[128.0206957,37.1704048],[128.0208017,37.1704207],[128.0207968,37.1703581],[128.0205898,37.1703533],[128.0205336,37.1703045],[128.0205793,37.1703053],[128.0205935,37.1702262],[128.0205983,37.1701111],[128.0206655,37.1701101],[128.0207354,37.1700201],[128.0205595,37.1698138],[128.0204429,37.1696825],[128.0202365,37.1694785],[128.0199568,37.1692387],[128.0199221,37.1692094],[128.0195973,37.1689043],[128.0195113,37.1688327],[128.0194488,37.1688455],[128.019418,37.168866],[128.019346,37.1687699],[128.019168,37.1691154],[128.0190805,37.169233],[128.0189062,37.1693563],[128.0186222,37.1694913],[128.0184263,37.1695387],[128.0182277,37.1694549],[128.0182737,37.1692985],[128.01813,37.1691064],[128.0183524,37.1688485],[128.018615,37.1683678],[128.018856,37.1684214],[128.0188396,37.1683164],[128.0185373,37.1682899],[128.0177321,37.1682818],[128.017629,37.1682807],[128.0175185,37.1681886],[128.0171773,37.1681035],[128.0170364,37.1679337],[128.0168854,37.1677348],[128.0167992,37.1676181],[128.0167995,37.1676122],[128.0168038,37.1675382],[128.0167589,37.1674164],[128.0167372,37.1674046],[128.0148588,37.1686595],[128.0146749,37.1687823],[128.014561,37.1688623],[128.0144962,37.1689098],[128.0145494,37.16898],[128.0145515,37.1689875],[128.0145476,37.1689948],[128.014533,37.1690081],[128.0145213,37.169015],[128.0145055,37.1690178],[128.0144916,37.1690144],[128.0144765,37.1690036],[128.0144733,37.1690013],[128.0144569,37.1689871],[128.0144277,37.1689582],[128.0144068,37.1689325],[128.0143917,37.1689069],[128.0143799,37.1688711],[128.0143742,37.1688506],[128.0143712,37.1688239],[128.014372,37.1687856],[128.0143951,37.1686974],[128.0144184,37.1686088],[128.0144626,37.1684334],[128.014528,37.1682784],[128.0145909,37.1680861],[128.0146429,37.1678828],[128.0146592,37.1678199],[128.0146676,37.1678064],[128.01468,37.1678021],[128.0147458,37.1678062],[128.0147421,37.1678053],[128.0147545,37.1677494],[128.0147744,37.167665],[128.0147847,37.167597],[128.014785,37.1675354],[128.0147841,37.1675255],[128.0147891,37.167523],[128.01478,37.1674186],[128.0147794,37.1673402],[128.0147113,37.1672016],[128.0147594,37.1671802],[128.0146839,37.1670214],[128.0146056,37.166929],[128.0145837,37.1668465],[128.0144035,37.1666819],[128.0142945,37.1665766],[128.014144,37.1665222],[128.0138104,37.1665213],[128.0137186,37.1664874],[128.0134386,37.166542],[128.0133596,37.1665328],[128.013334,37.1665328],[128.0132303,37.166544],[128.0131616,37.1665962],[128.0129962,37.1665298],[128.0129416,37.1664346],[128.0125245,37.1662704],[128.0122944,37.1662133],[128.0122639,37.1662075],[128.0122178,37.1661832],[128.0119748,37.1660552],[128.0119618,37.1659948],[128.0119516,37.165947],[128.0119479,37.1659299],[128.0119329,37.1658599],[128.0119062,37.165781],[128.0118818,37.1657087],[128.0118344,37.1655755],[128.011586,37.16514],[128.0114879,37.1650751],[128.0113558,37.1648072],[128.0113645,37.1647202],[128.0114484,37.1646532],[128.0114634,37.1646412],[128.011374,37.1645503],[128.0112084,37.1644128],[128.011111,37.1644558],[128.0107135,37.1642561],[128.0105513,37.1642311],[128.0104525,37.1642334],[128.0104929,37.1641396],[128.0104939,37.1640511],[128.0104164,37.1639608],[128.010329,37.1639849],[128.0102882,37.1639018],[128.0102689,37.1639517],[128.0102688,37.164007],[128.0102726,37.1640805],[128.0101943,37.1640684],[128.0101163,37.1639941],[128.0098847,37.1638275],[128.0098691,37.1638382],[128.0098124,37.164014],[128.0097437,37.1639961],[128.0097125,37.1638569],[128.0096403,37.1637173],[128.0095715,37.163643],[128.0096357,37.1636194],[128.0095139,37.1635419],[128.0094237,37.1634913],[128.0092457,37.1633179],[128.0091058,37.1633555],[128.0090873,37.1633605],[128.0090519,37.1633249],[128.009073,37.1633355],[128.009082,37.1633345],[128.009162,37.1633256],[128.0091744,37.1633032],[128.0090844,37.1631796],[128.0090208,37.1630914],[128.0089662,37.1631272],[128.0088794,37.1629476],[128.0088131,37.1629014],[128.0087016,37.1627368],[128.0085849,37.1625902],[128.0085294,37.162638],[128.0084658,37.1627451],[128.0084326,37.1627886],[128.008345,37.1627197],[128.0081628,37.1626109],[128.0079764,37.1625836],[128.0075982,37.1625364],[128.0073214,37.1624861],[128.0073012,37.1624746],[128.0072206,37.1624299],[128.0070592,37.1623287],[128.0068088,37.1622451],[128.0066928,37.1621499],[128.0066883,37.1620619],[128.0065859,37.1619729],[128.0062072,37.1617644],[128.0062096,37.161754],[128.0060498,37.1616992],[128.0057624,37.1614984],[128.0053559,37.1611878],[128.0052994,37.1611481],[128.0051548,37.1610467],[128.0049832,37.1609481],[128.0049094,37.1609058],[128.0048694,37.1608829],[128.0044648,37.160749],[128.0043729,37.1607184],[128.0043528,37.1607115],[128.0034165,37.160363],[128.0033118,37.160324],[128.0032722,37.1603],[128.003264,37.1602926],[128.0032434,37.1602708],[128.0030994,37.1602221],[128.0030295,37.1601767],[128.0030036,37.1601599],[128.0027654,37.1600053],[128.0024918,37.1598419],[128.0021893,37.1596657],[128.0018829,37.1594449],[128.0018264,37.1593984],[128.0018042,37.1593802],[128.0014495,37.1590881],[128.0012658,37.1588897],[128.0011923,37.1588011],[128.0010567,37.1586506],[128.0010369,37.1586222],[128.0010413,37.1586046],[128.0009556,37.1585078],[128.0010634,37.1584268],[128.0010213,37.1583715],[128.0009046,37.1584054],[128.0008773,37.1584235],[128.0007284,37.1582531],[128.0007312,37.158249],[128.0007117,37.1582266],[128.0005754,37.1580707],[128.0005115,37.1579975],[128.0004874,37.1580089],[128.0005612,37.1580914],[128.0005165,37.1581561],[128.0005086,37.1581675],[128.0004599,37.1582701],[128.0004693,37.1582937],[128.000406,37.1583902],[128.0003911,37.1584587],[128.0003953,37.1585201],[128.0003726,37.1585739],[128.0003284,37.1586066],[128.0004548,37.1587576],[128.0004941,37.1588046],[128.0005733,37.1588994],[128.0006129,37.1589467],[128.0007236,37.1590777],[128.0008826,37.1592685]]]}},{"type":"Feature","properties":{"admin_code":"43730","admin_name":"옥천군","river_name":"삼남천","source_record_count":1,"latest_notice_date":"","area_m2":64249.6,"perimeter_m":8308.49,"width_proxy_m":15.47,"width_class":"medium","center_lon":127.7383455,"center_lat":36.291029,"candidate_rank":2},"geometry":{"type":"Polygon","coordinates":[[[127.7519897,36.295877],[127.7519762,36.2958784],[127.751895,36.2958866],[127.751794,36.2958769],[127.7517069,36.2958437],[127.7516248,36.2957829],[127.7515796,36.2957291],[127.7515667,36.2957092],[127.7515431,36.2956726],[127.7515385,36.2956404],[127.7515369,36.2956289],[127.7515397,36.2955382],[127.7515136,36.2954379],[127.7514885,36.2953885],[127.7514795,36.2953658],[127.7514557,36.2952847],[127.7514443,36.2952237],[127.7514507,36.2951638],[127.751407,36.2949763],[127.7514021,36.2949348],[127.7513987,36.2949166],[127.7513886,36.2948206],[127.7513674,36.2947107],[127.7513464,36.2946579],[127.7513129,36.2946055],[127.7513013,36.2945789],[127.7512802,36.2945376],[127.7512717,36.2945262],[127.7512648,36.2945167],[127.751247,36.2945007],[127.7512299,36.2944864],[127.7512086,36.2944716],[127.7511947,36.2944628],[127.7511916,36.2944594],[127.751153,36.2944309],[127.7511191,36.2944007],[127.7510352,36.2943866],[127.7509969,36.2943723],[127.7509857,36.2943702],[127.7509842,36.2943738],[127.7509471,36.2943525],[127.7509282,36.294324],[127.7508804,36.2942792],[127.7508476,36.2942782],[127.7505811,36.2942697],[127.7505509,36.2942635],[127.7505234,36.2942579],[127.7504944,36.294241],[127.7504385,36.2942269],[127.750423,36.2942258],[127.7504204,36.2942315],[127.7503213,36.2942415],[127.7503059,36.2942466],[127.750291,36.2942582],[127.7501725,36.2943041],[127.7500675,36.2943601],[127.7500069,36.2944214],[127.7499578,36.2944749],[127.7499309,36.2945132],[127.7499525,36.2945326],[127.7499073,36.2946014],[127.7499006,36.2946065],[127.7499188,36.2946432],[127.74998,36.2947188],[127.7499881,36.2947303],[127.7500288,36.2948246],[127.7500418,36.2948491],[127.7500404,36.2948634],[127.7500461,36.294906],[127.7500405,36.2949433],[127.7500096,36.2949874],[127.7499468,36.295031],[127.7498962,36.2950574],[127.7496877,36.2951997],[127.7496317,36.2952291],[127.7496172,36.2952411],[127.7495823,36.2952084],[127.7495461,36.2951905],[127.7494919,36.2951898],[127.749429,36.2951921],[127.7493154,36.2952042],[127.7492689,36.2951938],[127.749212,36.2951626],[127.7492049,36.2951576],[127.749182,36.2951362],[127.7491357,36.2951079],[127.749059,36.295072],[127.7490282,36.2950475],[127.7490072,36.2950398],[127.7489752,36.2950248],[127.7488959,36.2949875],[127.7488239,36.2949361],[127.7487395,36.2948628],[127.7487253,36.2948441],[127.7486999,36.2948378],[127.7486646,36.2948074],[127.7486437,36.2947824],[127.7486137,36.2947596],[127.7485834,36.2947398],[127.7485445,36.2946991],[127.748526,36.2946682],[127.7485174,36.2946308],[127.7485319,36.2946101],[127.7485285,36.2945708],[127.7485328,36.2945664],[127.7485415,36.2945433],[127.7485443,36.294521],[127.7485455,36.2944987],[127.7485688,36.2944449],[127.7485486,36.2944423],[127.7485495,36.294426],[127.748548,36.2943622],[127.7485384,36.2942118],[127.7485263,36.2941371],[127.7485261,36.2941365],[127.7484999,36.2940145],[127.7484722,36.2939602],[127.7484808,36.2938718],[127.7482028,36.2936061],[127.7482022,36.293614],[127.7481433,36.2935864],[127.748099,36.2935848],[127.7480609,36.293555],[127.7480156,36.2935307],[127.7479719,36.2935093],[127.7479317,36.2934968],[127.7478948,36.2934891],[127.7478447,36.2934758],[127.7477485,36.2934252],[127.7476058,36.2933549],[127.7475684,36.2933537],[127.7475384,36.2933329],[127.7474803,36.2932783],[127.7475059,36.2932499],[127.7475171,36.293228],[127.7475205,36.2931762],[127.7472779,36.2930512],[127.7472167,36.2930241],[127.7471702,36.2930062],[127.7470487,36.292962],[127.7469507,36.2929304],[127.7468848,36.2929102],[127.746782,36.2928834],[127.746684,36.2928614],[127.7465694,36.2928363],[127.7462202,36.2927704],[127.7461607,36.2927603],[127.7459116,36.2927182],[127.7458246,36.292701],[127.7457624,36.2926865],[127.7457031,36.2926689],[127.7456368,36.2926449],[127.745539,36.2926086],[127.7454392,36.2925638],[127.7452173,36.2924626],[127.7451627,36.2924744],[127.7450391,36.2924728],[127.7450384,36.292469],[127.7449894,36.2924516],[127.7449512,36.2924637],[127.7448619,36.292432],[127.7447973,36.2924012],[127.7447318,36.2923658],[127.7446948,36.292319],[127.7446756,36.2922885],[127.7446639,36.2922869],[127.7446539,36.2922723],[127.7446469,36.2922493],[127.7446436,36.2922499],[127.7446067,36.2921715],[127.7446143,36.2921688],[127.7446026,36.2921237],[127.744588,36.2921039],[127.7445633,36.292092],[127.7445497,36.2920712],[127.7445224,36.2919708],[127.7445036,36.2919489],[127.7443797,36.2918279],[127.7443727,36.2918076],[127.7443146,36.2917638],[127.7443078,36.2917491],[127.7442233,36.2916853],[127.7442091,36.2916722],[127.74414,36.2916147],[127.7441051,36.2915669],[127.7440245,36.2915545],[127.7437863,36.2915079],[127.7435936,36.2915143],[127.7434725,36.2915601],[127.7433601,36.2916387],[127.7432738,36.2917326],[127.7431835,36.2917909],[127.7430191,36.2918716],[127.7428918,36.2919572],[127.7428602,36.2920027],[127.7428347,36.2920224],[127.742827,36.2920356],[127.7427107,36.2921802],[127.7426865,36.2922076],[127.7426138,36.2922776],[127.7425052,36.2923898],[127.7424655,36.2924088],[127.7424382,36.2924332],[127.7423671,36.2924556],[127.7422879,36.2924618],[127.7421976,36.2924778],[127.7420161,36.2925377],[127.7417656,36.2925798],[127.7416662,36.2925801],[127.7415264,36.2925805],[127.7414666,36.2925751],[127.7413718,36.2925667],[127.7413123,36.2925579],[127.7411494,36.2925395],[127.7410267,36.2925057],[127.7409272,36.2924608],[127.7409147,36.2924904],[127.740718,36.2924305],[127.7402395,36.2921425],[127.7401831,36.2920692],[127.7400377,36.2919934],[127.7399949,36.2919624],[127.7399504,36.2919033],[127.7398747,36.2918404],[127.739789,36.2917898],[127.7396722,36.2917473],[127.7396122,36.2917285],[127.7395347,36.2916683],[127.7394072,36.2915814],[127.7392798,36.2914945],[127.7391023,36.2914384],[127.7389733,36.2913674],[127.738896,36.291303],[127.7388444,36.2912545],[127.7388368,36.2912535],[127.7387571,36.291187],[127.7386161,36.291108],[127.7385875,36.2910848],[127.7385057,36.2910026],[127.7384614,36.2909552],[127.7383922,36.2908599],[127.7383754,36.2908133],[127.7383044,36.2907157],[127.7382522,36.2906644],[127.7382361,36.290624],[127.7381981,36.2905408],[127.7381597,36.2904565],[127.7380769,36.290312],[127.7379957,36.2901749],[127.737948,36.2901101],[127.7378137,36.2899954],[127.7377699,36.2899446],[127.73774,36.2899069],[127.7376938,36.289847],[127.7376465,36.2897848],[127.7376216,36.2897612],[127.7375731,36.2897263],[127.7374476,36.2897206],[127.7373882,36.2897303],[127.7373131,36.2896953],[127.7372196,36.2896144],[127.7371989,36.2895857],[127.7371565,36.2895186],[127.7371506,36.2895091],[127.737138,36.2894812],[127.7371317,36.2894465],[127.7370883,36.2893469],[127.7370324,36.2892588],[127.7369679,36.2891678],[127.7369529,36.2891136],[127.7369358,36.2890835],[127.7369412,36.2890532],[127.7368541,36.2888475],[127.7368538,36.2888474],[127.7368462,36.288843],[127.7368386,36.2887893],[127.736838,36.2887578],[127.7367858,36.2886842],[127.7367605,36.288621],[127.7367583,36.2886123],[127.736723,36.288475],[127.7366191,36.2882176],[127.7364693,36.2877536],[127.7364264,36.2875459],[127.7363578,36.2873486],[127.7363031,36.2872742],[127.7362532,36.2872015],[127.736237,36.2871665],[127.7361861,36.2870564],[127.7361594,36.2870541],[127.7361474,36.287053],[127.7361321,36.2870388],[127.7360639,36.2869753],[127.7359148,36.2867668],[127.7357962,36.2865926],[127.735703,36.2864672],[127.7356281,36.2864116],[127.7355896,36.2863831],[127.73554,36.2863283],[127.7353908,36.2861925],[127.7353974,36.2861718],[127.7353785,36.2861511],[127.735365,36.2861299],[127.7352455,36.2860554],[127.7351572,36.286002],[127.7350771,36.2859608],[127.7350372,36.285934],[127.7350289,36.2859289],[127.7350169,36.2859234],[127.7350047,36.2859181],[127.7349836,36.2859235],[127.7349555,36.2858938],[127.7348985,36.285821],[127.7347835,36.2856761],[127.7347657,36.2856513],[127.7347459,36.2856238],[127.7347358,36.285611],[127.7346396,36.2854766],[127.7345833,36.285418],[127.7344993,36.2853127],[127.7343962,36.2851868],[127.7342753,36.2850294],[127.7341886,36.284925],[127.7341834,36.2849253],[127.7341479,36.2848794],[127.7341376,36.2848569],[127.7341202,36.2848194],[127.7341249,36.2848023],[127.7341173,36.28477],[127.7341082,36.2847437],[127.7340858,36.284739],[127.7340653,36.2846714],[127.7340679,36.2846617],[127.7340579,36.2846471],[127.7340553,36.2846383],[127.734071,36.2845999],[127.7341438,36.2845329],[127.7341212,36.284462],[127.7340206,36.2843994],[127.7338804,36.2842036],[127.7338299,36.2841812],[127.7337117,36.2841779],[127.7335245,36.284211],[127.7334837,36.2842252],[127.7334185,36.2842313],[127.7333603,36.2842275],[127.7333009,36.2842145],[127.7331486,36.2841378],[127.7329839,36.2840434],[127.73288,36.2839771],[127.7327787,36.2839026],[127.7326944,36.2838583],[127.7325503,36.2837982],[127.73249,36.2837789],[127.7324729,36.2837771],[127.7324124,36.2837465],[127.7324063,36.2837456],[127.7322324,36.2836939],[127.7321138,36.2836669],[127.7320075,36.2836321],[127.7319986,36.2836057],[127.731974,36.2835951],[127.7319267,36.2835848],[127.7319044,36.2835735],[127.7318178,36.2835529],[127.7317865,36.2835516],[127.7316921,36.2835321],[127.7316315,36.2835592],[127.7315335,36.2835349],[127.7314615,36.2834536],[127.731395,36.283423],[127.7313406,36.2833828],[127.7313222,36.2833638],[127.7313208,36.2833649],[127.7311728,36.2831734],[127.7311476,36.2829075],[127.731177,36.2827358],[127.7311828,36.2827029],[127.7310818,36.2824039],[127.7310772,36.2823901],[127.7310267,36.2822406],[127.7309716,36.2820774],[127.7309538,36.2820249],[127.7309088,36.281942],[127.7308276,36.2817925],[127.7307673,36.2815442],[127.7307728,36.2815121],[127.7307613,36.2813999],[127.7307463,36.2813169],[127.7307444,36.2812959],[127.730734,36.281208],[127.7307283,36.2811562],[127.7307202,36.2810792],[127.7307042,36.2809437],[127.730701,36.2809285],[127.7306981,36.2809037],[127.7306913,36.280882],[127.73068,36.2808278],[127.730636,36.2807049],[127.730627,36.2806759],[127.7306047,36.2806338],[127.7305624,36.280554],[127.7304767,36.2804253],[127.73037,36.2803089],[127.7303613,36.2802994],[127.7303637,36.280297],[127.7303628,36.2802953],[127.7300522,36.2804875],[127.7301032,36.2805314],[127.7302021,36.2806167],[127.7302236,36.2806456],[127.7303739,36.2808789],[127.730429,36.2811225],[127.7304821,36.2814058],[127.730495,36.2814052],[127.7305065,36.2814428],[127.7305093,36.2814488],[127.7305017,36.2814736],[127.7305049,36.2814871],[127.7305083,36.2815741],[127.7305222,36.2816644],[127.7305486,36.2817548],[127.7305782,36.2818616],[127.7306482,36.2820138],[127.7307099,36.2821196],[127.7307614,36.282322],[127.7308018,36.282513],[127.7308439,36.2827184],[127.7308646,36.2829471],[127.7308698,36.2831216],[127.7308763,36.283177],[127.7309146,36.2833056],[127.7309425,36.283379],[127.7309683,36.2834153],[127.7310016,36.2834482],[127.7310618,36.2834864],[127.7311805,36.283545],[127.731203,36.2835604],[127.7312593,36.2835746],[127.7315345,36.2836265],[127.7315494,36.2836274],[127.731647,36.2836503],[127.7316531,36.2836618],[127.7317215,36.2837367],[127.7318694,36.28378],[127.7320294,36.2837949],[127.7321357,36.2838329],[127.7324356,36.2839357],[127.732684,36.2840962],[127.7327104,36.2841075],[127.7328587,36.2841915],[127.732886,36.2842102],[127.7328925,36.2842256],[127.7329042,36.2842354],[127.7329776,36.2842796],[127.7331548,36.2843735],[127.7331871,36.2843874],[127.7332178,36.2843904],[127.7332383,36.2843889],[127.7332622,36.2843942],[127.7332919,36.2844058],[127.7333697,36.28444],[127.7334119,36.2844398],[127.7334251,36.284437],[127.7334733,36.2844332],[127.7334875,36.2844268],[127.7335179,36.2844124],[127.7335259,36.2844093],[127.7335434,36.2844009],[127.7335602,36.2843985],[127.7336369,36.2843666],[127.7336781,36.2843605],[127.7337093,36.2843627],[127.7337693,36.284396],[127.7337905,36.2844162],[127.7338256,36.2844911],[127.7338272,36.2845043],[127.7338611,36.2845888],[127.7338641,36.2845957],[127.7338929,36.2846735],[127.7338953,36.2846809],[127.7339325,36.2847791],[127.7339351,36.2847851],[127.7339579,36.2848433],[127.7339832,36.2849342],[127.7339889,36.2849545],[127.7339906,36.284958],[127.7339894,36.2849592],[127.7339963,36.2849704],[127.7340002,36.2849759],[127.7340442,36.2850218],[127.7340485,36.2850318],[127.7340201,36.285063],[127.7340822,36.2851082],[127.734149,36.2851505],[127.7341999,36.2852158],[127.7342616,36.2852931],[127.7343948,36.2854655],[127.734528,36.2856379],[127.7348115,36.2859648],[127.7349307,36.2861104],[127.7349751,36.2861232],[127.7350319,36.2861822],[127.7350419,36.2862122],[127.7350924,36.2862773],[127.7351279,36.2862828],[127.7351452,36.2862667],[127.7351623,36.2862714],[127.7351905,36.2862795],[127.7353038,36.2863485],[127.7353717,36.2864061],[127.7353978,36.2864368],[127.7355235,36.2865457],[127.7356542,36.2867004],[127.7357334,36.2868089],[127.7358089,36.2869241],[127.7359447,36.2870918],[127.7361079,36.2872859],[127.7361822,36.2873955],[127.7362067,36.2874918],[127.7362186,36.2875396],[127.736234,36.2876145],[127.7362335,36.2876443],[127.7362639,36.2877513],[127.7362863,36.287783],[127.7362928,36.2877862],[127.7362952,36.2877969],[127.7363331,36.2878862],[127.7363531,36.2879314],[127.7364238,36.2881366],[127.7364267,36.2881451],[127.7364472,36.2882059],[127.7365234,36.2884325],[127.7366129,36.2886426],[127.7366407,36.2888389],[127.736692,36.2890057],[127.736714,36.2890393],[127.7367142,36.2890459],[127.7367956,36.2892143],[127.7368642,36.2892894],[127.7369166,36.2893938],[127.7369528,36.2894384],[127.7369866,36.2894872],[127.7369962,36.2895071],[127.7370007,36.2895267],[127.7370078,36.289537],[127.7370078,36.289549],[127.7370052,36.2895575],[127.7370328,36.2896257],[127.7370626,36.2896551],[127.7370697,36.2896845],[127.7370909,36.2897134],[127.7371469,36.2897644],[127.7372,36.2898008],[127.7372524,36.2898334],[127.737314,36.2898652],[127.7374223,36.289889],[127.7374346,36.2898884],[127.7374561,36.289896],[127.737641,36.2900392],[127.7377743,36.2902403],[127.7379077,36.2904414],[127.7379528,36.2905152],[127.737979,36.2905586],[127.7380614,36.2906931],[127.7380731,36.2907272],[127.7380831,36.290929],[127.73813,36.2910025],[127.7381881,36.2910555],[127.7381991,36.2910746],[127.7382671,36.2911406],[127.7384049,36.2912163],[127.738566,36.2912912],[127.7387027,36.2913883],[127.7387927,36.2914727],[127.7388419,36.2914962],[127.7388915,36.2915297],[127.7389119,36.291546],[127.7389787,36.2915929],[127.7389881,36.2915982],[127.7390084,36.2916167],[127.7390021,36.2916327],[127.7390264,36.2916844],[127.7391209,36.2917381],[127.739163,36.2917474],[127.739197,36.2917488],[127.7392509,36.291791],[127.7392426,36.2918046],[127.7392821,36.2918282],[127.7393093,36.2918443],[127.7393438,36.2918537],[127.7394373,36.2919009],[127.7394556,36.2919051],[127.739458,36.2919186],[127.739474,36.2919309],[127.7395509,36.2919489],[127.7396266,36.2919953],[127.7396443,36.2919988],[127.7396495,36.292008],[127.7396495,36.2920345],[127.7397899,36.2921226],[127.7398888,36.2921885],[127.7399483,36.2922317],[127.7399864,36.292266],[127.7400735,36.2922948],[127.7400806,36.2922993],[127.740113,36.2923555],[127.7401541,36.2923966],[127.7402902,36.2924656],[127.7404994,36.2925768],[127.7407552,36.2926972],[127.7409959,36.2927795],[127.7411009,36.2927937],[127.7412008,36.2928156],[127.7412585,36.2928218],[127.7413472,36.2928243],[127.7413921,36.2928213],[127.7414137,36.2928183],[127.7414253,36.2927671],[127.741504,36.2927552],[127.7415062,36.2927668],[127.7415099,36.2927693],[127.7415481,36.292764],[127.7415753,36.2927576],[127.7417127,36.2927169],[127.7418579,36.292681],[127.7419729,36.2926506],[127.7420813,36.2926149],[127.742111,36.2926304],[127.7422175,36.2926411],[127.7423025,36.292621],[127.7423971,36.2926097],[127.7424445,36.2925948],[127.7424676,36.2925929],[127.7425056,36.2925618],[127.7426083,36.2925176],[127.7426125,36.2925134],[127.7427259,36.2924745],[127.742753,36.2924488],[127.7427558,36.2924343],[127.7427497,36.2924228],[127.7427875,36.2923671],[127.7427976,36.2923666],[127.7428281,36.292342],[127.7428906,36.2922923],[127.7429458,36.2922371],[127.7429616,36.292198],[127.7430042,36.2921543],[127.7431039,36.2921208],[127.7431771,36.2920971],[127.7431989,36.2920281],[127.7432104,36.2919959],[127.7432308,36.2919718],[127.7434146,36.2918799],[127.7434193,36.2918767],[127.7434734,36.29185],[127.7434771,36.2918191],[127.7434839,36.2918086],[127.7434933,36.2917888],[127.743563,36.2917108],[127.7436925,36.2916685],[127.743797,36.2916586],[127.7440162,36.2918118],[127.7440628,36.2918227],[127.7440781,36.2918302],[127.7441199,36.2918505],[127.7441288,36.2918549],[127.7441343,36.2918597],[127.7441752,36.2919109],[127.7441734,36.2919119],[127.7442115,36.2919694],[127.7442829,36.2920376],[127.7443134,36.2920749],[127.7443479,36.2921026],[127.7444293,36.2921156],[127.7444409,36.292119],[127.7444448,36.2921195],[127.744446,36.2921132],[127.7444599,36.2921179],[127.7445077,36.2921449],[127.7445154,36.2921459],[127.7445228,36.2921462],[127.7445615,36.29223],[127.7445616,36.2922328],[127.7445705,36.2922547],[127.7445718,36.2923038],[127.7447228,36.2924603],[127.7447715,36.2924745],[127.744773,36.29248],[127.7447923,36.2924958],[127.7448026,36.292504],[127.7448385,36.2924963],[127.7448739,36.2925157],[127.7449065,36.2925347],[127.7449716,36.2925521],[127.7450174,36.2925588],[127.7450296,36.2925615],[127.7450849,36.2925757],[127.7451023,36.2925814],[127.7454266,36.2927372],[127.7455216,36.2928034],[127.745561,36.2928045],[127.7455799,36.2928109],[127.7457423,36.2928889],[127.7462198,36.2929334],[127.746238,36.292934],[127.7463293,36.2929479],[127.7464073,36.2929511],[127.7464606,36.2929552],[127.7465983,36.2929868],[127.7466928,36.2930129],[127.7469881,36.2931224],[127.7470562,36.2931338],[127.7470887,36.2931435],[127.7472201,36.2932031],[127.7473691,36.29332],[127.7473892,36.2933025],[127.7474469,36.2933141],[127.7475042,36.2933684],[127.747494,36.2934282],[127.7475857,36.293472],[127.7477329,36.2935571],[127.7478019,36.2935962],[127.7479053,36.2936452],[127.7479997,36.2936716],[127.7480409,36.2936611],[127.7481221,36.2936986],[127.7482026,36.2937555],[127.7482441,36.2937971],[127.7483017,36.2938591],[127.748369,36.2939415],[127.7483762,36.2939538],[127.7483905,36.2939877],[127.7484256,36.2940617],[127.7484362,36.2940982],[127.7484479,36.2941932],[127.7484394,36.294282],[127.7484538,36.2944148],[127.7484557,36.2944284],[127.7484547,36.2944294],[127.7484534,36.2944608],[127.7484329,36.2945534],[127.7484258,36.2945643],[127.7483964,36.2945914],[127.7483791,36.2946215],[127.748368,36.294631],[127.748423,36.294732],[127.7484422,36.2947365],[127.7485535,36.2948121],[127.7485959,36.2948488],[127.7487502,36.2949825],[127.7488622,36.2950443],[127.7489037,36.2950833],[127.7489858,36.2951362],[127.7490289,36.2951612],[127.7490369,36.2951652],[127.7490508,36.2951748],[127.7491295,36.2952323],[127.7492079,36.2952864],[127.7492089,36.2952878],[127.7492213,36.2952956],[127.7492409,36.2952975],[127.7493051,36.2952858],[127.7493412,36.2952798],[127.7494013,36.2952716],[127.749445,36.2952682],[127.7494818,36.2952785],[127.749545,36.2953045],[127.7495793,36.2953167],[127.749604,36.2953214],[127.7496413,36.2953164],[127.7496957,36.2952966],[127.7497442,36.2952672],[127.7498884,36.2951658],[127.7499024,36.2951572],[127.7499209,36.2951554],[127.7499804,36.2951294],[127.7499875,36.2951267],[127.7500176,36.2951274],[127.750026,36.2951254],[127.7500765,36.2951196],[127.7501617,36.2950553],[127.7502124,36.2949722],[127.7502052,36.2949511],[127.750183,36.2949117],[127.7501796,36.2948847],[127.7501881,36.2948654],[127.7501942,36.2948423],[127.7501862,36.2948065],[127.7501668,36.2947814],[127.7501266,36.2947129],[127.7501118,36.294692],[127.7501077,36.2946752],[127.7500775,36.2946532],[127.7500483,36.294632],[127.7500136,36.2946142],[127.749978,36.2945997],[127.7500171,36.2945301],[127.750026,36.2945276],[127.7500799,36.2945158],[127.7500955,36.294493],[127.7500938,36.2944898],[127.7501059,36.2944795],[127.7501409,36.2944313],[127.7501519,36.2944222],[127.7501839,36.2944018],[127.7502464,36.2943673],[127.7502801,36.2943538],[127.7503221,36.2943416],[127.7503724,36.2943304],[127.750399,36.2943256],[127.7504825,36.294318],[127.7506379,36.2943275],[127.7506711,36.2943322],[127.7507781,36.2943513],[127.7508057,36.2943607],[127.7508178,36.2943663],[127.7508644,36.2943872],[127.7508982,36.2944083],[127.7509049,36.2944075],[127.7509421,36.2944279],[127.7509431,36.2944318],[127.7509667,36.2944594],[127.7510616,36.2944958],[127.7511677,36.2945577],[127.7512467,36.2946345],[127.751263,36.2946768],[127.751289,36.294707],[127.7513027,36.2947472],[127.7513073,36.2947898],[127.7513336,36.2949219],[127.7513527,36.2949895],[127.7513563,36.2950501],[127.7513414,36.2950712],[127.7513376,36.2950766],[127.7513375,36.2951121],[127.7513395,36.2951237],[127.7513389,36.2951244],[127.7513931,36.2953452],[127.7514349,36.2955234],[127.7515007,36.2957857],[127.7515087,36.2958013],[127.7515316,36.29583],[127.7515662,36.295856],[127.7516557,36.2959143],[127.7516613,36.2959173],[127.7517604,36.2959537],[127.7517909,36.2959641],[127.7518654,36.2959812],[127.7519644,36.2959941],[127.752063,36.296023],[127.7523172,36.2961257],[127.752567,36.2962301],[127.7525683,36.2962281],[127.75262,36.2962932],[127.7526318,36.2963188],[127.7526286,36.2963291],[127.752642,36.296383],[127.7526535,36.2963941],[127.7526633,36.2965308],[127.7526654,36.2965307],[127.7526519,36.2965763],[127.7526461,36.2966058],[127.7526429,36.2966226],[127.7526429,36.2966355],[127.752643,36.296661],[127.7526681,36.296709],[127.7527032,36.2967425],[127.7527486,36.2967683],[127.752776,36.2967898],[127.7528197,36.2967834],[127.7529252,36.2968068],[127.7529845,36.2968371],[127.7531073,36.2969327],[127.7531577,36.2969916],[127.7531792,36.2970502],[127.7531752,36.2971373],[127.7531366,36.2971973],[127.7530629,36.2974087],[127.7530307,36.2974848],[127.7529618,36.2976172],[127.7528942,36.2976478],[127.7528609,36.2976741],[127.7528125,36.297739],[127.7528246,36.2978494],[127.7528058,36.2979206],[127.7527388,36.2979827],[127.7527136,36.2980229],[127.7527402,36.298063],[127.7527559,36.2981297],[127.7527722,36.2981868],[127.7527706,36.2982219],[127.752758,36.2982721],[127.7527632,36.2983045],[127.7527323,36.2983578],[127.7526008,36.2985499],[127.7525754,36.2985673],[127.7525249,36.2985914],[127.7525022,36.2986159],[127.7524622,36.2986935],[127.7524537,36.2987455],[127.752415,36.2987899],[127.7523703,36.298809],[127.7522898,36.2988842],[127.7522262,36.2989437],[127.7521938,36.2989739],[127.7521562,36.2990395],[127.752085,36.2991109],[127.7520365,36.2991752],[127.7519952,36.2992483],[127.7519923,36.2992794],[127.7520112,36.299352],[127.752032,36.2994495],[127.7520462,36.2995029],[127.7520459,36.2995708],[127.7520279,36.299607],[127.752029,36.2996294],[127.7520262,36.2996356],[127.7520228,36.2996682],[127.7520184,36.2997426],[127.7520094,36.2998214],[127.7520021,36.2998509],[127.7519688,36.2998846],[127.7518796,36.2999206],[127.7517904,36.2999496],[127.7517388,36.2999953],[127.7517109,36.3000385],[127.7517099,36.3000473],[127.7517057,36.3000835],[127.7517139,36.3001169],[127.7517186,36.3001693],[127.7517188,36.3002033],[127.7517154,36.3002316],[127.7517334,36.3002655],[127.7517218,36.3003102],[127.7517499,36.3004494],[127.7517454,36.3005045],[127.7517776,36.3005342],[127.7518162,36.3005493],[127.7518685,36.3005646],[127.7518834,36.3005752],[127.7519085,36.3006246],[127.7519177,36.3006626],[127.7519122,36.3006865],[127.751912,36.3006894],[127.7519161,36.3007193],[127.7519623,36.3007768],[127.7519796,36.3007961],[127.7519983,36.3008314],[127.7519851,36.3008682],[127.7519764,36.3008857],[127.751969,36.3009061],[127.7519608,36.3009267],[127.751969,36.3009576],[127.7520146,36.3009991],[127.752061,36.301034],[127.7521052,36.3010368],[127.752129,36.3010354],[127.7521904,36.3010512],[127.752215,36.3010695],[127.7522317,36.301098],[127.752241,36.301109],[127.7522435,36.3011139],[127.752248,36.3011291],[127.7522692,36.3011372],[127.7522763,36.3011603],[127.7522808,36.3011868],[127.7522778,36.3012068],[127.7522768,36.3012228],[127.7522977,36.3012474],[127.7522881,36.3012499],[127.7523145,36.3012905],[127.752324,36.3013172],[127.7523215,36.3013663],[127.7523119,36.3013979],[127.7523178,36.3014082],[127.7523131,36.3014356],[127.7523344,36.3014526],[127.7523772,36.3014939],[127.7523912,36.3014986],[127.752472,36.3015685],[127.7525222,36.3016035],[127.7525885,36.3016439],[127.7526875,36.3016834],[127.7527149,36.3016997],[127.7527765,36.3017089],[127.7527906,36.3017115],[127.7528506,36.3017372],[127.7528873,36.3017569],[127.7529205,36.3017688],[127.7529479,36.3017693],[127.7529799,36.3017805],[127.7530061,36.3017415],[127.7529472,36.3017122],[127.752824,36.3016661],[127.7527356,36.3016507],[127.7526252,36.3016004],[127.7525315,36.3015458],[127.7524688,36.3014956],[127.7524131,36.3014557],[127.7523874,36.3014307],[127.752384,36.3012833],[127.7523547,36.301214],[127.7523262,36.3011383],[127.7522891,36.3010618],[127.7522447,36.3010204],[127.7522092,36.3009932],[127.7521123,36.3009541],[127.7520908,36.3009375],[127.7520763,36.3008553],[127.7520656,36.3008189],[127.7520557,36.3008037],[127.7520427,36.3007861],[127.7520145,36.3007636],[127.7520088,36.300749],[127.7519926,36.3007336],[127.7519918,36.3006957],[127.751981,36.3006471],[127.7519377,36.3005805],[127.7519252,36.3005666],[127.7519143,36.3005451],[127.7518765,36.3005232],[127.75186,36.3005087],[127.7518284,36.3004607],[127.7518189,36.3004203],[127.7517994,36.3003115],[127.7517736,36.3001774],[127.7517766,36.3001165],[127.7517889,36.3000617],[127.7518317,36.3000198],[127.7518598,36.2999923],[127.7519415,36.2999542],[127.7520206,36.2999174],[127.752041,36.299905],[127.7520816,36.2998369],[127.7521272,36.2997935],[127.7521171,36.2997286],[127.7521054,36.2996692],[127.7521073,36.2996067],[127.7521143,36.2995458],[127.7521327,36.2994814],[127.7521317,36.2994785],[127.7521318,36.2994301],[127.7521066,36.2993541],[127.7520785,36.2993184],[127.7520975,36.2993152],[127.75214,36.2992677],[127.7521562,36.2992288],[127.7521732,36.2991966],[127.7522168,36.2991436],[127.7522407,36.2991259],[127.7522532,36.2991071],[127.7522666,36.2990831],[127.752291,36.2990571],[127.7523085,36.2990184],[127.7523148,36.2989881],[127.7523322,36.2989707],[127.7523734,36.298936],[127.7523797,36.2989359],[127.7525006,36.2988457],[127.7525599,36.2988353],[127.7525588,36.2987676],[127.7525624,36.2987488],[127.752591,36.2986963],[127.7526174,36.29869],[127.7526717,36.2986346],[127.7527258,36.298594],[127.7527662,36.298511],[127.7527765,36.2984704],[127.7527996,36.2984479],[127.7528226,36.2983732],[127.752865,36.2982945],[127.7528941,36.2982258],[127.7528915,36.2981939],[127.7528657,36.2981215],[127.7528513,36.2980762],[127.7528479,36.2980391],[127.7528541,36.2980034],[127.7528867,36.2979406],[127.752923,36.2978961],[127.7529315,36.297862],[127.7529257,36.2978265],[127.7529422,36.2977946],[127.7529256,36.2977674],[127.7529474,36.2977366],[127.7529802,36.2977085],[127.7530278,36.2976825],[127.7531299,36.2976564],[127.7531817,36.2975511],[127.7532002,36.2974956],[127.7532239,36.2974026],[127.7532726,36.2973419],[127.753292,36.2973081],[127.7533299,36.2972142],[127.7533194,36.2971447],[127.7532839,36.2970269],[127.7532142,36.2969269],[127.7531948,36.2969062],[127.7531444,36.2968525],[127.7529874,36.2967721],[127.7529158,36.2966806],[127.7526994,36.2966696],[127.7526915,36.29654],[127.7526805,36.2965297],[127.7526675,36.296391],[127.7526646,36.2963889],[127.7526459,36.2963179],[127.752649,36.2962977],[127.7526525,36.2962972],[127.7526028,36.296236],[127.7526099,36.2962287],[127.7526152,36.2962213],[127.7526329,36.2962034],[127.7525936,36.2961889],[127.7525732,36.2961798],[127.7525206,36.296163],[127.7524291,36.296121],[127.7524203,36.2961187],[127.7524064,36.2961175],[127.7523592,36.296082],[127.7522328,36.2960362],[127.7522088,36.2959945],[127.7521517,36.2959371],[127.7521177,36.2959065],[127.7519897,36.295877]]]}},{"type":"Feature","properties":{"admin_code":"43720","admin_name":"보은군","river_name":"어둔이골천","source_record_count":1,"latest_notice_date":"20180809","area_m2":28433.17,"perimeter_m":7249.52,"width_proxy_m":7.84,"width_class":"narrow","center_lon":127.7278784,"center_lat":36.5139619,"candidate_rank":3},"geometry":{"type":"Polygon","coordinates":[[[127.7355862,36.5223728],[127.7355555,36.5222653],[127.7355261,36.5221605],[127.7355215,36.5221302],[127.7355112,36.52209],[127.7355078,36.522043],[127.7355058,36.5220265],[127.7354985,36.5219739],[127.7354978,36.5219296],[127.7354997,36.5218736],[127.7355134,36.5217002],[127.7355215,36.5216442],[127.735523,36.5216288],[127.735533,36.5215982],[127.7355384,36.5215679],[127.735544,36.521525],[127.7355431,36.5214853],[127.7355376,36.5214515],[127.7355009,36.5212742],[127.735499,36.521265],[127.7355259,36.5211901],[127.7355422,36.5211585],[127.7355665,36.5211083],[127.7355759,36.5210895],[127.7356194,36.5209855],[127.7356339,36.5209381],[127.7356525,36.5208775],[127.7356657,36.520838],[127.7356786,36.5207673],[127.7356826,36.5207417],[127.7356793,36.5207108],[127.7356436,36.5206514],[127.7356101,36.5205976],[127.7356006,36.5205779],[127.7355968,36.520539],[127.7356011,36.5204747],[127.7356067,36.5203761],[127.7356074,36.5202799],[127.7355585,36.5199355],[127.7355526,36.5198416],[127.7355351,36.519727],[127.7355079,36.5196628],[127.7354524,36.5196206],[127.7354135,36.5195858],[127.7353691,36.5195084],[127.7353671,36.5195027],[127.7353441,36.5194349],[127.7353428,36.5194251],[127.7353306,36.5193824],[127.7353056,36.5193275],[127.7352552,36.5192693],[127.735143,36.5192545],[127.735089,36.5192606],[127.7350215,36.5192692],[127.7349766,36.5192749],[127.7349503,36.5192761],[127.7349236,36.5192737],[127.7349085,36.5192708],[127.7348861,36.5192573],[127.734871,36.5192431],[127.7348423,36.5192039],[127.7348363,36.5191957],[127.7347961,36.5191293],[127.7347746,36.5190998],[127.7347439,36.5190725],[127.7347438,36.5190724],[127.7346841,36.5190375],[127.7346568,36.5190173],[127.7346341,36.5189961],[127.7346314,36.5189929],[127.734619,36.5189783],[127.7346112,36.5189623],[127.7346021,36.5189418],[127.7346005,36.5189129],[127.7346001,36.5189043],[127.7346058,36.5188762],[127.7345946,36.5188158],[127.7345895,36.5187861],[127.7345967,36.51874],[127.7346071,36.5186911],[127.7346237,36.5186735],[127.7346469,36.5186388],[127.7346835,36.518593],[127.7346984,36.5185629],[127.7347019,36.5185256],[127.7347021,36.5184818],[127.734698,36.5184469],[127.7346932,36.5184294],[127.7346766,36.5183895],[127.7346469,36.5183279],[127.7346312,36.518298],[127.7346272,36.5182903],[127.734616,36.5182558],[127.7346163,36.5182496],[127.7346177,36.5182235],[127.7346213,36.5181818],[127.7346265,36.5181528],[127.7346331,36.5181253],[127.7346357,36.5180944],[127.7346335,36.5180637],[127.7346331,36.5180575],[127.7346215,36.5180196],[127.7346212,36.518019],[127.7346028,36.5179807],[127.7345745,36.517962],[127.7345733,36.5179613],[127.7345702,36.5179572],[127.7345171,36.5178885],[127.7344637,36.5178178],[127.7344164,36.5177563],[127.73439,36.5177186],[127.7343637,36.5176617],[127.7343568,36.5176237],[127.7343507,36.5175733],[127.7343507,36.5175711],[127.7343511,36.5175295],[127.7343444,36.5174865],[127.7343348,36.5174367],[127.7343347,36.5174363],[127.7343173,36.5173914],[127.7343116,36.5173811],[127.7342917,36.5173454],[127.7342668,36.517312],[127.7342444,36.5172728],[127.7343124,36.5172022],[127.7343125,36.5172022],[127.734317,36.5171379],[127.7343219,36.5171279],[127.7343278,36.5171052],[127.7343416,36.5170525],[127.7343467,36.5169072],[127.7342879,36.5167698],[127.7342588,36.516728],[127.734242,36.51671],[127.7341882,36.5166588],[127.7341329,36.5166087],[127.734033,36.5165247],[127.7339876,36.5164884],[127.7339642,36.5164697],[127.7338959,36.5164187],[127.7338663,36.5163964],[127.7338289,36.5163724],[127.7338058,36.5163553],[127.7338132,36.5163532],[127.7337857,36.5163328],[127.7337821,36.516336],[127.7337611,36.5163169],[127.7337481,36.5162995],[127.7337365,36.5162816],[127.7337166,36.5162266],[127.7337007,36.516178],[127.7336816,36.516151],[127.7336555,36.5161351],[127.7336145,36.5161206],[127.7335587,36.5161075],[127.7335323,36.5160971],[127.7335154,36.5160862],[127.7335016,36.5160774],[127.7334791,36.5160643],[127.7334765,36.5160627],[127.7334298,36.5160271],[127.7333784,36.5159625],[127.7333231,36.5158899],[127.7332847,36.5158512],[127.7332526,36.5158311],[127.7332341,36.5158238],[127.7332341,36.5158237],[127.7332158,36.5158168],[127.7331881,36.5158084],[127.7331599,36.5158068],[127.7331242,36.5158116],[127.7331085,36.5158187],[127.7330871,36.5158211],[127.7330866,36.5158214],[127.7330645,36.5158386],[127.7330606,36.5158406],[127.7330104,36.5158663],[127.7329638,36.5158895],[127.7329254,36.5159086],[127.7328693,36.5159255],[127.732788,36.5159273],[127.732686,36.5159186],[127.7325845,36.5158957],[127.7325254,36.5158803],[127.7323758,36.515833],[127.7323219,36.5158044],[127.7322507,36.5157463],[127.7321956,36.5156825],[127.7321682,36.5156524],[127.7321332,36.5156142],[127.7320906,36.5155773],[127.7320349,36.5155407],[127.7320152,36.5155322],[127.7319927,36.5155305],[127.7319702,36.5155299],[127.7319558,36.5155294],[127.7319195,36.5155296],[127.7318668,36.5155315],[127.7318419,36.5155365],[127.7316937,36.5155334],[127.7316437,36.5155288],[127.7316433,36.5155287],[127.7315988,36.5155246],[127.7315633,36.5155109],[127.731556,36.5155081],[127.7314567,36.515459],[127.7314521,36.5154581],[127.7314362,36.5154484],[127.7313971,36.5154247],[127.7312559,36.5153192],[127.7312063,36.5152817],[127.7311822,36.5152634],[127.7311792,36.515266],[127.731073,36.515182],[127.7310743,36.5151803],[127.73105,36.5151577],[127.7310418,36.5151591],[127.7309619,36.5150764],[127.7309481,36.5150615],[127.7309019,36.5150117],[127.7308907,36.5150002],[127.7308749,36.5149838],[127.7308768,36.5149825],[127.7308697,36.5149724],[127.7308493,36.5149431],[127.7308273,36.5149107],[127.7308205,36.5149007],[127.7308099,36.514885],[127.7307927,36.5148758],[127.7307886,36.5148749],[127.7307382,36.5148636],[127.7307381,36.5148636],[127.7307376,36.5148616],[127.7307366,36.5148573],[127.7307363,36.5148573],[127.7307055,36.5148543],[127.7306832,36.5148521],[127.7306809,36.5148537],[127.7306728,36.514852],[127.7306395,36.5148451],[127.7304292,36.5147963],[127.7303551,36.514779],[127.7303419,36.5147759],[127.7302726,36.5147584],[127.7301574,36.5147292],[127.7301361,36.5147243],[127.7301359,36.5147243],[127.7299995,36.5146931],[127.7300016,36.5146868],[127.7299543,36.5146755],[127.729952,36.514683],[127.7299469,36.5146821],[127.729937,36.5146803],[127.7298949,36.514672],[127.7298587,36.5146672],[127.7298159,36.5146674],[127.7297974,36.5146669],[127.7296608,36.514674],[127.729633,36.5146734],[127.7295353,36.5146589],[127.7294035,36.5146348],[127.7292528,36.5146055],[127.72914,36.5145864],[127.7290272,36.5145639],[127.7288314,36.5145264],[127.7288326,36.5145219],[127.7287965,36.5145162],[127.7287954,36.5145202],[127.7287254,36.5145061],[127.7287093,36.5145028],[127.7285415,36.5144721],[127.7284512,36.5144552],[127.7282609,36.514417],[127.7282354,36.5144117],[127.728236,36.5144096],[127.7281736,36.5143981],[127.7281478,36.5143685],[127.7281477,36.5143684],[127.7281106,36.5143257],[127.7281057,36.5143168],[127.7281006,36.5143075],[127.7280055,36.514271],[127.7279805,36.5142615],[127.7279813,36.5142603],[127.7279395,36.5142427],[127.727922,36.514225],[127.7278779,36.5138458],[127.7278513,36.5136162],[127.7278481,36.5135888],[127.727847,36.5135795],[127.7278343,36.5135793],[127.7278162,36.513579],[127.7276065,36.51357],[127.727498,36.5135653],[127.7273123,36.5135573],[127.7272711,36.5135548],[127.7272041,36.5135508],[127.7271814,36.5135414],[127.727166,36.513535],[127.7271587,36.513532],[127.7271557,36.5135218],[127.7271316,36.5135199],[127.7271204,36.513518],[127.7271202,36.5135242],[127.727113,36.5135169],[127.727095,36.513514],[127.7270711,36.5135101],[127.7270495,36.5135057],[127.7269909,36.5134937],[127.7269368,36.5133744],[127.7269367,36.5133741],[127.7269268,36.513346],[127.7269128,36.5133154],[127.7268874,36.5132275],[127.7268595,36.5131191],[127.7268521,36.513072],[127.7268501,36.5130367],[127.7268489,36.5130158],[127.7268433,36.5129056],[127.7268426,36.512876],[127.7268384,36.5128369],[127.726834,36.5128121],[127.7268215,36.5127732],[127.72681,36.5127375],[127.7267486,36.5126115],[127.726714,36.5125361],[127.7267083,36.5125187],[127.7267045,36.5125068],[127.7266984,36.5124764],[127.7266984,36.5124762],[127.7266869,36.5124513],[127.7266765,36.512429],[127.7266223,36.5123129],[127.7266223,36.5123129],[127.7266158,36.5123013],[127.7266095,36.512286],[127.7265537,36.5122883],[127.7265465,36.5122886],[127.726366,36.5122897],[127.7263551,36.5122884],[127.7263315,36.5122705],[127.7260916,36.5122732],[127.7260417,36.5122777],[127.7256806,36.5122852],[127.7256596,36.5122848],[127.7252918,36.5122884],[127.7252774,36.5122868],[127.7251197,36.5122872],[127.7249892,36.5122862],[127.7249808,36.5122862],[127.7249808,36.5122861],[127.724843,36.512285],[127.7248309,36.5122863],[127.7247361,36.5122964],[127.7247237,36.5122977],[127.7246521,36.5122996],[127.724439,36.5123004],[127.7244153,36.5122991],[127.7241825,36.5123019],[127.7241724,36.5122996],[127.7241556,36.5122958],[127.7240055,36.5122966],[127.7238138,36.5122967],[127.7237944,36.5123018],[127.7237944,36.5123032],[127.7237888,36.5123032],[127.723783,36.5123047],[127.7234458,36.5123116],[127.723169,36.5123192],[127.7231573,36.5123114],[127.722985,36.5123139],[127.7229766,36.5123142],[127.7228881,36.5123167],[127.7227461,36.5123168],[127.7227325,36.5123181],[127.722667,36.512324],[127.7226633,36.5123244],[127.7223268,36.5123287],[127.7222635,36.5123279],[127.7222425,36.5123291],[127.7221048,36.5123326],[127.7220962,36.5123331],[127.7216277,36.5123308],[127.7216237,36.5120643],[127.7216205,36.5114703],[127.7215977,36.5113752],[127.7216009,36.511162],[127.7216047,36.5107098],[127.7215989,36.5105908],[127.7216188,36.5105331],[127.7216311,36.5104974],[127.7216277,36.5104682],[127.7216211,36.5102639],[127.7216219,36.51002],[127.7216183,36.509813],[127.7216195,36.5096629],[127.7216112,36.5096343],[127.7215961,36.5095818],[127.7215949,36.5095818],[127.7215949,36.5095776],[127.7215901,36.5095612],[127.7215911,36.5093632],[127.7215822,36.5091054],[127.721586,36.5089118],[127.7215774,36.5087438],[127.721575,36.5086606],[127.7215767,36.5086101],[127.7215795,36.5085291],[127.7213479,36.5085337],[127.7207898,36.5085391],[127.7204138,36.5085459],[127.7203679,36.5085459],[127.7203335,36.5085457],[127.7202532,36.5085454],[127.7202318,36.5085453],[127.7202187,36.5085457],[127.7201565,36.5085475],[127.720036,36.508551],[127.7198866,36.5085554],[127.719863,36.5085534],[127.7197537,36.5085531],[127.7196737,36.5085509],[127.7195725,36.5085563],[127.7194826,36.5085604],[127.7192878,36.5085638],[127.7191157,36.5085657],[127.7187257,36.5085728],[127.7185809,36.5085713],[127.7185708,36.5085691],[127.7185658,36.5085586],[127.7185652,36.5085575],[127.7185649,36.5085387],[127.7185641,36.5085269],[127.7185633,36.5085133],[127.7185596,36.5085037],[127.7185495,36.508463],[127.7185282,36.508209],[127.7184866,36.5077585],[127.7184783,36.5076404],[127.7184796,36.5076309],[127.7184832,36.5076054],[127.7184936,36.5075306],[127.7184809,36.5074796],[127.7184788,36.5074725],[127.7184319,36.507302],[127.7183116,36.5068623],[127.7183021,36.506815],[127.7182911,36.5067606],[127.7182869,36.5067206],[127.7182778,36.5067086],[127.7182609,36.5066865],[127.7182273,36.5066424],[127.7182234,36.5066373],[127.7181852,36.5065048],[127.7181606,36.5064268],[127.718091,36.5062203],[127.7180172,36.5059898],[127.7179496,36.505802],[127.7179426,36.505788],[127.7179044,36.5057109],[127.7179044,36.5057108],[127.7178607,36.5056025],[127.7178426,36.5055534],[127.7178289,36.5055249],[127.7178193,36.5055121],[127.7178192,36.5055122],[127.7177447,36.5054412],[127.7177447,36.5054412],[127.7177447,36.5054412],[127.7176517,36.5052523],[127.7176465,36.5052239],[127.7176347,36.5051599],[127.7176404,36.5051424],[127.7176252,36.5050296],[127.7175994,36.5049657],[127.7175602,36.5048663],[127.7175437,36.5048124],[127.7175353,36.5047851],[127.7175353,36.5047851],[127.7174749,36.5046451],[127.7174132,36.5044884],[127.7173323,36.5042794],[127.7173117,36.5042185],[127.7172482,36.5039796],[127.7172367,36.5039162],[127.7172337,36.5038938],[127.7172271,36.5038851],[127.7172196,36.5038754],[127.7171974,36.503857],[127.7171954,36.5038445],[127.7171742,36.5036664],[127.7171647,36.5035885],[127.7171611,36.5035611],[127.7171562,36.5035404],[127.7171441,36.5035084],[127.7171335,36.5034944],[127.717133,36.5034938],[127.7171,36.5034855],[127.7171403,36.5036793],[127.7172094,36.5040624],[127.7174869,36.5048694],[127.7178409,36.5057115],[127.7178459,36.5057231],[127.7179423,36.5060457],[127.7181214,36.5065974],[127.7181762,36.5069245],[127.7182019,36.5070779],[127.7182853,36.507375],[127.7183121,36.5074883],[127.7182916,36.5075116],[127.7183167,36.5075345],[127.718418,36.508477],[127.7184102,36.5085592],[127.7183973,36.5086718],[127.7184375,36.5086748],[127.7184874,36.5086771],[127.7184902,36.5086793],[127.7184945,36.5086816],[127.7185162,36.5086813],[127.718525,36.5086811],[127.7185619,36.5086756],[127.7185876,36.5086725],[127.7186126,36.5086722],[127.7186543,36.508672],[127.7186589,36.5086699],[127.718659,36.5086699],[127.7186624,36.5086698],[127.7188367,36.5086666],[127.7188401,36.5086693],[127.7188576,36.5086823],[127.7191207,36.5086801],[127.7193792,36.5086785],[127.7193948,36.5086721],[127.7194125,36.5086648],[127.7196791,36.508659],[127.719705,36.5086595],[127.7197056,36.5086592],[127.7197056,36.5086575],[127.7197092,36.5086574],[127.7197213,36.5086514],[127.720024,36.5086513],[127.7200402,36.5086527],[127.7201656,36.5086537],[127.7202426,36.5086531],[127.7202574,36.508654],[127.7202575,36.5086564],[127.7203385,36.5086615],[127.7203982,36.5086652],[127.7204909,36.5086618],[127.7206366,36.5086602],[127.720721,36.5086573],[127.7207429,36.5086565],[127.7207932,36.5086539],[127.7211481,36.5086464],[127.721163,36.5086497],[127.7211824,36.508654],[127.7212045,36.508653],[127.721357,36.5086493],[127.7214019,36.5086491],[127.721429,36.5086493],[127.7214537,36.5086503],[127.721458,36.5086569],[127.7214652,36.5086679],[127.7214645,36.5087148],[127.7214644,36.5089158],[127.7214717,36.5095834],[127.7214639,36.5096405],[127.7214673,36.5098674],[127.7214704,36.5100675],[127.7214743,36.5100814],[127.7214758,36.5102472],[127.7214758,36.5102543],[127.7214771,36.5102657],[127.7214796,36.5103063],[127.7214805,36.5103999],[127.7214805,36.5104096],[127.7214808,36.5104378],[127.7214853,36.510598],[127.7214907,36.510612],[127.7214929,36.5107126],[127.721495,36.5108209],[127.7214979,36.5108404],[127.7215003,36.5108972],[127.7215005,36.5111637],[127.7214988,36.5112194],[127.7214976,36.5112371],[127.7214986,36.5113205],[127.7214978,36.5113896],[127.7214988,36.5114269],[127.7215032,36.5114416],[127.7214992,36.5114416],[127.7214997,36.511461],[127.7215016,36.5115777],[127.7215099,36.5118625],[127.7215133,36.5119778],[127.7215277,36.512026],[127.7215291,36.51239],[127.7215723,36.5124185],[127.7216659,36.5124223],[127.7217617,36.5124222],[127.7219633,36.5124164],[127.7223174,36.5124081],[127.7223725,36.5124077],[127.7224051,36.5124111],[127.7226539,36.5124087],[127.7226749,36.5124098],[127.7226766,36.5124099],[127.7227329,36.5124126],[127.722744,36.5124131],[127.7230175,36.5124133],[127.7230281,36.5124141],[127.7231717,36.5124122],[127.7234436,36.5124107],[127.7237827,36.512408],[127.7237975,36.5124084],[127.7238256,36.5124016],[127.724088,36.5124069],[127.7241096,36.5124097],[127.7243148,36.5124079],[127.7244224,36.5124099],[127.7245589,36.5124125],[127.7247192,36.5124138],[127.7247302,36.512416],[127.7248307,36.5124364],[127.7248308,36.5124397],[127.724849,36.5124401],[127.7249323,36.5124359],[127.7250985,36.512434],[127.7251099,36.5124338],[127.7251491,36.5124328],[127.7252889,36.5124307],[127.7252931,36.5124309],[127.7253098,36.5124319],[127.7253936,36.5124295],[127.7256749,36.5124213],[127.7259244,36.5124244],[127.7259365,36.5124243],[127.7259365,36.5124245],[127.7259941,36.5124246],[127.7262442,36.5124203],[127.726401,36.5124241],[127.7264678,36.5124257],[127.7264791,36.5124293],[127.7265246,36.5124324],[127.7265246,36.5124324],[127.7265974,36.5124565],[127.7266075,36.5124742],[127.7266377,36.5125275],[127.7266399,36.5125319],[127.7266589,36.512571],[127.7267088,36.5126734],[127.7267387,36.5127452],[127.7267449,36.5127616],[127.726759,36.5127981],[127.7267642,36.5128256],[127.7267677,36.5128506],[127.7267685,36.5128838],[127.7267656,36.5129166],[127.7267658,36.5129366],[127.7267661,36.5129838],[127.7267666,36.513052],[127.72677,36.5130986],[127.7267797,36.5131438],[127.7267848,36.5131646],[127.7267958,36.5132098],[127.7268043,36.5132336],[127.7268391,36.5133613],[127.7268477,36.5133892],[127.7268655,36.5134314],[127.7268678,36.5134403],[127.7269774,36.5135735],[127.7270002,36.5136026],[127.7270042,36.5136159],[127.7270614,36.5136129],[127.7270968,36.513611],[127.7271317,36.5136092],[127.727161,36.5136077],[127.7271613,36.5136076],[127.7271607,36.5135989],[127.7271796,36.5135893],[127.7272044,36.5135768],[127.7272044,36.5135755],[127.7273106,36.5135798],[127.7277286,36.5135978],[127.7278152,36.5136015],[127.7278215,36.5136016],[127.7278498,36.5138345],[127.7278794,36.5140779],[127.7278831,36.5141335],[127.7278867,36.5141949],[127.7278925,36.5142181],[127.7279056,36.5142418],[127.7279236,36.5142594],[127.7279549,36.5142725],[127.7279691,36.5142785],[127.7279701,36.5142771],[127.7280781,36.5143182],[127.7281049,36.51435],[127.728141,36.5143928],[127.7281353,36.5144188],[127.728227,36.5144354],[127.7283086,36.5144524],[127.7284438,36.5144772],[127.728474,36.5144809],[127.7284743,36.5144802],[127.7286448,36.5145149],[127.7287021,36.5145255],[127.7287208,36.5145287],[127.7287898,36.5145405],[127.728825,36.5145485],[127.7288249,36.5145491],[127.7291461,36.5146125],[127.7292424,36.5146295],[127.7295116,36.5146803],[127.729617,36.5147014],[127.7296467,36.5147017],[127.7297657,36.5146927],[127.7298014,36.5146911],[127.7298521,36.5146901],[127.7298908,36.5146953],[127.7299277,36.5147053],[127.7299413,36.5147192],[127.7299874,36.5147303],[127.7299903,36.5147213],[127.7300053,36.5147255],[127.7300216,36.5147301],[127.7300234,36.5147263],[127.730133,36.5147561],[127.7301319,36.5147593],[127.7302654,36.5147926],[127.7302879,36.5147979],[127.7303093,36.514803],[127.7303293,36.5148077],[127.730372,36.5148203],[127.7304125,36.5148311],[127.730445,36.5148398],[127.7304512,36.5148414],[127.7305447,36.5148605],[127.7306423,36.5148787],[127.7306756,36.5148842],[127.7307461,36.5148958],[127.7307482,36.5148964],[127.7307936,36.5149088],[127.7307956,36.5149093],[127.7307969,36.5149121],[127.7307987,36.5149159],[127.7308226,36.5149526],[127.7308509,36.5149905],[127.7308754,36.5150242],[127.7308889,36.5150419],[127.7309171,36.5150788],[127.7309419,36.5151062],[127.7309717,36.5151322],[127.7310125,36.5151632],[127.7310611,36.5152002],[127.7311826,36.5152983],[127.7312262,36.5153332],[127.7312638,36.5153601],[127.7313619,36.5154307],[127.7314328,36.5154769],[127.7315504,36.5155371],[127.7315931,36.5155537],[127.7316881,36.5155624],[127.7318362,36.5155656],[127.7319024,36.5155657],[127.7319545,36.5155676],[127.7319911,36.5155763],[127.7320216,36.5155903],[127.7320399,36.5156053],[127.7320787,36.5156353],[127.7320848,36.5156428],[127.7321176,36.515682],[127.7321968,36.5157608],[127.7322488,36.515811],[127.7322909,36.5158457],[127.73234,36.5158771],[127.7323904,36.5158997],[127.7324487,36.5159191],[127.732496,36.5159341],[127.7325657,36.5159542],[127.7326275,36.515976],[127.7326757,36.5159902],[127.7326914,36.5159929],[127.7327127,36.5159918],[127.7327704,36.5159823],[127.7327953,36.5159794],[127.7328282,36.515982],[127.7328753,36.5159849],[127.7329107,36.5159824],[127.7329459,36.5159754],[127.7329807,36.5159616],[127.7330332,36.5159281],[127.7330853,36.5158952],[127.7331104,36.5158863],[127.7331583,36.5158699],[127.7331887,36.5158692],[127.7332115,36.5158768],[127.7332364,36.515894],[127.7332596,36.5159173],[127.7332911,36.5159583],[127.7332949,36.5159632],[127.733319,36.5159951],[127.7333383,36.5160237],[127.7333575,36.5160427],[127.7333577,36.516043],[127.733387,36.5160691],[127.7334155,36.5160877],[127.7334466,36.5161046],[127.7334723,36.5161169],[127.7334971,36.5161269],[127.7335322,36.5161411],[127.7335412,36.5161448],[127.7335807,36.5161612],[127.7336121,36.5161765],[127.7336385,36.5161928],[127.7336407,36.5161953],[127.7336632,36.5162222],[127.7337055,36.5163074],[127.7337385,36.5163484],[127.7337329,36.5163499],[127.7337568,36.5163686],[127.7337612,36.5163692],[127.7338081,36.5164049],[127.7338206,36.5164147],[127.7338318,36.5164235],[127.733885,36.5164581],[127.7339119,36.5164756],[127.7339546,36.5165083],[127.7339782,36.5165282],[127.7339951,36.5165473],[127.7340841,36.5166644],[127.7340986,36.5166848],[127.7340987,36.516685],[127.7341254,36.5167224],[127.7341798,36.5167917],[127.7342194,36.5168518],[127.7342421,36.5168933],[127.7342529,36.5169239],[127.7342574,36.516966],[127.734255,36.516983],[127.7342518,36.5170064],[127.7342517,36.5170064],[127.7342513,36.5170099],[127.7342416,36.5170599],[127.7342342,36.5171127],[127.7342342,36.5171128],[127.7342292,36.5171483],[127.7342281,36.5171945],[127.7342203,36.517243],[127.7342012,36.5172494],[127.7341923,36.5172767],[127.7341979,36.517336],[127.7342201,36.517444],[127.7342326,36.5175149],[127.7342335,36.5175655],[127.7342329,36.5176224],[127.7342518,36.5176742],[127.7342809,36.5177362],[127.7343128,36.5177812],[127.734335,36.5178029],[127.7343579,36.5178254],[127.734367,36.5178304],[127.7343875,36.5178507],[127.7344117,36.5178866],[127.7344388,36.5179278],[127.7344667,36.5179714],[127.7344895,36.5180178],[127.7345309,36.5180536],[127.7345473,36.5180566],[127.734558,36.5180711],[127.7345622,36.5180991],[127.7345548,36.5181339],[127.7345519,36.5181476],[127.7345405,36.5181947],[127.7345366,36.5182393],[127.7345367,36.5182737],[127.7345403,36.5183013],[127.7345485,36.5183334],[127.7345599,36.5183558],[127.7345788,36.5183897],[127.7346048,36.518441],[127.7346123,36.5184607],[127.7346128,36.5184621],[127.7346198,36.5184804],[127.7346187,36.5185076],[127.734612,36.5185411],[127.7346006,36.518583],[127.7345707,36.5186521],[127.7345699,36.5186575],[127.734578,36.518681],[127.7345648,36.5187208],[127.7345603,36.5187345],[127.73453,36.5187937],[127.7345305,36.5188948],[127.7345521,36.5189778],[127.7346088,36.5190492],[127.734677,36.5190824],[127.7347032,36.5190952],[127.7347378,36.5191198],[127.7347552,36.5191419],[127.7347793,36.5191767],[127.7347854,36.5191878],[127.7348236,36.5192583],[127.7348543,36.5192836],[127.7348741,36.5192978],[127.7348968,36.5193059],[127.7349251,36.5193099],[127.7349349,36.51931],[127.734935,36.51931],[127.7349746,36.5193102],[127.7350335,36.5193044],[127.7351024,36.5192949],[127.7351025,36.5192949],[127.735125,36.5193057],[127.7351696,36.5193372],[127.7351704,36.5193377],[127.7351705,36.5193378],[127.7351943,36.5193564],[127.7352101,36.5193844],[127.7352301,36.5194393],[127.7352523,36.5194896],[127.7352523,36.5194896],[127.7352623,36.519526],[127.7353022,36.5195981],[127.7353336,36.5196659],[127.7353419,36.5197081],[127.7353896,36.5198151],[127.7353912,36.5198376],[127.7353897,36.5198482],[127.7353888,36.5198581],[127.7353955,36.5198845],[127.7354153,36.5199477],[127.7354248,36.5199715],[127.7354266,36.5199935],[127.7354518,36.5200425],[127.7354569,36.5200494],[127.735456,36.5201021],[127.7354771,36.5201792],[127.7354784,36.5202001],[127.7354831,36.5202299],[127.7354917,36.5202828],[127.7354918,36.5202831],[127.7354942,36.5202983],[127.7354998,36.5203356],[127.7355094,36.5203619],[127.7355095,36.5203621],[127.7355184,36.5203864],[127.7355156,36.5203901],[127.7355146,36.5203915],[127.7355102,36.5204046],[127.735503,36.5205235],[127.735512,36.5205668],[127.7355167,36.5205812],[127.7355287,36.520613],[127.7355371,36.520629],[127.7355579,36.5206671],[127.7355816,36.520701],[127.7355853,36.5207096],[127.7355875,36.5207278],[127.7355829,36.5208099],[127.7355678,36.5208519],[127.735559,36.5208746],[127.7355622,36.5208891],[127.7355731,36.5209379],[127.7355686,36.5209474],[127.7355468,36.5209941],[127.7355377,36.5210113],[127.7355273,36.5210341],[127.7355156,36.5210584],[127.7355099,36.5210673],[127.7354825,36.5211345],[127.7354813,36.5211435],[127.7354771,36.5211683],[127.7354728,36.5211755],[127.7354672,36.5211853],[127.7354573,36.5212029],[127.7354534,36.5212075],[127.7354637,36.5212225],[127.7354729,36.5212356],[127.7354661,36.5212552],[127.7354627,36.5212625],[127.7354639,36.5212824],[127.7354782,36.5213559],[127.7355021,36.5214665],[127.7355061,36.5215094],[127.735502,36.5215491],[127.7354973,36.5215803],[127.7354942,36.5215947],[127.7354875,36.5216152],[127.7354881,36.5216227],[127.7354789,36.5216788],[127.7354684,36.5217785],[127.7354625,36.5218894],[127.7354622,36.521962],[127.7354649,36.5220242],[127.7354665,36.5220446],[127.7354723,36.5220787],[127.7354814,36.5221268],[127.7354892,36.5221706],[127.7355207,36.522285],[127.7355803,36.5224889],[127.7355906,36.5225186],[127.7356755,36.522742],[127.7356631,36.5227673],[127.7356368,36.5228208],[127.7356256,36.5228438],[127.7356011,36.5228879],[127.7355911,36.522906],[127.7355778,36.5229292],[127.7355755,36.5229422],[127.7355774,36.522958],[127.7355819,36.5229766],[127.7355863,36.522988],[127.7355979,36.5230045],[127.7356217,36.5230299],[127.7356549,36.5230756],[127.7356643,36.5230922],[127.7356829,36.5231403],[127.7357121,36.5232302],[127.7357204,36.5232699],[127.7357255,36.5233367],[127.7357445,36.5234618],[127.7357507,36.5235148],[127.73575,36.5235173],[127.735732,36.5236097],[127.7357275,36.5236499],[127.7357214,36.5236906],[127.735717,36.5237423],[127.7357138,36.5237833],[127.7357038,36.5239657],[127.7357073,36.5240349],[127.7357161,36.5241279],[127.7357264,36.5241896],[127.7357346,36.5242383],[127.7357371,36.52429],[127.7357371,36.5243417],[127.7357919,36.5243357],[127.7357782,36.5242297],[127.7357704,36.5241913],[127.7357676,36.524182],[127.7357449,36.524145],[127.7357426,36.5239676],[127.7357562,36.5237843],[127.7357567,36.5237377],[127.7357585,36.523709],[127.7357639,36.5236674],[127.7357726,36.5236069],[127.7357875,36.5235357],[127.7357865,36.5235153],[127.7357821,36.5234526],[127.7357666,36.5233337],[127.7357608,36.5232781],[127.7357429,36.5231983],[127.7357349,36.5231732],[127.735709,36.5231022],[127.7356927,36.5230678],[127.7356901,36.5230639],[127.7356705,36.5230348],[127.7356424,36.5229996],[127.7356228,36.5229769],[127.7356157,36.5229627],[127.7356128,36.5229467],[127.7356169,36.5229301],[127.7356256,36.5229112],[127.7356476,36.5228747],[127.7356616,36.5228491],[127.7356953,36.5227942],[127.7357073,36.5227672],[127.7357084,36.5227647],[127.7357135,36.5227476],[127.7357141,36.5227363],[127.7356635,36.5226032],[127.735625,36.522511],[127.7356195,36.5224816],[127.7355862,36.5223728]]]}},{"type":"Feature","properties":{"admin_code":"43770","admin_name":"음성군","river_name":"주천천","source_record_count":2,"latest_notice_date":"20190705","area_m2":220562.83,"perimeter_m":14124.63,"width_proxy_m":31.23,"width_class":"wide","center_lon":127.6447259,"center_lat":37.0635912,"candidate_rank":4},"geometry":{"type":"MultiPolygon","coordinates":[[[[127.633679,37.0728038],[127.6338262,37.0727024],[127.6338393,37.0726887],[127.6338451,37.0726688],[127.633946,37.0725972],[127.6340903,37.0724998],[127.6343431,37.0723239],[127.6345246,37.0721978],[127.6345306,37.072192],[127.6345313,37.0721916],[127.6346921,37.0720784],[127.6348768,37.071949],[127.6348757,37.0719475],[127.6351361,37.0717742],[127.6352312,37.071711],[127.6354694,37.0715528],[127.6355901,37.0714791],[127.6356651,37.0714311],[127.6356831,37.0714254],[127.6357643,37.0713693],[127.635883,37.0713129],[127.6359493,37.0712907],[127.6359913,37.0712644],[127.6359952,37.071262],[127.636094,37.0712001],[127.6361041,37.071195],[127.6361076,37.0711842],[127.6364036,37.071028],[127.6365273,37.0709531],[127.6365399,37.0709408],[127.6367103,37.0708209],[127.636837,37.0707484],[127.6368397,37.0707471],[127.6370002,37.0707111],[127.6373365,37.0705207],[127.6373711,37.0704815],[127.637508,37.0703657],[127.6375929,37.0703081],[127.637634,37.0702533],[127.6376278,37.070236],[127.6376113,37.070196],[127.6376047,37.0701776],[127.6376292,37.0701323],[127.6376897,37.0700513],[127.6377556,37.0699477],[127.6378085,37.0698604],[127.6378174,37.069828],[127.637871,37.0696884],[127.6378808,37.0696167],[127.6378806,37.0695127],[127.6378799,37.0693925],[127.6378795,37.0692019],[127.6378819,37.0691901],[127.63789,37.0690533],[127.637888,37.0689648],[127.6378928,37.0687938],[127.6379051,37.0687329],[127.6379236,37.0686418],[127.6379839,37.0682756],[127.6380143,37.0681477],[127.6380318,37.0680132],[127.6380364,37.0679887],[127.638076,37.0677722],[127.6380838,37.0677593],[127.6381075,37.0677126],[127.6381173,37.0676441],[127.6381247,37.0676214],[127.638138,37.0675474],[127.6381728,37.0674634],[127.6382662,37.0672842],[127.6383534,37.067185],[127.6384107,37.0671315],[127.6384578,37.0670891],[127.6385496,37.0670238],[127.6386192,37.06698],[127.6387198,37.0669313],[127.6387276,37.0669263],[127.638736,37.0669239],[127.638824,37.0668848],[127.6388464,37.066878],[127.6388525,37.0668739],[127.6388627,37.066873],[127.6389184,37.066856],[127.6389889,37.0668405],[127.6390026,37.0668399],[127.6390141,37.066835],[127.6390648,37.0668238],[127.639297,37.0667819],[127.6393714,37.0667678],[127.6394366,37.0667571],[127.6395573,37.0667318],[127.6396702,37.0666867],[127.6398298,37.0666582],[127.6400304,37.0666197],[127.6401508,37.0665983],[127.6402821,37.0665765],[127.6404249,37.0665583],[127.6405137,37.066546],[127.640615,37.0665383],[127.6406926,37.0665289],[127.6408439,37.0664889],[127.6409652,37.0664469],[127.6409939,37.0664337],[127.6410647,37.0664059],[127.6411787,37.0663624],[127.6414766,37.0662004],[127.6416113,37.0660585],[127.6416514,37.0659929],[127.6416915,37.0659416],[127.6417075,37.0658836],[127.6417135,37.0658616],[127.6417321,37.0658046],[127.6417567,37.0657222],[127.6417653,37.0656814],[127.6418064,37.0655556],[127.6418317,37.0654639],[127.6418613,37.0653717],[127.6418962,37.0653121],[127.641946,37.0652588],[127.6419768,37.0652442],[127.6419639,37.0652458],[127.641956,37.0652485],[127.64196,37.0652452],[127.6419643,37.0652437],[127.6419637,37.0652421],[127.6420255,37.0651911],[127.6421288,37.0651255],[127.6422296,37.0650747],[127.6423235,37.0650383],[127.642376,37.065024],[127.6424999,37.0649743],[127.6425092,37.0649702],[127.6426723,37.0648954],[127.6427695,37.0648417],[127.6429488,37.0647306],[127.6429858,37.0647508],[127.6430007,37.064752],[127.6430566,37.0647566],[127.6431126,37.0647249],[127.6432036,37.064668],[127.643296,37.0645887],[127.6434147,37.0644791],[127.643429,37.0644649],[127.6435515,37.064333],[127.6436275,37.0642515],[127.6436421,37.0642122],[127.6436751,37.0641986],[127.6437479,37.064109],[127.6439128,37.0639328],[127.6439908,37.0638637],[127.6440586,37.0638342],[127.6441606,37.0638179],[127.6443222,37.0637988],[127.6443715,37.0637942],[127.64457,37.0637863],[127.6446308,37.0637752],[127.6447686,37.0637665],[127.6449858,37.0637449],[127.6454321,37.063676],[127.6454684,37.0636602],[127.6455848,37.0636469],[127.6456116,37.0636366],[127.6456282,37.0636413],[127.6456649,37.0636162],[127.6457064,37.0636003],[127.6458638,37.0635461],[127.6460113,37.0634966],[127.6461021,37.0634558],[127.6463308,37.0633532],[127.6466228,37.0632345],[127.6468539,37.0631352],[127.6470179,37.0630561],[127.6470654,37.063025],[127.6472661,37.0629012],[127.6474491,37.0627724],[127.6476318,37.0626452],[127.6477349,37.0625849],[127.647827,37.06254],[127.6478576,37.0625251],[127.6479888,37.062475],[127.6480845,37.0624335],[127.6481076,37.0624019],[127.6482304,37.0623458],[127.6485254,37.0622164],[127.6488469,37.062049],[127.6488623,37.0620413],[127.6488682,37.0620379],[127.6489377,37.0620017],[127.6490453,37.0619504],[127.6491067,37.0618889],[127.6491071,37.0618792],[127.6491328,37.061862],[127.6491751,37.0618447],[127.6491965,37.0618194],[127.6493045,37.0617471],[127.6493864,37.0617054],[127.6494518,37.0616683],[127.6494993,37.0616255],[127.6495361,37.0615923],[127.6496946,37.061441],[127.6498586,37.0612933],[127.6498843,37.0612459],[127.6499262,37.0611687],[127.6499607,37.0611053],[127.6499706,37.0610928],[127.6500247,37.0610547],[127.6500287,37.06105],[127.650055,37.0610334],[127.6503046,37.0608694],[127.6503602,37.0608352],[127.6503701,37.0608309],[127.6504597,37.0608573],[127.6504914,37.0608666],[127.6505051,37.0608601],[127.6505085,37.0608717],[127.6505096,37.060872],[127.6505812,37.0608382],[127.6508229,37.0607241],[127.6509598,37.0606668],[127.6509716,37.0606638],[127.6510739,37.0606384],[127.6512412,37.0605878],[127.6514502,37.0605507],[127.6517283,37.0605023],[127.6517539,37.0604935],[127.6518859,37.0604771],[127.6521066,37.0604673],[127.6522647,37.0604654],[127.652291,37.0604698],[127.6523353,37.0604645],[127.6528943,37.0604721],[127.6530159,37.0604737],[127.6530788,37.0604465],[127.6530932,37.0604428],[127.6532108,37.0604059],[127.6533066,37.0603759],[127.6535328,37.0603865],[127.6535987,37.0603744],[127.6537176,37.0603577],[127.6538765,37.0603364],[127.6539814,37.0603247],[127.6540754,37.0602831],[127.6541086,37.0602674],[127.6541507,37.0602428],[127.6541638,37.0602273],[127.6541859,37.0601996],[127.6542836,37.060153],[127.6543571,37.0601094],[127.6545234,37.0599827],[127.6545862,37.0599389],[127.654673,37.0598901],[127.6547483,37.0598547],[127.6547484,37.0598546],[127.6547485,37.0598546],[127.6548317,37.0598156],[127.6549757,37.0597547],[127.6551482,37.0596962],[127.6553011,37.0596495],[127.6554198,37.0596204],[127.655553,37.0595919],[127.6556258,37.0596087],[127.6556226,37.0596124],[127.6556324,37.0596103],[127.655669,37.0596187],[127.6556732,37.0596171],[127.6556884,37.0596149],[127.6557154,37.0596074],[127.6559188,37.0595805],[127.6559289,37.0595794],[127.6561416,37.0595522],[127.656161,37.059554],[127.6561706,37.0595528],[127.6563862,37.0595232],[127.6564114,37.0595229],[127.6568621,37.059464],[127.6568868,37.0594619],[127.6570234,37.0594452],[127.6570257,37.059445],[127.6570754,37.0594403],[127.6573302,37.0594215],[127.657506,37.0594073],[127.6575515,37.0594036],[127.6575567,37.0594034],[127.6577743,37.0594066],[127.657868,37.059408],[127.6579054,37.0594093],[127.6580447,37.0594346],[127.6581124,37.0594513],[127.6582832,37.0594892],[127.6583793,37.0594885],[127.6585156,37.0594882],[127.6586625,37.0594979],[127.6587372,37.0595048],[127.6587638,37.0595074],[127.6589348,37.0595243],[127.6591556,37.059546],[127.659377,37.0595649],[127.6596377,37.0595897],[127.6598606,37.0596103],[127.6600105,37.059624],[127.6601033,37.0596325],[127.6601312,37.0596316],[127.660335,37.0596255],[127.6603413,37.0596211],[127.6611461,37.0597053],[127.6613803,37.0597286],[127.6614631,37.0597356],[127.6615666,37.0597423],[127.6616602,37.0597448],[127.6618265,37.0597408],[127.6618612,37.0597509],[127.6618622,37.0597506],[127.6618656,37.0597477],[127.6619309,37.0597292],[127.6619316,37.0597309],[127.661944,37.0597275],[127.6619987,37.0597123],[127.6620531,37.0596982],[127.6621985,37.0596543],[127.6622095,37.0596521],[127.6622725,37.05963],[127.6623988,37.059583],[127.662531,37.0595368],[127.6625247,37.0595341],[127.6625551,37.0595284],[127.662565,37.0595249],[127.662665,37.0594825],[127.6628026,37.0594296],[127.6630379,37.0593425],[127.6630991,37.0593213],[127.66323,37.0592735],[127.6633396,37.0592387],[127.6634125,37.0592181],[127.6635073,37.0591918],[127.6635465,37.0591825],[127.6635528,37.059178],[127.6635681,37.0591663],[127.6636372,37.0591515],[127.6637728,37.0591232],[127.6638551,37.0591342],[127.6639492,37.0591443],[127.6641024,37.0591257],[127.6641751,37.05912],[127.664218,37.0591134],[127.6642828,37.0591091],[127.6643492,37.0591261],[127.6644185,37.0591441],[127.6645053,37.0591553],[127.6645464,37.0591826],[127.6647301,37.0592611],[127.6648333,37.0592719],[127.6648696,37.0592767],[127.6650923,37.0592994],[127.6651673,37.0592946],[127.6651891,37.0592929],[127.6653263,37.0592964],[127.6655953,37.0592275],[127.6657368,37.0591918],[127.6658276,37.0591752],[127.6661115,37.059121],[127.6662581,37.0590861],[127.6662863,37.0590786],[127.6663187,37.0590546],[127.6664981,37.0590069],[127.6666004,37.058982],[127.6666914,37.0589612],[127.6667042,37.0589682],[127.6667151,37.0589743],[127.6672715,37.0587479],[127.6672841,37.0587462],[127.667305,37.0587343],[127.6673437,37.0587185],[127.667635,37.0586083],[127.6676714,37.0586085],[127.6679065,37.0585227],[127.66794,37.0584928],[127.6679615,37.0584741],[127.6679844,37.0584376],[127.6680075,37.0584182],[127.6680267,37.0584027],[127.6680695,37.0584006],[127.6681478,37.0583944],[127.6681567,37.0583835],[127.668281,37.0583776],[127.6684095,37.0583672],[127.6684239,37.0583753],[127.6685611,37.0583483],[127.6686034,37.0583379],[127.6686578,37.0583214],[127.668713,37.0583015],[127.6687809,37.0582703],[127.668825,37.0582539],[127.6688986,37.0582269],[127.669017,37.0581731],[127.669132,37.0581281],[127.6692095,37.0580987],[127.6692567,37.0580912],[127.6693373,37.0581052],[127.6694732,37.0580406],[127.6695654,37.0580056],[127.6696771,37.0579639],[127.6696983,37.0579538],[127.6697562,37.0579243],[127.6698299,37.0579126],[127.6698772,37.0579137],[127.6700045,37.0578942],[127.6700187,37.0578858],[127.6700229,37.0578743],[127.6700343,37.0578615],[127.6700636,37.0578585],[127.6702696,37.0578352],[127.6702891,37.0578356],[127.6703842,37.0578375],[127.6704519,37.0578184],[127.670522,37.0578018],[127.6706513,37.0577845],[127.6706802,37.0577806],[127.6708164,37.0577606],[127.6709367,37.0577486],[127.6710695,37.0577383],[127.6712243,37.0577218],[127.6713412,37.0577151],[127.6714301,37.0577131],[127.671508,37.057718],[127.6716405,37.0577337],[127.6717758,37.0577527],[127.6718961,37.0577694],[127.6720454,37.0577968],[127.6721345,37.0578115],[127.6722194,37.0578255],[127.6723287,37.0578379],[127.6723948,37.0578426],[127.6724747,37.0578292],[127.6724906,37.0578253],[127.6725439,37.0578154],[127.6726343,37.0578121],[127.6726709,37.0577824],[127.6727235,37.0577326],[127.6728259,37.05764],[127.6729224,37.0575581],[127.6730106,37.05749],[127.6731197,37.0574065],[127.6732127,37.057331],[127.6733302,37.0572596],[127.6734341,37.05722],[127.6735285,37.0571844],[127.6736488,37.0571615],[127.6737556,37.0571442],[127.6738667,37.0571393],[127.6740157,37.0571254],[127.674132,37.0571299],[127.6742001,37.0571339],[127.6742345,37.0571437],[127.6742322,37.0571511],[127.6742447,37.0571517],[127.6743055,37.0571622],[127.674396,37.0571857],[127.6744214,37.0571935],[127.6745125,37.0572194],[127.6745185,37.0572194],[127.6746997,37.057263],[127.6747082,37.0572751],[127.6748568,37.0573149],[127.6752653,37.0574457],[127.6752956,37.0574643],[127.6753833,37.0574848],[127.6754158,37.0574933],[127.6754359,37.0574965],[127.6754601,37.057496],[127.6754928,37.0574986],[127.6756505,37.0575114],[127.6756892,37.0575148],[127.6757069,37.0575199],[127.6757321,37.0575178],[127.6757424,37.0575161],[127.675832,37.0575173],[127.6758457,37.0575173],[127.6758712,37.057511],[127.6758747,37.057511],[127.6760384,37.0575138],[127.6760726,37.0575209],[127.6761009,37.0575206],[127.6761294,37.0575222],[127.6761733,37.0575301],[127.6762348,37.0575207],[127.6762466,37.0575211],[127.6763085,37.0575339],[127.676413,37.0575604],[127.6764767,37.05759],[127.6765553,37.0576352],[127.6765894,37.0576591],[127.6765958,37.0576761],[127.6766672,37.057704],[127.6767457,37.0577047],[127.6768054,37.0577258],[127.676833,37.0577365],[127.6768363,37.0577378],[127.6768415,37.0577417],[127.6769297,37.0577286],[127.6769385,37.0577351],[127.6769918,37.0577268],[127.6770775,37.0577095],[127.6771877,37.0576782],[127.6772717,37.0576464],[127.6773435,37.0576123],[127.6773768,37.0575957],[127.6774333,37.0575611],[127.6775072,37.0575103],[127.6775232,37.0574975],[127.6775265,37.0574933],[127.6776165,37.0574056],[127.6776556,37.0573341],[127.677706,37.0572851],[127.6777761,37.057223],[127.6778459,37.0571606],[127.6779126,37.0570991],[127.6779139,37.0570986],[127.6779488,37.0570697],[127.6780512,37.057004],[127.6780716,37.0569812],[127.6780415,37.0569866],[127.6780427,37.0569852],[127.6781076,37.0569253],[127.6781409,37.0568825],[127.6781744,37.0568319],[127.6781994,37.0568147],[127.6782449,37.0567796],[127.6782827,37.0567524],[127.6783661,37.0566817],[127.6784423,37.0566634],[127.6784988,37.056618],[127.6786193,37.0565205],[127.6786787,37.0564719],[127.6787332,37.0564083],[127.6789025,37.0562457],[127.6790164,37.0561566],[127.6790605,37.0561233],[127.6790986,37.0560933],[127.6792336,37.0560295],[127.6793097,37.0560124],[127.6793294,37.0560067],[127.6793734,37.0559906],[127.6793867,37.0559907],[127.6794124,37.0559856],[127.6794586,37.055979],[127.679597,37.055957],[127.6797018,37.055931],[127.6797088,37.0559293],[127.6797934,37.055886],[127.6798329,37.0558572],[127.6798562,37.0558402],[127.6799236,37.0557829],[127.6799477,37.0557629],[127.6800137,37.0557082],[127.6800358,37.055688],[127.6800849,37.0556429],[127.6801764,37.0555522],[127.6802386,37.0554887],[127.6803721,37.0553955],[127.6804586,37.0553733],[127.6805016,37.0553248],[127.6805416,37.0552821],[127.680622,37.0551897],[127.6806702,37.0551289],[127.6807221,37.0550578],[127.6807622,37.0549827],[127.6807802,37.0549358],[127.6807891,37.0548573],[127.6808101,37.0548035],[127.6808592,37.0547617],[127.6809205,37.0547445],[127.6809856,37.0547435],[127.6810412,37.0547497],[127.6811169,37.0546759],[127.6811329,37.0546604],[127.6811431,37.0546406],[127.6811667,37.0546453],[127.6811834,37.0546361],[127.6812092,37.0545913],[127.6812228,37.0545677],[127.6812997,37.0544941],[127.6813774,37.0544598],[127.6814502,37.0544377],[127.6814563,37.0544277],[127.6814822,37.0544086],[127.6814967,37.0543792],[127.681467,37.0543173],[127.6814013,37.0543383],[127.6813159,37.0543621],[127.681278,37.0543755],[127.6812318,37.0543985],[127.6811844,37.0544207],[127.6811645,37.0544271],[127.6811006,37.0545302],[127.681059,37.0545612],[127.6809613,37.054573],[127.680937,37.0545823],[127.6808879,37.0546054],[127.6808496,37.0546251],[127.6807758,37.0546502],[127.6807207,37.0546642],[127.6807095,37.0547226],[127.680726,37.0547398],[127.6807166,37.0547501],[127.6806983,37.0547771],[127.6806826,37.0548129],[127.6806607,37.0548654],[127.6806444,37.0548833],[127.6806249,37.0549209],[127.6806144,37.0549413],[127.6805664,37.0549964],[127.6805334,37.0550163],[127.6805017,37.0550354],[127.6804667,37.0550952],[127.6803872,37.0551975],[127.6803272,37.0552584],[127.6802332,37.0553007],[127.6802203,37.0553172],[127.680225,37.0553263],[127.6802255,37.0553323],[127.6802264,37.0553433],[127.6802215,37.0553593],[127.68002,37.0555208],[127.6799777,37.0555559],[127.6799076,37.0556141],[127.6798827,37.0556418],[127.6798357,37.0556938],[127.6798408,37.0557028],[127.6798299,37.0557111],[127.6798276,37.0557288],[127.679814,37.0557453],[127.6797436,37.0557987],[127.6797303,37.0558102],[127.6797063,37.055829],[127.6796718,37.0558432],[127.6796471,37.0558431],[127.6796183,37.0558604],[127.6795366,37.055878],[127.6795284,37.055878],[127.6795201,37.0558758],[127.6794719,37.055878],[127.6793528,37.0559005],[127.6792106,37.0559361],[127.6790786,37.0559829],[127.6790388,37.0560097],[127.679033,37.0560089],[127.6789934,37.0560443],[127.6789922,37.0560469],[127.67889,37.0561381],[127.6788172,37.0562055],[127.6788145,37.0562069],[127.6787459,37.0562466],[127.6786689,37.0563109],[127.6786382,37.056318],[127.6786276,37.0563262],[127.678602,37.0563723],[127.6785856,37.0563889],[127.6785123,37.0564447],[127.6784787,37.0564681],[127.6783193,37.0566138],[127.678315,37.056615],[127.6783015,37.0566136],[127.6782731,37.0566187],[127.678101,37.0567749],[127.6780306,37.0568135],[127.6778905,37.0569365],[127.6778861,37.0569609],[127.6779024,37.0569745],[127.6778199,37.0570449],[127.6777455,37.0571087],[127.6776957,37.0571363],[127.6776318,37.0572013],[127.6775763,37.0572664],[127.6775471,37.0572998],[127.6774957,37.0573449],[127.6774613,37.0574042],[127.6774326,37.0574432],[127.6773806,37.0574871],[127.6772972,37.0575322],[127.6772487,37.057555],[127.6771897,37.0575747],[127.6771815,37.0575761],[127.6771323,37.0575943],[127.677113,37.0576091],[127.6770246,37.0576226],[127.6769599,37.0576195],[127.6768313,37.0575902],[127.6767568,37.0575577],[127.6767181,37.05753],[127.6766416,37.0574796],[127.6766222,37.0574638],[127.6765539,37.0574321],[127.6764648,37.0574061],[127.6763484,37.0573805],[127.6762256,37.0573704],[127.6761434,37.0573689],[127.6761204,37.0573397],[127.6759251,37.0573197],[127.6758997,37.0573416],[127.6758577,37.0573636],[127.675832,37.057377],[127.6757902,37.0573778],[127.6757003,37.0573849],[127.6754877,37.0573575],[127.6753277,37.0573209],[127.6751321,37.0572418],[127.674743,37.0571308],[127.6745681,37.0570823],[127.6745689,37.0570806],[127.6744906,37.0570581],[127.6744589,37.0570505],[127.6744575,37.0570489],[127.6744442,37.0570458],[127.6742816,37.0570252],[127.6742645,37.0570216],[127.6742579,37.0570117],[127.6742417,37.0570079],[127.6741406,37.0570023],[127.6741074,37.0569963],[127.6740814,37.056995],[127.6740441,37.0569914],[127.6739957,37.0570035],[127.6739536,37.0570109],[127.6739209,37.0570164],[127.6738458,37.0570222],[127.6737617,37.0570249],[127.6736882,37.0570277],[127.6736067,37.0570343],[127.6734873,37.057053],[127.6734135,37.0570648],[127.6733724,37.0570673],[127.6733489,37.0570675],[127.6733183,37.057077],[127.6732869,37.057099],[127.6732132,37.0571365],[127.6731369,37.0571766],[127.6730707,37.0572222],[127.6729923,37.0572886],[127.6729009,37.0573643],[127.6728386,37.0574062],[127.6727705,37.0574896],[127.6727491,37.0575158],[127.6727425,37.05753],[127.6726343,37.0576278],[127.672632,37.0576344],[127.6726247,37.0576365],[127.6725618,37.0576934],[127.6724334,37.0577319],[127.6724205,37.0577336],[127.6722987,37.0577176],[127.6722889,37.057687],[127.6722784,37.0576855],[127.6722558,37.057687],[127.6722528,37.0576819],[127.6720369,37.0576513],[127.6719301,37.0576763],[127.6718833,37.0576705],[127.6718292,37.0576635],[127.6717305,37.057651],[127.67163,37.0576389],[127.6715184,37.0576244],[127.6714857,37.0576225],[127.6713988,37.0576148],[127.6712919,37.0576106],[127.6712509,37.0576116],[127.6712103,37.0576004],[127.6710113,37.0576254],[127.670689,37.0576605],[127.6706196,37.0576551],[127.6701618,37.0576975],[127.6701326,37.0576891],[127.6699598,37.0577133],[127.6697389,37.0577525],[127.6696658,37.0577781],[127.6696267,37.0577872],[127.6696209,37.0577864],[127.6695987,37.0577787],[127.6695749,37.0577653],[127.6695475,37.0577644],[127.6695316,37.0577662],[127.6695083,37.0577689],[127.6694676,37.0577764],[127.669446,37.0577763],[127.669432,37.0577873],[127.669419,37.0578089],[127.6693576,37.0579102],[127.6693062,37.0579541],[127.6692749,37.0579664],[127.6692476,37.0579841],[127.6690776,37.058051],[127.6689313,37.0581065],[127.6687179,37.0581775],[127.6686792,37.0581872],[127.6686579,37.0581917],[127.6685539,37.0582213],[127.6685052,37.0582317],[127.668452,37.0582413],[127.6684003,37.0582507],[127.6683735,37.0582529],[127.6683363,37.0582592],[127.6683148,37.0582595],[127.6680998,37.0582903],[127.6680597,37.0582994],[127.6679691,37.0583132],[127.6679428,37.0583146],[127.6678853,37.0583244],[127.6678318,37.0583391],[127.6677782,37.0583555],[127.6677024,37.0583865],[127.6675538,37.0584311],[127.6675093,37.0584445],[127.667445,37.0584745],[127.6673748,37.0585036],[127.6672662,37.0585485],[127.6670492,37.0586352],[127.6670046,37.0586305],[127.6669198,37.0586673],[127.6668626,37.0586839],[127.6667655,37.0587275],[127.6666515,37.0587705],[127.6665199,37.0588183],[127.6664589,37.0588312],[127.6664025,37.0588401],[127.6663981,37.0588422],[127.6661486,37.0589013],[127.666145,37.0589006],[127.6661434,37.0589007],[127.6660914,37.0589032],[127.6660735,37.0589171],[127.6658991,37.0589572],[127.6657666,37.0589881],[127.6656298,37.059017],[127.6656036,37.0590251],[127.6655905,37.0590335],[127.6655839,37.0590585],[127.6655113,37.0590471],[127.6654318,37.0590207],[127.6653982,37.0590345],[127.6653779,37.0590429],[127.665304,37.0590463],[127.6651379,37.0590546],[127.6651199,37.059042],[127.6650517,37.0590433],[127.6650139,37.0590403],[127.6650171,37.0590391],[127.6649819,37.0590372],[127.6649822,37.0590377],[127.6649453,37.0590347],[127.6648967,37.0590273],[127.664795,37.0590033],[127.6646838,37.0589759],[127.6646406,37.0589729],[127.6646308,37.0589705],[127.6643813,37.0589192],[127.664297,37.0589064],[127.6642417,37.0588987],[127.6641785,37.0588943],[127.6641212,37.0588926],[127.6639873,37.0588949],[127.6639375,37.0588975],[127.6639168,37.0588962],[127.6638169,37.0588984],[127.6638061,37.0589078],[127.6638114,37.0589131],[127.6637946,37.0589178],[127.6637809,37.0589297],[127.6637131,37.0589885],[127.6635785,37.059016],[127.6635085,37.0590359],[127.6634294,37.05906],[127.6631775,37.0591428],[127.6631228,37.0591461],[127.663068,37.0591494],[127.6630476,37.0591556],[127.6630319,37.0591564],[127.6630064,37.0591574],[127.662965,37.0591527],[127.6629721,37.0591655],[127.6624492,37.0593677],[127.6623586,37.0593754],[127.6622656,37.059382],[127.6622504,37.0593702],[127.6621965,37.0594093],[127.6621866,37.0594159],[127.6621194,37.0594236],[127.6621039,37.0594285],[127.6620101,37.0594512],[127.6619289,37.0594718],[127.6619144,37.0594768],[127.6617587,37.0594991],[127.6617009,37.0595034],[127.6608877,37.0594268],[127.6608612,37.0594493],[127.6608597,37.0594479],[127.6607728,37.0594506],[127.6604227,37.0594138],[127.6603946,37.0594084],[127.660373,37.0594011],[127.6602037,37.0593697],[127.6596579,37.0593497],[127.6595409,37.0593379],[127.6591041,37.0592904],[127.6590546,37.0592842],[127.6590061,37.0592683],[127.6589679,37.059266],[127.6589164,37.0592684],[127.6587873,37.059243],[127.6585126,37.0592188],[127.6585113,37.0592186],[127.6581801,37.0591923],[127.6576463,37.0591044],[127.6576193,37.0591064],[127.657457,37.0591134],[127.6573353,37.0591281],[127.6573249,37.0591294],[127.6570436,37.059153],[127.6567459,37.0591781],[127.6561015,37.0592496],[127.6558606,37.0592764],[127.6556273,37.0593022],[127.6550381,37.05942],[127.6549207,37.0594596],[127.6548748,37.0595018],[127.6547374,37.0595571],[127.6541555,37.0598459],[127.6540277,37.0599503],[127.6539324,37.0599899],[127.6538958,37.0599989],[127.6537872,37.0600249],[127.6535991,37.0600376],[127.6531746,37.0600668],[127.6531738,37.0600667],[127.652953,37.0601031],[127.652523,37.0601203],[127.6519698,37.060129],[127.6519032,37.0601301],[127.651459,37.060137],[127.651047,37.0602613],[127.6509513,37.0602946],[127.6509473,37.060289],[127.6509305,37.0603017],[127.6509288,37.0603023],[127.6508791,37.0603192],[127.6508516,37.0603314],[127.6506803,37.0604075],[127.6503852,37.0605386],[127.6502612,37.0605967],[127.6499802,37.060773],[127.6497777,37.0609],[127.6496192,37.0610256],[127.6495932,37.0610362],[127.6495742,37.0610543],[127.6494823,37.0611415],[127.6494062,37.0612037],[127.6493273,37.0612721],[127.6490362,37.0615244],[127.6486231,37.0617881],[127.6484103,37.0618937],[127.6481474,37.0620145],[127.6479834,37.0620657],[127.6479838,37.0620664],[127.6479441,37.0621313],[127.6479271,37.0621593],[127.6477427,37.0622453],[127.647555,37.062363],[127.6474962,37.0624016],[127.6474881,37.0624055],[127.647316,37.062522],[127.6472777,37.0625373],[127.6472436,37.0625648],[127.6472037,37.0625865],[127.6471589,37.0626317],[127.6471435,37.0626435],[127.6470921,37.0626845],[127.6470076,37.0627489],[127.6468146,37.062866],[127.6467104,37.0629189],[127.6466864,37.0629273],[127.6466661,37.0629057],[127.6466437,37.0628996],[127.6466243,37.0629071],[127.6466077,37.0628937],[127.6466072,37.0628933],[127.6465989,37.0628846],[127.6461279,37.0630432],[127.6457956,37.0631872],[127.6455334,37.0632621],[127.6455176,37.063311],[127.6455162,37.0633153],[127.6455008,37.0633626],[127.6453999,37.0633837],[127.6453265,37.0633971],[127.6452348,37.0634096],[127.6450961,37.0634266],[127.6448987,37.0634462],[127.6445694,37.0634706],[127.6443919,37.0634837],[127.6442563,37.0634922],[127.643992,37.0635296],[127.6439651,37.063536],[127.6438765,37.0635662],[127.6438089,37.0635378],[127.6437389,37.0635821],[127.6436963,37.0636016],[127.643594,37.0636543],[127.6435832,37.0636672],[127.6435566,37.0636975],[127.6435233,37.0637257],[127.6434939,37.0637395],[127.6433902,37.0638106],[127.6433548,37.063842],[127.6433399,37.0638608],[127.6433412,37.0638866],[127.6433529,37.0639013],[127.6433494,37.0639166],[127.6432795,37.0639905],[127.6430742,37.0642103],[127.6429241,37.0643805],[127.6426286,37.0645778],[127.6425653,37.0646041],[127.6424599,37.0646533],[127.6423226,37.0647105],[127.6422602,37.064716],[127.642186,37.0647409],[127.6420647,37.0647962],[127.641926,37.0648354],[127.6417616,37.0649299],[127.641607,37.0650646],[127.6414932,37.0652146],[127.6414576,37.0653048],[127.6414242,37.0655179],[127.6414216,37.0655935],[127.641415,37.0656514],[127.6414127,37.0656643],[127.6413983,37.0657167],[127.6413351,37.0657886],[127.6412798,37.06586],[127.6412765,37.0658642],[127.6412558,37.0658908],[127.641175,37.0659987],[127.6411652,37.0660118],[127.6411329,37.0660324],[127.6409824,37.0661282],[127.6409679,37.0661352],[127.6409288,37.0661542],[127.640916,37.0661605],[127.6407752,37.0662114],[127.6406271,37.0662388],[127.6406114,37.0662664],[127.6405597,37.0662791],[127.6404649,37.0663028],[127.6402465,37.0663449],[127.6402173,37.0663318],[127.6401512,37.0663441],[127.6401321,37.0663679],[127.6399368,37.0664074],[127.6396642,37.0664594],[127.6396533,37.0664679],[127.6394774,37.0665025],[127.6392423,37.0665489],[127.6390526,37.0665882],[127.6388794,37.0666191],[127.6387607,37.0666505],[127.6386328,37.0666935],[127.6384826,37.0667649],[127.6383303,37.0668504],[127.6382345,37.0669237],[127.6381533,37.0669795],[127.6380986,37.0670369],[127.6380528,37.0671715],[127.6379963,37.0672516],[127.6379637,37.0673003],[127.6378712,37.0674552],[127.6378561,37.0674745],[127.6378441,37.0675369],[127.63784,37.0675584],[127.6378399,37.0675588],[127.6378394,37.0675616],[127.6378203,37.0676639],[127.6378064,37.0676967],[127.6377954,37.0678746],[127.6377727,37.0679961],[127.6377616,37.0680602],[127.6377396,37.0682193],[127.6377263,37.0682792],[127.6377119,37.0683608],[127.6376895,37.068369],[127.6376854,37.0683702],[127.6376818,37.0683877],[127.6376655,37.0684702],[127.6376491,37.0685476],[127.6376344,37.0686401],[127.6376195,37.0687491],[127.6376077,37.0688239],[127.6376015,37.0689802],[127.6376013,37.0692878],[127.6375947,37.0694623],[127.6375988,37.0694636],[127.6375942,37.0694751],[127.6375901,37.0695823],[127.6375795,37.0696794],[127.6375699,37.069727],[127.6375615,37.0697638],[127.6375311,37.0698435],[127.637499,37.0699173],[127.6374971,37.0699249],[127.6374675,37.0699942],[127.637436,37.0700613],[127.6374199,37.0700698],[127.6373902,37.0700948],[127.637387,37.0700981],[127.6373849,37.0700978],[127.6373614,37.0701324],[127.6373502,37.0701443],[127.6373087,37.0701574],[127.6369561,37.0703683],[127.6365681,37.0706004],[127.6364239,37.0706839],[127.6362248,37.0707725],[127.6361287,37.0708205],[127.6360081,37.0708799],[127.6359895,37.0708867],[127.6358956,37.0709211],[127.6358534,37.0709704],[127.635847,37.0709839],[127.6357662,37.0710319],[127.6357737,37.0710401],[127.635662,37.0711082],[127.6354769,37.0712217],[127.6354553,37.0712304],[127.6353022,37.071323],[127.6352301,37.0713699],[127.6351219,37.0714529],[127.6350577,37.071498],[127.6349925,37.0715467],[127.6349344,37.0715822],[127.6349293,37.0715861],[127.634893,37.0716094],[127.6348042,37.0716813],[127.6347449,37.0717223],[127.6347101,37.0717454],[127.634625,37.0718183],[127.6344592,37.0719292],[127.634396,37.0719853],[127.6343351,37.0720325],[127.6342521,37.0720923],[127.6340555,37.0722209],[127.6339133,37.0723134],[127.6336688,37.0724479],[127.6335404,37.0725091],[127.6335042,37.0725364],[127.6334794,37.0725402],[127.6334,37.0725725],[127.6333228,37.0726012],[127.6332255,37.0726236],[127.6335228,37.0728111],[127.6335624,37.0728299],[127.6335758,37.0728614],[127.6335897,37.0728719],[127.6335961,37.0728627],[127.633679,37.0728038]]],[[[127.6181787,37.0885854],[127.6191931,37.0891055],[127.6191898,37.0891023],[127.6191572,37.0890597],[127.6191267,37.089013],[127.6190932,37.0889435],[127.6190677,37.08888],[127.619046,37.0888073],[127.6190429,37.0887866],[127.6190411,37.0887615],[127.6190397,37.088739],[127.6190434,37.0886599],[127.6190587,37.0885548],[127.6190871,37.0884324],[127.6191375,37.0882569],[127.6192109,37.0880136],[127.6192576,37.0878721],[127.6192757,37.0877766],[127.6192557,37.0877246],[127.619251,37.0877124],[127.6192843,37.0876184],[127.6193206,37.0875295],[127.619382,37.087388],[127.6193717,37.0873798],[127.6193976,37.0873049],[127.6194052,37.087233],[127.6194361,37.0871402],[127.6194614,37.0870782],[127.6194582,37.0870499],[127.6194656,37.0869655],[127.6195256,37.086932],[127.6195304,37.0869294],[127.6195307,37.0869202],[127.6195568,37.0868601],[127.6195265,37.0864795],[127.6195168,37.08648],[127.6195096,37.0864804],[127.6194941,37.0864355],[127.6194264,37.0862398],[127.6194135,37.0862023],[127.6193714,37.0860775],[127.6193561,37.086032],[127.6192935,37.0858463],[127.6191653,37.0855044],[127.6190217,37.0850793],[127.6190073,37.0850371],[127.6190225,37.0850098],[127.6190261,37.0850033],[127.6188295,37.0844043],[127.6187961,37.0843799],[127.618788,37.0843761],[127.6187256,37.0841151],[127.618645,37.0837974],[127.6185943,37.0835802],[127.6185916,37.0835458],[127.6185678,37.0835412],[127.6185564,37.0834937],[127.6184382,37.0829981],[127.6184259,37.0829468],[127.6183438,37.0826026],[127.6183189,37.0825018],[127.6183174,37.0824858],[127.6182511,37.082198],[127.6182383,37.0821497],[127.618229,37.0821275],[127.6181513,37.0817803],[127.6181134,37.0816159],[127.6180493,37.0813386],[127.6180159,37.0812],[127.6179952,37.0811113],[127.6179738,37.0810192],[127.6178735,37.0805936],[127.6178951,37.0805677],[127.6178748,37.0805583],[127.6178715,37.0803622],[127.6179006,37.0801376],[127.6179595,37.0799516],[127.6180546,37.0797691],[127.6181634,37.079604],[127.6182728,37.079501],[127.6184025,37.0794354],[127.6186229,37.0793457],[127.6189799,37.0792476],[127.6190487,37.0792294],[127.6190638,37.0792267],[127.6192633,37.0791814],[127.6192974,37.0791797],[127.6193408,37.0791745],[127.6194516,37.0791297],[127.6195128,37.0791064],[127.6198348,37.0790211],[127.6198479,37.0790136],[127.6201659,37.0789406],[127.620355,37.0788918],[127.6205797,37.0788337],[127.6208647,37.07876],[127.6210675,37.0787312],[127.6210727,37.0787432],[127.6212993,37.0787138],[127.62143,37.0786551],[127.6214397,37.0786505],[127.6215679,37.078632],[127.6216782,37.0786074],[127.6217046,37.0786015],[127.6217189,37.0785971],[127.6218199,37.0785675],[127.6219526,37.0785302],[127.621961,37.0785253],[127.6219752,37.0785238],[127.6220437,37.0785045],[127.6222337,37.0784464],[127.6222977,37.0784245],[127.6225434,37.0784051],[127.6226819,37.0783629],[127.6227988,37.0783308],[127.6231102,37.0782433],[127.6231739,37.0782398],[127.6232959,37.0781911],[127.6233806,37.0781673],[127.6238535,37.0780343],[127.623877,37.0780267],[127.623995,37.0779907],[127.6240188,37.0779835],[127.6240268,37.0779793],[127.6240086,37.077973],[127.6239734,37.0779085],[127.6238422,37.0776722],[127.6237632,37.0775081],[127.6236887,37.0775108],[127.6236586,37.077553],[127.6236214,37.0776193],[127.6236126,37.077635],[127.62356,37.0776796],[127.6235128,37.0776946],[127.6234039,37.0777061],[127.623322,37.0777048],[127.6232528,37.0777364],[127.6231394,37.077748],[127.6230922,37.0777452],[127.6228869,37.0777329],[127.6225813,37.0777442],[127.6225195,37.0777773],[127.6223718,37.0778102],[127.622313,37.0778288],[127.6221371,37.0779255],[127.621961,37.0779911],[127.6218906,37.0780174],[127.6215215,37.0781117],[127.6214647,37.078127],[127.6214128,37.078141],[127.6212729,37.0781845],[127.6210922,37.0782427],[127.6210646,37.0782516],[127.6207518,37.0783417],[127.6206205,37.078414],[127.6205053,37.0784311],[127.620472,37.078432],[127.6204266,37.0784311],[127.6204145,37.0784278],[127.6204025,37.078422],[127.6203799,37.078427],[127.6202432,37.0784574],[127.6200979,37.0784786],[127.6200473,37.0784723],[127.6190902,37.0787476],[127.6188978,37.0788125],[127.6186758,37.0788854],[127.6186726,37.0788864],[127.6185679,37.0789218],[127.6183337,37.079021],[127.6182535,37.079055],[127.6180592,37.0791377],[127.6180279,37.0791512],[127.6180143,37.0791581],[127.6179871,37.0791596],[127.6179309,37.0791626],[127.6179122,37.0791665],[127.6179083,37.079195],[127.6179081,37.0791985],[127.6178036,37.0793003],[127.6177916,37.079311],[127.6177938,37.0793126],[127.6178073,37.0793225],[127.6177536,37.0793727],[127.6176022,37.079521],[127.6175127,37.079639],[127.6174263,37.0797987],[127.6173221,37.0800339],[127.6172836,37.080292],[127.6173029,37.0804178],[127.6173507,37.0805971],[127.6174299,37.0809536],[127.6174498,37.0810265],[127.6175284,37.0813739],[127.6176299,37.081823],[127.6176575,37.0819621],[127.6176832,37.0820918],[127.6177219,37.0822628],[127.6177417,37.0823163],[127.6177768,37.0824828],[127.6177995,37.0825907],[127.6178475,37.0828181],[127.6178507,37.0828491],[127.617911,37.0831466],[127.6179942,37.083557],[127.6180857,37.0839811],[127.6181191,37.0841282],[127.6181352,37.084193],[127.618136,37.0841977],[127.6181803,37.0844365],[127.6182239,37.084637],[127.6182551,37.0847528],[127.6183361,37.0849609],[127.6183809,37.0851177],[127.6183857,37.0851106],[127.6184298,37.0851792],[127.6184847,37.0853188],[127.6185292,37.0854548],[127.6185674,37.0855495],[127.6186194,37.0857125],[127.6186808,37.0859163],[127.6186846,37.0859434],[127.618706,37.0859818],[127.6187487,37.0861093],[127.6187835,37.0861989],[127.6187776,37.0862464],[127.6187845,37.0862569],[127.6187913,37.0862706],[127.6188043,37.0863052],[127.6188198,37.0863494],[127.6188412,37.0864089],[127.6188532,37.0864624],[127.618862,37.0865278],[127.6188691,37.0865904],[127.6188509,37.0866374],[127.6188671,37.0867397],[127.6188727,37.0868422],[127.6188838,37.0869727],[127.6188735,37.0870405],[127.6188897,37.0870421],[127.6188719,37.0870509],[127.6188579,37.0871428],[127.6188239,37.0872953],[127.6187959,37.0873691],[127.6187779,37.0874125],[127.6187563,37.0874501],[127.6187267,37.0874793],[127.6187139,37.0874875],[127.6186726,37.0875143],[127.6186515,37.0875221],[127.6186329,37.0875144],[127.6186058,37.0875684],[127.6185486,37.0876271],[127.6185469,37.0876353],[127.6184532,37.087796],[127.6184376,37.087814],[127.6185637,37.0879587],[127.6184611,37.0881435],[127.6184172,37.0882246],[127.6183819,37.0882866],[127.618254,37.0885115],[127.6182228,37.088549],[127.6181791,37.0885851],[127.6181787,37.0885854]]]]}},{"type":"Feature","properties":{"admin_code":"43110","admin_name":"청주시","river_name":"산막천","source_record_count":1,"latest_notice_date":"","area_m2":59536.62,"perimeter_m":8049.46,"width_proxy_m":14.79,"width_class":"medium","center_lon":127.3998191,"center_lat":36.5555458,"candidate_rank":5},"geometry":{"type":"Polygon","coordinates":[[[127.3729625,36.560073],[127.3730337,36.5601047],[127.3731429,36.5601549],[127.3737386,36.5601653],[127.3742694,36.5601919],[127.3746709,36.5602081],[127.3750048,36.5602146],[127.3753679,36.5603482],[127.3757441,36.5605073],[127.376213,36.560781],[127.3764632,36.5609352],[127.3764984,36.5611904],[127.3765073,36.5612077],[127.3765065,36.5612468],[127.3765328,36.5613604],[127.3765879,36.5614981],[127.3766544,36.5616644],[127.3768047,36.5617373],[127.376807,36.5617375],[127.3768574,36.5617425],[127.3768995,36.5617455],[127.3770084,36.5617471],[127.3771379,36.5617338],[127.3772687,36.5617061],[127.3774294,36.561663],[127.3775317,36.5616283],[127.3775638,36.561615],[127.3776618,36.5615696],[127.3777706,36.5615303],[127.3777825,36.5615298],[127.3778825,36.5614919],[127.3779089,36.5614794],[127.3779104,36.5614777],[127.3779348,36.5614628],[127.377935,36.5614627],[127.3779459,36.5614771],[127.3780074,36.5614546],[127.3780158,36.5614529],[127.3780266,36.5614505],[127.3780373,36.561448],[127.378048,36.5614453],[127.3780585,36.5614425],[127.3780691,36.5614394],[127.3780795,36.5614362],[127.3780899,36.5614329],[127.3781002,36.5614294],[127.3781104,36.5614257],[127.3781205,36.5614219],[127.3781305,36.5614179],[127.3781405,36.5614138],[127.3781503,36.5614095],[127.37816,36.5614051],[127.3781696,36.5614005],[127.3781792,36.5613958],[127.3781886,36.5613909],[127.3787556,36.561091],[127.3789239,36.5609645],[127.3789655,36.5609344],[127.3789875,36.5609537],[127.379153,36.5608256],[127.3794103,36.5605774],[127.3794879,36.5605109],[127.3795214,36.5604814],[127.3795615,36.5604522],[127.3795877,36.5604363],[127.3796349,36.5604201],[127.3796742,36.5604147],[127.3797184,36.560414],[127.3797594,36.5604204],[127.3798084,36.5604357],[127.3799257,36.5604848],[127.3799901,36.5605144],[127.3799915,36.560522],[127.3800524,36.5605236],[127.3803258,36.5606049],[127.3805069,36.5606478],[127.3806084,36.5606618],[127.3806474,36.5606935],[127.3806758,36.5607259],[127.3808098,36.5607724],[127.3809564,36.5608158],[127.3814754,36.5609818],[127.3816431,36.5610102],[127.3816938,36.5610054],[127.3817153,36.5609943],[127.3817904,36.5609797],[127.3819157,36.5609419],[127.3820131,36.5609277],[127.3821036,36.5609126],[127.382282,36.560882],[127.3822849,36.5608768],[127.3825504,36.5608814],[127.3825947,36.5608875],[127.3826242,36.5608952],[127.3827128,36.5609329],[127.3828038,36.5609713],[127.3828261,36.5609845],[127.3828573,36.5610088],[127.3828596,36.5610068],[127.3828874,36.561002],[127.3829702,36.5609934],[127.3830912,36.5609541],[127.383194,36.5608987],[127.38324,36.5608761],[127.3832658,36.5608574],[127.3832997,36.5608357],[127.3833157,36.5608255],[127.3833219,36.5608263],[127.3833732,36.5607485],[127.3833668,36.5607465],[127.3833803,36.5607051],[127.3833869,36.5607032],[127.3835126,36.5606125],[127.3835378,36.5605694],[127.3835394,36.5605669],[127.383554,36.5605636],[127.3836525,36.5604624],[127.3836627,36.5604599],[127.3836796,36.5603992],[127.3836958,36.5603458],[127.3837193,36.5602891],[127.3837404,36.5602461],[127.3837777,36.5601052],[127.383785,36.5600608],[127.3838024,36.5599502],[127.3837846,36.5597257],[127.3837674,36.55964],[127.3837789,36.5596011],[127.383871,36.5595865],[127.3841524,36.5595785],[127.3842238,36.5595825],[127.3842505,36.5595956],[127.3843072,36.5595771],[127.3843136,36.559555],[127.3843498,36.5595331],[127.3844327,36.5595328],[127.3845982,36.5595499],[127.3846571,36.5595588],[127.3846967,36.5595656],[127.3848572,36.5596187],[127.3849508,36.5596442],[127.3850824,36.5596793],[127.3851143,36.5596855],[127.3855062,36.5597257],[127.385656,36.5597556],[127.38573,36.559747],[127.3857556,36.5597303],[127.3857974,36.5597226],[127.385808,36.5597166],[127.3858732,36.5596756],[127.3860248,36.5595651],[127.3862503,36.5593811],[127.3863616,36.5593017],[127.3867619,36.5589687],[127.3868367,36.5588995],[127.3868427,36.5588914],[127.3869702,36.5586704],[127.3871006,36.5583979],[127.387132,36.5583487],[127.3871575,36.5582944],[127.3871529,36.5582842],[127.3871607,36.5582274],[127.3871696,36.5581779],[127.3872027,36.5581282],[127.3872603,36.5580732],[127.3872801,36.5580599],[127.3873097,36.5580456],[127.387381,36.5580202],[127.3874648,36.5580014],[127.3875627,36.5579904],[127.3877085,36.5579849],[127.3877893,36.5579962],[127.3879325,36.5580348],[127.3881092,36.5580907],[127.3882127,36.5581315],[127.3882859,36.5581625],[127.3884224,36.5582272],[127.3887395,36.5583751],[127.3888284,36.5584105],[127.3889227,36.5584441],[127.3892177,36.5585563],[127.3893474,36.5585919],[127.3893809,36.5586191],[127.3894304,36.5586463],[127.3894972,36.5586632],[127.3895432,36.5586814],[127.3897635,36.5588014],[127.3898162,36.5588118],[127.389913,36.5588872],[127.3900116,36.5589779],[127.3900187,36.5589855],[127.3900539,36.5590014],[127.3901199,36.5590598],[127.3901846,36.5590603],[127.3902078,36.5590794],[127.3903953,36.5591893],[127.3904942,36.5592369],[127.3906223,36.5592784],[127.3907251,36.5593036],[127.3908309,36.5593112],[127.3908951,36.5593205],[127.3909693,36.5593254],[127.3910912,36.5593225],[127.3911978,36.5593132],[127.3914206,36.5592894],[127.3918022,36.5592438],[127.3918422,36.5592361],[127.3918897,36.5592482],[127.3919509,36.5592338],[127.3920406,36.559219],[127.3920731,36.5592093],[127.3921194,36.5591898],[127.3921819,36.5591555],[127.3922227,36.5591263],[127.3922663,36.559087],[127.3923257,36.5590241],[127.392391,36.5589556],[127.3924184,36.5589275],[127.3925168,36.5588124],[127.392583,36.5587397],[127.3926397,36.558679],[127.3926543,36.5586626],[127.3927025,36.5586355],[127.3927483,36.5586076],[127.3928475,36.5585445],[127.3929432,36.558492],[127.39303,36.5584631],[127.3931257,36.5584603],[127.3932123,36.5584781],[127.3933287,36.558504],[127.3934164,36.5585407],[127.3934367,36.558563],[127.3934408,36.5585674],[127.3935025,36.5585731],[127.3935038,36.5585732],[127.3936643,36.5586012],[127.3936949,36.5586049],[127.3938862,36.5586278],[127.3938945,36.5586287],[127.3939589,36.5586312],[127.3942188,36.5586703],[127.3943722,36.5586988],[127.3943831,36.558687],[127.3944381,36.5586946],[127.3944478,36.5586992],[127.3944922,36.5587101],[127.3945769,36.5587272],[127.3946174,36.5587186],[127.3947814,36.5587351],[127.394909,36.5587499],[127.3951817,36.5587733],[127.3954147,36.5587852],[127.3956381,36.558759],[127.3958689,36.5587521],[127.395937,36.5587554],[127.3959398,36.5587534],[127.3960615,36.5587508],[127.3961,36.5587561],[127.3961498,36.5587766],[127.3961677,36.558784],[127.3962059,36.558782],[127.3962554,36.5587881],[127.3963242,36.5588065],[127.3963763,36.5588038],[127.3964232,36.5588114],[127.3965048,36.5588255],[127.3966172,36.5588519],[127.3967211,36.5588714],[127.3968377,36.5588873],[127.3969664,36.5588978],[127.3972611,36.5589028],[127.3975171,36.5589088],[127.3975613,36.5589111],[127.3975953,36.5589015],[127.3976286,36.558899],[127.3977086,36.5588924],[127.3977528,36.558864],[127.3978095,36.5589214],[127.397905,36.5588651],[127.3979745,36.5587853],[127.397977,36.5587791],[127.3980172,36.5587353],[127.3980508,36.5586817],[127.3982213,36.5582356],[127.3982517,36.5580699],[127.3982519,36.5580415],[127.3982634,36.5580102],[127.3982605,36.5579073],[127.398259,36.5578141],[127.3983001,36.557719],[127.3983797,36.5576089],[127.3984871,36.5575362],[127.3986164,36.5574777],[127.3987758,36.5573953],[127.3989354,36.5573358],[127.399052,36.5573322],[127.3991259,36.5573057],[127.3992178,36.5572544],[127.399226,36.5571868],[127.3992535,36.5571376],[127.3993102,36.5570117],[127.3993582,36.5569276],[127.3993853,36.556845],[127.3994488,36.5567654],[127.3994722,36.5567285],[127.3995671,36.5566298],[127.3996135,36.5564903],[127.3996595,36.5563873],[127.3997106,36.5562482],[127.3997702,36.5562004],[127.3998487,36.5561754],[127.3998834,36.5561748],[127.3998975,36.5561369],[127.399885,36.556107],[127.3999032,36.5559074],[127.3998716,36.5558178],[127.3998733,36.5557223],[127.3998778,36.5557086],[127.3998945,36.5556588],[127.3999293,36.55563],[127.3998852,36.5555946],[127.3998765,36.5555735],[127.3998575,36.5555271],[127.3998464,36.5554845],[127.3998344,36.5554382],[127.3998057,36.5553513],[127.399783,36.5552793],[127.3997728,36.5551963],[127.3997327,36.5550774],[127.3997301,36.5548835],[127.3997302,36.5547927],[127.3996664,36.5546468],[127.3995922,36.5545576],[127.3995684,36.5545297],[127.399464,36.5544617],[127.3993919,36.5543891],[127.399385,36.5543702],[127.3994329,36.5543041],[127.3995832,36.5541689],[127.3996242,36.5541075],[127.3997326,36.5540338],[127.3998015,36.5539956],[127.3998333,36.5539482],[127.3999349,36.5538657],[127.3999765,36.5538134],[127.4000146,36.553745],[127.400036,36.5536744],[127.4000195,36.5536566],[127.4000037,36.5536396],[127.3999904,36.5535762],[127.3999691,36.5535625],[127.3999421,36.5535138],[127.3999364,36.5534851],[127.3999206,36.5534058],[127.3999365,36.5532648],[127.3999277,36.5532198],[127.399915,36.5531489],[127.3999097,36.5531196],[127.3998907,36.5530731],[127.3998555,36.5530289],[127.3998549,36.5530283],[127.3998428,36.553013],[127.3998171,36.5529909],[127.3997418,36.552926],[127.399662,36.5528191],[127.3996422,36.5526949],[127.3996627,36.552666],[127.3997642,36.5525229],[127.3997672,36.5525185],[127.3998396,36.5524508],[127.3998718,36.5523958],[127.3998653,36.5523591],[127.3999035,36.5523283],[127.3998664,36.5522912],[127.3998312,36.5522687],[127.399793,36.5522262],[127.3997455,36.5521831],[127.3997382,36.5521569],[127.3997994,36.5520896],[127.3999353,36.5520618],[127.4000369,36.5519916],[127.4000786,36.5518758],[127.4001852,36.5517461],[127.4001993,36.5516244],[127.4002023,36.5514894],[127.4002174,36.5513982],[127.4001946,36.5513312],[127.400162,36.5512816],[127.4000428,36.5512297],[127.3999586,36.5511708],[127.3999579,36.5511693],[127.3999555,36.5511489],[127.3999691,36.5511098],[127.3999922,36.5510599],[127.4000584,36.5509955],[127.4000954,36.5509865],[127.4001608,36.5509976],[127.4002107,36.5509862],[127.4003004,36.5509898],[127.4003743,36.5509803],[127.4004356,36.5509545],[127.4004868,36.5509318],[127.400501,36.5508969],[127.4005321,36.5508414],[127.4005365,36.5506425],[127.4005162,36.5506113],[127.4004935,36.5505405],[127.4004777,36.5505168],[127.4004487,36.5504406],[127.4003989,36.5502546],[127.4003925,36.5502394],[127.4003675,36.5501842],[127.4003702,36.5501612],[127.4003784,36.5501322],[127.4004117,36.5500961],[127.4004509,36.5500742],[127.4004642,36.5500457],[127.4005007,36.5499877],[127.4005176,36.5499576],[127.400532,36.5499391],[127.4005602,36.5498692],[127.4005504,36.5498061],[127.400582,36.5496573],[127.4005996,36.549613],[127.4006131,36.5495793],[127.4006352,36.5495309],[127.4006688,36.5495165],[127.4006846,36.5494416],[127.4006995,36.5493958],[127.4007229,36.5493234],[127.4006407,36.5493162],[127.4006251,36.5493349],[127.4006197,36.5493867],[127.4005923,36.5494139],[127.4005623,36.5494368],[127.4005091,36.5495241],[127.4004734,36.5496244],[127.4004512,36.5497101],[127.4004404,36.5497695],[127.4004425,36.5498161],[127.4004414,36.5498463],[127.4004337,36.5498812],[127.4004132,36.5499324],[127.4004003,36.549956],[127.4003591,36.5499914],[127.4002837,36.5500413],[127.4002741,36.5500453],[127.4002497,36.5500661],[127.40023,36.5500875],[127.4002201,36.5501147],[127.400227,36.5501447],[127.4002351,36.5501686],[127.4002619,36.5501763],[127.4002807,36.550228],[127.4003089,36.5502927],[127.4003477,36.5503762],[127.4003778,36.5504949],[127.4003795,36.5505217],[127.400362,36.5505653],[127.40039,36.5505948],[127.4004083,36.5506485],[127.400424,36.5507414],[127.4004217,36.550838],[127.4004095,36.55086],[127.4003798,36.5508821],[127.4003253,36.550899],[127.4002734,36.5509019],[127.4002098,36.5509001],[127.4001598,36.5508955],[127.4000984,36.5508888],[127.4000922,36.5508906],[127.4000634,36.550897],[127.4000296,36.5509044],[127.3999848,36.5509239],[127.3999564,36.550947],[127.3999123,36.5509934],[127.3998894,36.5510452],[127.3998674,36.5510988],[127.3998496,36.5511425],[127.3998501,36.551182],[127.3998865,36.5512076],[127.3999056,36.5512214],[127.3999495,36.5512502],[127.4000042,36.5512646],[127.4000875,36.5512938],[127.4000909,36.5513007],[127.4000945,36.5513221],[127.4001202,36.5513667],[127.400137,36.5514309],[127.4001427,36.5514611],[127.4001418,36.5514839],[127.4001377,36.551526],[127.4001323,36.5515435],[127.4001195,36.551582],[127.4001227,36.5516211],[127.4001174,36.551657],[127.400104,36.5517134],[127.4000998,36.5517368],[127.4000833,36.5517727],[127.4000566,36.5518155],[127.4000463,36.551839],[127.4000344,36.5518532],[127.4000307,36.5518598],[127.400009,36.5518857],[127.3999698,36.5519222],[127.3999492,36.5519421],[127.3999185,36.551994],[127.3998766,36.5520203],[127.3998384,36.5520304],[127.3997777,36.5520386],[127.3997234,36.5520449],[127.3996848,36.5520685],[127.3996622,36.5520934],[127.3996474,36.5521274],[127.3996406,36.5521691],[127.39965,36.5522105],[127.3996644,36.5522281],[127.3997091,36.5522617],[127.3997363,36.5522779],[127.3997387,36.5522805],[127.3997496,36.5523066],[127.3997574,36.5523398],[127.3997425,36.5523597],[127.3997168,36.5523926],[127.3996838,36.5524311],[127.3996587,36.5524571],[127.3996297,36.5524755],[127.3996066,36.5525114],[127.3995777,36.5525105],[127.3995156,36.5525784],[127.3995147,36.5526021],[127.3994955,36.5526341],[127.3994566,36.552678],[127.3994598,36.5527352],[127.399473,36.5528092],[127.3994748,36.5528249],[127.3994794,36.5528409],[127.3994881,36.552856],[127.3994986,36.5528673],[127.3995145,36.5528817],[127.3995629,36.5529234],[127.3995642,36.5529463],[127.3996406,36.5529925],[127.3996586,36.5530286],[127.3996829,36.553041],[127.3997097,36.5530533],[127.3997925,36.5531272],[127.3998277,36.5531698],[127.3998336,36.5532201],[127.3998448,36.5533159],[127.3998448,36.5533327],[127.3998351,36.5533651],[127.3998339,36.5533943],[127.3998347,36.553444],[127.3998382,36.553483],[127.3998435,36.5535074],[127.3998569,36.553551],[127.3998625,36.5535649],[127.3998707,36.5536278],[127.3999173,36.5536788],[127.3999306,36.5537273],[127.3999156,36.5537764],[127.399797,36.5538747],[127.3996932,36.5539335],[127.399585,36.5540014],[127.3995661,36.5540325],[127.3995126,36.5540837],[127.3994849,36.554112],[127.3994791,36.5541251],[127.3994812,36.5541369],[127.3994547,36.5541811],[127.3994544,36.5541812],[127.3994102,36.5542286],[127.399384,36.5542568],[127.399298,36.5543244],[127.3992607,36.5543288],[127.3992427,36.5544064],[127.3992984,36.5544351],[127.3993151,36.5544437],[127.3994029,36.5545185],[127.3995252,36.5546231],[127.3995887,36.5546959],[127.3996127,36.5547534],[127.3996314,36.55491],[127.3996463,36.5550091],[127.3996628,36.5551544],[127.3997004,36.5552762],[127.3997301,36.5553767],[127.3997419,36.5554455],[127.3997469,36.5554511],[127.3997632,36.5554898],[127.3997704,36.5555074],[127.3997743,36.5555644],[127.3997732,36.5556327],[127.3997723,36.5556569],[127.399774,36.5557254],[127.399788,36.5558022],[127.3997875,36.5558121],[127.3997887,36.5558641],[127.3997278,36.5560697],[127.3997065,36.5560916],[127.3996341,36.5561281],[127.3996063,36.5561759],[127.3996139,36.5561953],[127.3995939,36.5562738],[127.3995436,36.5564096],[127.3994494,36.5565734],[127.3993238,36.5566685],[127.399292,36.5567281],[127.3992763,36.5568029],[127.3992705,36.5568604],[127.3992506,36.5569164],[127.3991668,36.5570642],[127.3991444,36.5571574],[127.3991159,36.5572133],[127.3990633,36.5572449],[127.3990519,36.5572523],[127.3990118,36.5572742],[127.3990015,36.5572785],[127.3987759,36.5572817],[127.3987661,36.5572881],[127.3987056,36.5573015],[127.3986456,36.5572876],[127.3985264,36.5573534],[127.3983674,36.5574652],[127.3982137,36.5575921],[127.398216,36.5575988],[127.3982035,36.5576138],[127.3981683,36.5576553],[127.398128,36.5577277],[127.398104,36.5577707],[127.3980955,36.5579091],[127.3980904,36.5580043],[127.3980863,36.5580094],[127.398075,36.5581601],[127.3980502,36.5582427],[127.3979449,36.5585135],[127.3979256,36.5585424],[127.3979171,36.5585552],[127.3979106,36.5585704],[127.3978842,36.558608],[127.3977857,36.558754],[127.3977629,36.5587878],[127.397762,36.5587892],[127.3976293,36.5587973],[127.3974273,36.5587747],[127.3973381,36.5587729],[127.3973381,36.5587732],[127.3972577,36.5587735],[127.3971333,36.5587828],[127.3969762,36.5587933],[127.3968514,36.5587856],[127.3967618,36.5587704],[127.3966988,36.5587568],[127.3965859,36.5587334],[127.3965076,36.5587158],[127.3964293,36.5586965],[127.3963856,36.5586847],[127.3963186,36.5586562],[127.3961125,36.5585649],[127.395967,36.5585451],[127.3958566,36.5585523],[127.3957438,36.5585819],[127.3956308,36.558595],[127.3955931,36.5585793],[127.3954409,36.5585155],[127.3953619,36.5585108],[127.3952163,36.5585672],[127.3949963,36.5585847],[127.3949065,36.5585837],[127.3946592,36.5585802],[127.3941142,36.5585193],[127.3939085,36.5584677],[127.3938879,36.5584634],[127.3936956,36.558396],[127.3936775,36.5583897],[127.3935062,36.5583672],[127.3934852,36.5583645],[127.3934431,36.5583672],[127.3933471,36.5583471],[127.393297,36.5583409],[127.3931834,36.5583278],[127.393014,36.5583268],[127.3929405,36.55834],[127.3928939,36.5583487],[127.3928768,36.5583616],[127.3928632,36.5583735],[127.3927965,36.5584119],[127.3926888,36.5584074],[127.3926378,36.5584351],[127.3926113,36.5584636],[127.3925774,36.558488],[127.3924413,36.5586253],[127.392308,36.5587736],[127.3922964,36.5587917],[127.3922704,36.5588103],[127.3922146,36.558882],[127.3921653,36.5589477],[127.3921578,36.5589516],[127.3921515,36.5589585],[127.3921046,36.5589982],[127.3920495,36.5590296],[127.3920065,36.5590354],[127.3919133,36.5590724],[127.3918628,36.5590849],[127.3917936,36.5590948],[127.391515,36.5591234],[127.3914279,36.559132],[127.3913451,36.559135],[127.3912333,36.5591406],[127.3913048,36.5591813],[127.3913217,36.559196],[127.3912604,36.559216],[127.3911319,36.5592373],[127.391077,36.5592348],[127.3909839,36.5592249],[127.3909713,36.5592233],[127.3908939,36.559225],[127.3908125,36.5592217],[127.3906766,36.5591984],[127.3905693,36.5591652],[127.3904447,36.5591024],[127.3903945,36.5590778],[127.3903801,36.5590661],[127.3903785,36.5590617],[127.3903519,36.5590432],[127.3903483,36.5590411],[127.3903201,36.5590244],[127.3902719,36.558987],[127.3902029,36.558925],[127.3901169,36.5588681],[127.3900903,36.5588513],[127.3900923,36.5588439],[127.3900275,36.5587941],[127.3900181,36.5587649],[127.3899911,36.5587529],[127.389912,36.5586918],[127.3898894,36.5586749],[127.38982,36.5586313],[127.3897771,36.558605],[127.3897446,36.5585871],[127.3896095,36.5585273],[127.3895208,36.5584935],[127.3892454,36.5583914],[127.3891313,36.5583401],[127.389092,36.5583344],[127.3890024,36.5583249],[127.3889576,36.5583037],[127.3889552,36.5583015],[127.3889005,36.5582775],[127.3888457,36.5582576],[127.3885116,36.5581148],[127.388252,36.5580044],[127.388196,36.5579799],[127.3879863,36.5579171],[127.3878703,36.5578842],[127.3878586,36.557882],[127.3878553,36.5578832],[127.3878522,36.5578808],[127.387825,36.5578756],[127.3877832,36.5578687],[127.3876274,36.5578519],[127.3874298,36.5578553],[127.3873176,36.5578789],[127.387135,36.5579671],[127.3870677,36.5580156],[127.3870572,36.5580253],[127.3870157,36.5580689],[127.3870107,36.5580838],[127.3870002,36.5580852],[127.3869441,36.5582728],[127.3869395,36.5582864],[127.3869571,36.5582963],[127.3869553,36.5583416],[127.3869131,36.5583779],[127.3869119,36.5583896],[127.3868663,36.5584951],[127.3868116,36.5586037],[127.3867943,36.5586404],[127.3867721,36.5586823],[127.3867339,36.5587431],[127.3866888,36.5588071],[127.3866546,36.5588471],[127.3866319,36.5588697],[127.3865692,36.5589253],[127.3865237,36.5589635],[127.3864236,36.5590422],[127.3861302,36.559285],[127.385838,36.5595127],[127.3858117,36.5595066],[127.3858097,36.5594796],[127.3858008,36.5594713],[127.3856997,36.5595016],[127.3856717,36.55951],[127.385541,36.5595163],[127.385506,36.5595172],[127.3853728,36.5595072],[127.3852922,36.5595012],[127.3851288,36.5594849],[127.3849646,36.5594875],[127.3848043,36.5594778],[127.3847614,36.5594709],[127.3846874,36.5594524],[127.3845816,36.5594326],[127.3844833,36.5594219],[127.3843513,36.5594081],[127.3842997,36.5593897],[127.3836761,36.5594024],[127.3835693,36.5594306],[127.3835242,36.5594705],[127.383547,36.5595473],[127.383576,36.5596057],[127.3835636,36.559694],[127.3835514,36.5597185],[127.3835518,36.5597303],[127.3835511,36.5597774],[127.3835627,36.5599614],[127.3835661,36.5600267],[127.3835586,36.5601194],[127.3835442,36.5601573],[127.383539,36.5601825],[127.3834917,36.5602545],[127.3834289,36.5603366],[127.3833834,36.5603783],[127.383354,36.5604015],[127.3832802,36.5604539],[127.3832692,36.5604639],[127.3832727,36.56048],[127.3833344,36.5605045],[127.383236,36.5606057],[127.3832154,36.5606669],[127.383143,36.5607729],[127.3830755,36.5607784],[127.3830585,36.5607863],[127.3829413,36.5608158],[127.3828795,36.560816],[127.3828251,36.5608022],[127.3826893,36.560749],[127.382668,36.5607417],[127.3826099,36.5607358],[127.3825984,36.5607365],[127.3825842,36.5607345],[127.3825701,36.560733],[127.3825428,36.560729],[127.3822734,36.5607426],[127.3822172,36.5607433],[127.3822077,36.5607427],[127.3822045,36.5607433],[127.3820017,36.5607845],[127.3818001,36.5607965],[127.3816069,36.5607715],[127.3814588,36.560754],[127.3812306,36.560719],[127.3811397,36.5607006],[127.3811444,36.5606908],[127.3810119,36.5606498],[127.3804921,36.5604752],[127.3803569,36.5604423],[127.3801943,36.5604013],[127.3800764,36.5603718],[127.3800186,36.5603547],[127.3797781,36.560284],[127.3797189,36.5602728],[127.3796154,36.5602523],[127.3796129,36.5602525],[127.3796018,36.5602538],[127.3795909,36.5602553],[127.3795799,36.5602572],[127.3795691,36.5602595],[127.3795584,36.5602621],[127.3795479,36.5602651],[127.3795375,36.5602683],[127.379386,36.5603391],[127.3792955,36.5603996],[127.3788219,36.5608082],[127.3787804,36.5608384],[127.3785436,36.5610106],[127.3784988,36.561041],[127.378342,36.5611295],[127.3783094,36.5611442],[127.378168,36.5612056],[127.3780557,36.5612499],[127.3779592,36.5612742],[127.3778996,36.5612975],[127.3779146,36.561343],[127.3778605,36.5613655],[127.3778274,36.5613725],[127.3777048,36.5614236],[127.3776443,36.5614475],[127.3775848,36.5614626],[127.3775805,36.5614843],[127.3775864,36.5615141],[127.3774744,36.5615548],[127.3773864,36.561572],[127.3772496,36.5616102],[127.3771905,36.5616235],[127.3771224,36.5616379],[127.3770275,36.5616526],[127.3769368,36.5616577],[127.3768792,36.561656],[127.3768285,36.5616422],[127.3767881,36.5616161],[127.376755,36.5615804],[127.376702,36.5615037],[127.3766829,36.5614353],[127.3767113,36.5614138],[127.3767286,36.5610582],[127.3767404,36.5610398],[127.3767272,36.561014],[127.3766883,36.5609101],[127.3766742,36.5608556],[127.3766722,36.5608099],[127.3766277,36.5607539],[127.3765687,36.5607283],[127.3764032,36.5606373],[127.376249,36.5605621],[127.376,36.5604459],[127.3758349,36.5603694],[127.3756537,36.5602915],[127.3755092,36.5602345],[127.3752928,36.5601558],[127.3751262,36.5600995],[127.3749335,36.5600387],[127.3747932,36.5600021],[127.3746637,36.5599856],[127.374528,36.5599736],[127.3744952,36.5599725],[127.3744778,36.559974],[127.3744608,36.5599793],[127.3744688,36.56],[127.3743613,36.5599999],[127.374018,36.5600183],[127.3740181,36.560018],[127.3737485,36.5600304],[127.3735694,36.5600391],[127.3735694,36.5600392],[127.3731654,36.5600646],[127.3729625,36.560073]]]}},{"type":"Feature","properties":{"admin_code":"43740","admin_name":"영동군","river_name":"자계천","source_record_count":1,"latest_notice_date":"20190826","area_m2":172804.59,"perimeter_m":17397.57,"width_proxy_m":19.87,"width_class":"wide","center_lon":127.7463927,"center_lat":36.0528698,"candidate_rank":6},"geometry":{"type":"Polygon","coordinates":[[[127.7723774,36.0668464],[127.772377,36.0668476],[127.7723991,36.0668927],[127.7724096,36.0669082],[127.7724446,36.0669436],[127.7724823,36.0669782],[127.7725235,36.0670055],[127.7726492,36.0670942],[127.7727336,36.0671463],[127.772809,36.0671899],[127.7728807,36.067234],[127.7729621,36.067276],[127.7730803,36.0673309],[127.7731738,36.0673687],[127.7733542,36.0674262],[127.7734944,36.0675704],[127.7736274,36.0677582],[127.7737329,36.0678838],[127.773949,36.0680501],[127.7741023,36.0681189],[127.7741789,36.0681401],[127.7742158,36.0681414],[127.7742419,36.0681403],[127.7742819,36.0681332],[127.7743221,36.0681215],[127.7743511,36.0681104],[127.7744046,36.0680931],[127.7744364,36.0680569],[127.7745409,36.0678971],[127.7745955,36.0677814],[127.7748119,36.0675754],[127.7750043,36.0675091],[127.7752603,36.0675266],[127.7755044,36.0676496],[127.7757047,36.0677357],[127.775772,36.0677795],[127.7758555,36.0679773],[127.7758713,36.0680888],[127.7758532,36.0681252],[127.7758771,36.0682859],[127.7759623,36.068469],[127.7760815,36.0687638],[127.7762341,36.068931],[127.7763923,36.068841],[127.7761786,36.0686629],[127.7761071,36.0685188],[127.7760076,36.0681831],[127.7760054,36.0680805],[127.7760021,36.0678378],[127.7759262,36.0677388],[127.7757614,36.0676677],[127.7754402,36.0674419],[127.7752641,36.0674261],[127.7749736,36.0674195],[127.7748491,36.0674556],[127.7746829,36.067576],[127.7746046,36.0676345],[127.7745311,36.0677055],[127.7744923,36.0677802],[127.7743801,36.0679422],[127.7742728,36.0680443],[127.7741834,36.0680201],[127.7741643,36.0679622],[127.7741387,36.0679532],[127.7739827,36.0678639],[127.7738355,36.067798],[127.7737829,36.0677405],[127.773725,36.0676449],[127.7737199,36.067619],[127.7736706,36.0675735],[127.7736172,36.0675518],[127.7735613,36.0674661],[127.773478,36.0673909],[127.7734247,36.067365],[127.7732904,36.0673258],[127.773132,36.0672856],[127.7729338,36.0671831],[127.7728082,36.0671191],[127.7727127,36.0670662],[127.7726865,36.0670492],[127.7725628,36.0669595],[127.7725226,36.0669105],[127.7724619,36.0668338],[127.7724358,36.0667843],[127.7724101,36.0667395],[127.7723453,36.0666789],[127.7723236,36.0666626],[127.7722974,36.0666475],[127.77224,36.0666191],[127.7721887,36.0665943],[127.7720955,36.0665513],[127.7720436,36.0665265],[127.7720093,36.0665064],[127.7719735,36.066484],[127.7719098,36.0664391],[127.7718423,36.0663962],[127.7717949,36.0663558],[127.7717766,36.0663186],[127.7717427,36.0662494],[127.7717128,36.0661883],[127.7716944,36.066151],[127.7716526,36.0661071],[127.7716303,36.0660878],[127.7716284,36.0660827],[127.7715725,36.066032],[127.7715472,36.0660164],[127.7715103,36.0660037],[127.771431,36.0659801],[127.7713822,36.065966],[127.771312,36.0659531],[127.7712792,36.0659498],[127.7712397,36.0659468],[127.7712048,36.065946],[127.7711488,36.065949],[127.7711089,36.0659569],[127.771071,36.0659689],[127.7710229,36.0659894],[127.7709939,36.0660078],[127.77097,36.0660075],[127.7709429,36.0659947],[127.7709355,36.0659805],[127.7708828,36.0659215],[127.7708446,36.0659045],[127.7707669,36.0658078],[127.7707026,36.0657168],[127.7706724,36.0656579],[127.7706564,36.0656179],[127.7706388,36.0655637],[127.7705536,36.0654968],[127.7705254,36.0654656],[127.7704795,36.0653537],[127.7702498,36.0653325],[127.7701699,36.0653424],[127.770087,36.0653736],[127.7699914,36.0654071],[127.7699195,36.0654387],[127.7699004,36.0654483],[127.7696515,36.0655614],[127.7696378,36.0655639],[127.7695942,36.0655995],[127.7695725,36.0656153],[127.7694695,36.0656652],[127.7694302,36.0656524],[127.7693905,36.0656429],[127.7693534,36.0656586],[127.769288,36.0656686],[127.7691914,36.0656896],[127.7690706,36.0657204],[127.7689896,36.0657288],[127.7688588,36.0657321],[127.7687779,36.0657305],[127.7686886,36.0657294],[127.7685917,36.0657291],[127.7685414,36.0657265],[127.7685023,36.0657187],[127.7684066,36.0657072],[127.7683528,36.0656984],[127.76822,36.065672],[127.7681164,36.0656532],[127.7679364,36.0656264],[127.7677435,36.0656269],[127.7676319,36.0656324],[127.7675357,36.0656187],[127.7674398,36.0656026],[127.7673574,36.065605],[127.7672963,36.0656066],[127.7672238,36.0656052],[127.767128,36.0656048],[127.7669016,36.0656179],[127.7668033,36.0656291],[127.7666927,36.0656467],[127.7666486,36.0656294],[127.7666049,36.0656234],[127.7665605,36.0656117],[127.76651,36.0656007],[127.766453,36.0655938],[127.7663954,36.0655898],[127.7663167,36.0655809],[127.7662733,36.0655788],[127.7662119,36.065615],[127.7661713,36.0656224],[127.766066,36.0656232],[127.7659858,36.0656072],[127.7659182,36.0655829],[127.7658569,36.0655413],[127.7658027,36.0655098],[127.7657876,36.0655054],[127.7657428,36.0654779],[127.7656832,36.0654349],[127.7656307,36.0653993],[127.7655972,36.0653952],[127.7655885,36.0653936],[127.7655608,36.0653858],[127.7655041,36.0653595],[127.7654574,36.0653357],[127.7653676,36.0652879],[127.7652458,36.0652268],[127.7651767,36.0651796],[127.7651138,36.0651425],[127.7650113,36.0650842],[127.7649496,36.0650518],[127.7648699,36.0650066],[127.7648452,36.0649948],[127.7647962,36.06495],[127.764709,36.0649166],[127.7646657,36.0648997],[127.7645956,36.0648667],[127.7645532,36.0648395],[127.7645188,36.0648211],[127.7643875,36.064762],[127.7643367,36.0647466],[127.7642758,36.0647303],[127.7641635,36.0647048],[127.7640429,36.0646724],[127.7639964,36.064665],[127.7638442,36.0646481],[127.7637331,36.0646646],[127.7635804,36.0646394],[127.7634103,36.0646048],[127.7632573,36.064571],[127.7631373,36.0645365],[127.7630495,36.0645388],[127.7629904,36.0645288],[127.7629241,36.064525],[127.7628716,36.0645152],[127.7628174,36.0644908],[127.762776,36.0644706],[127.7627515,36.0644684],[127.7626273,36.0644569],[127.7624697,36.0644371],[127.7623524,36.0644091],[127.7622357,36.0643779],[127.7622105,36.0643607],[127.7621558,36.0643213],[127.7621053,36.0642741],[127.7620723,36.0642336],[127.762047,36.0642027],[127.7620174,36.0641196],[127.7620203,36.0640921],[127.7619854,36.064066],[127.7619289,36.064036],[127.7618662,36.0639911],[127.76186,36.0639632],[127.7618601,36.0639502],[127.7618054,36.0639032],[127.7617631,36.0638225],[127.761732,36.0637538],[127.7616713,36.0637489],[127.7616363,36.0637458],[127.7615769,36.0636627],[127.761562,36.0636228],[127.7615373,36.0635893],[127.7615271,36.0635655],[127.7615173,36.0635494],[127.7614654,36.0635007],[127.7614363,36.0634725],[127.7614041,36.0634431],[127.7613838,36.0634415],[127.7613201,36.063354],[127.7612628,36.0632726],[127.7612161,36.0631939],[127.761151,36.0630991],[127.7610873,36.0630132],[127.7610636,36.0629181],[127.76103,36.0628947],[127.760996,36.0628802],[127.7609771,36.0628853],[127.7609584,36.0628554],[127.7608914,36.0628146],[127.7608545,36.0627784],[127.7607856,36.062737],[127.7607533,36.062709],[127.7607042,36.0626837],[127.7606018,36.0626515],[127.7602831,36.0625705],[127.7597673,36.0624216],[127.7595145,36.0623287],[127.7594405,36.0623058],[127.7594057,36.062297],[127.7592756,36.0622503],[127.7592419,36.0622298],[127.7591958,36.0621935],[127.7591214,36.0621402],[127.7590388,36.0620827],[127.7589951,36.0620421],[127.7587698,36.0618582],[127.7584887,36.0616965],[127.7584058,36.0616637],[127.7583153,36.0616147],[127.7582637,36.0615829],[127.7581508,36.0614698],[127.7580915,36.0614473],[127.7580116,36.0614043],[127.7579255,36.0613563],[127.7578824,36.0613336],[127.757784,36.0612812],[127.7576593,36.0612232],[127.7575333,36.0611471],[127.7574273,36.0610755],[127.7572822,36.0609667],[127.7571561,36.0608503],[127.7570738,36.0607758],[127.7569697,36.0606832],[127.7568315,36.0605435],[127.7567891,36.0605005],[127.7567671,36.0604859],[127.7567279,36.0604606],[127.7566881,36.0604307],[127.7567001,36.0604267],[127.7567159,36.060417],[127.7566831,36.0603928],[127.7566259,36.0603684],[127.7562519,36.0603016],[127.7558003,36.0602405],[127.7557047,36.0602567],[127.7553279,36.0602709],[127.7551806,36.0602884],[127.7550912,36.0603075],[127.7550188,36.0603274],[127.754962,36.060345],[127.7549039,36.0603657],[127.7548427,36.0603902],[127.7547689,36.0604228],[127.7546892,36.0604612],[127.7545578,36.0605329],[127.7544266,36.0606191],[127.7543302,36.0606958],[127.7541519,36.0608389],[127.7540142,36.0609472],[127.7539206,36.0610136],[127.7538602,36.0610515],[127.7538299,36.0610663],[127.7537939,36.0610805],[127.7536231,36.0611192],[127.7535549,36.0611259],[127.7534923,36.0611242],[127.7534038,36.0611088],[127.7533171,36.0610821],[127.7532858,36.0610694],[127.7532184,36.0610305],[127.7531679,36.0609942],[127.7530965,36.0609361],[127.7530284,36.060854],[127.7529933,36.0607913],[127.7529617,36.0607259],[127.7529239,36.0606279],[127.7528837,36.0604907],[127.7528641,36.0603805],[127.7528397,36.0602372],[127.752822,36.0601445],[127.7528118,36.0601002],[127.7527573,36.0599325],[127.7526914,36.0597752],[127.7525029,36.0595081],[127.7524441,36.0594465],[127.7524078,36.0594152],[127.7523408,36.0593757],[127.7522125,36.0593318],[127.7519864,36.0592791],[127.7519657,36.0592765],[127.7517818,36.0592454],[127.751743,36.0592205],[127.7516743,36.0591916],[127.7516477,36.05918],[127.7516063,36.0591609],[127.7515377,36.0591223],[127.7514961,36.0591006],[127.751461,36.0590802],[127.7514086,36.0590507],[127.7513675,36.059028],[127.751258,36.0589656],[127.7512518,36.0589634],[127.751193,36.058933],[127.7511923,36.0589289],[127.7511821,36.0589195],[127.7511323,36.0588852],[127.7510632,36.058835],[127.7510354,36.0588129],[127.7509894,36.0587702],[127.7509153,36.0586981],[127.7508464,36.0586318],[127.7507118,36.0585231],[127.7506405,36.0584714],[127.7506066,36.058451],[127.7505872,36.0584395],[127.7505691,36.0584268],[127.7505213,36.0584069],[127.7504659,36.0583899],[127.7503723,36.058368],[127.7502486,36.058345],[127.7500916,36.0583222],[127.7500279,36.0583152],[127.7500106,36.0583172],[127.7499581,36.0583096],[127.7499008,36.0582989],[127.7498242,36.0582832],[127.7497456,36.0582647],[127.7496713,36.058245],[127.7495768,36.0582206],[127.7494963,36.0582006],[127.749439,36.0581852],[127.7493598,36.0581652],[127.7491215,36.0581019],[127.7489396,36.0580871],[127.7487604,36.0580525],[127.7487354,36.0580385],[127.7485659,36.0579938],[127.7485461,36.0579811],[127.7484385,36.0579358],[127.7483414,36.0578783],[127.7481898,36.0577769],[127.7479465,36.0575475],[127.7477238,36.0572719],[127.7475283,36.0570063],[127.7474585,36.0568234],[127.7473843,36.056611],[127.7473714,36.0565725],[127.7472791,36.0562926],[127.7472535,36.0562083],[127.7472615,36.0561905],[127.7472729,36.0561716],[127.7472703,36.0561351],[127.7472745,36.0561102],[127.7472574,36.0560626],[127.7472369,36.0559541],[127.7472207,36.0558829],[127.7471982,36.055747],[127.7471737,36.0556036],[127.747154,36.0554875],[127.7471378,36.0553694],[127.7471198,36.0552011],[127.7471121,36.0551488],[127.7470945,36.055062],[127.7470817,36.0549972],[127.7470718,36.0549766],[127.747051,36.0548352],[127.7470374,36.0547485],[127.7470424,36.0547414],[127.7470261,36.0546586],[127.7470078,36.0545203],[127.7469945,36.054388],[127.7469972,36.0543289],[127.7470114,36.0542537],[127.7470283,36.054173],[127.7470383,36.0541559],[127.747002,36.0541137],[127.7470224,36.0540707],[127.747069,36.0539955],[127.7470938,36.0539113],[127.7471211,36.0538138],[127.7471421,36.0537084],[127.7471469,36.0536552],[127.7471309,36.0536076],[127.7471123,36.053544],[127.7470816,36.0534367],[127.7470555,36.0533476],[127.7470143,36.0532826],[127.7469903,36.0532526],[127.7469603,36.0532234],[127.7469076,36.0531667],[127.7468636,36.0531216],[127.7467427,36.0530006],[127.7466293,36.0528882],[127.7465743,36.0528514],[127.7465648,36.0528454],[127.7464178,36.0527746],[127.7461376,36.0526457],[127.7460283,36.0526024],[127.7458788,36.0525777],[127.745824,36.0525529],[127.7457364,36.0525053],[127.7455782,36.0524106],[127.7455358,36.052387],[127.7454884,36.052356],[127.7454569,36.052333],[127.7453266,36.0522173],[127.7452595,36.0521528],[127.7452097,36.0520985],[127.7451827,36.0520707],[127.7451504,36.0520224],[127.7451098,36.0519492],[127.7450948,36.0518988],[127.7450904,36.0518429],[127.745108,36.0517641],[127.7451145,36.0517424],[127.7451658,36.0516255],[127.7451923,36.0515679],[127.7452318,36.0514824],[127.7452396,36.0514619],[127.7452483,36.0514223],[127.7452442,36.0513829],[127.7452256,36.0513108],[127.7451889,36.0511701],[127.7451667,36.0510935],[127.7451595,36.0510812],[127.7451448,36.0510505],[127.7451307,36.0510136],[127.7450811,36.0509122],[127.7450229,36.0508064],[127.7449638,36.0507062],[127.7449547,36.0506935],[127.7448396,36.0505221],[127.7448325,36.050521],[127.7447952,36.0504732],[127.7447467,36.0503905],[127.7447238,36.0503487],[127.7447274,36.0503365],[127.7447097,36.0502745],[127.7446924,36.0502711],[127.7446788,36.0502641],[127.7446704,36.0502444],[127.7446688,36.0501707],[127.7446847,36.050072],[127.7446776,36.0500312],[127.7446754,36.0500168],[127.744763,36.050021],[127.7447757,36.0500198],[127.7447864,36.0500143],[127.7447881,36.0500054],[127.7447608,36.0499331],[127.7447299,36.0498336],[127.7447038,36.0497359],[127.7447019,36.0497302],[127.7446684,36.0496066],[127.7446671,36.0496014],[127.7446484,36.0495372],[127.7446409,36.0495151],[127.7446135,36.0494503],[127.7445833,36.0493924],[127.7445492,36.049338],[127.7445108,36.0492924],[127.7444781,36.0492605],[127.7444281,36.0492259],[127.7443663,36.049191],[127.7442886,36.0491554],[127.7441804,36.0491108],[127.7439797,36.0490284],[127.7439215,36.0490042],[127.7438534,36.0489763],[127.7437476,36.0489343],[127.7436077,36.0488796],[127.7435433,36.048856],[127.7434617,36.0488283],[127.7434185,36.0488159],[127.7433412,36.0487973],[127.7431591,36.0487634],[127.7431079,36.0487549],[127.7430189,36.0487402],[127.7429149,36.0487243],[127.742827,36.0487136],[127.7427538,36.0487049],[127.7426874,36.048699],[127.742585,36.0486897],[127.7424767,36.0486805],[127.742336,36.0486713],[127.7422512,36.0486677],[127.7421698,36.0486656],[127.7420962,36.0486782],[127.7420841,36.0486781],[127.7418407,36.0485747],[127.7418346,36.048571],[127.7418296,36.0485688],[127.7417928,36.0485548],[127.7417432,36.0485373],[127.7416278,36.0484966],[127.7415427,36.0484703],[127.7414509,36.0484421],[127.7413556,36.0484126],[127.7413374,36.0484033],[127.7411569,36.0483624],[127.7410165,36.0483254],[127.7409112,36.0482903],[127.7407686,36.0482339],[127.7406671,36.0481906],[127.7406286,36.0481874],[127.7406115,36.0481856],[127.7405271,36.0481424],[127.7404314,36.0480879],[127.7403399,36.0480362],[127.7403323,36.0480312],[127.7402079,36.0479629],[127.7400451,36.047874],[127.7399882,36.0478331],[127.7399329,36.0477757],[127.7398992,36.0477268],[127.7398716,36.0477043],[127.7398327,36.0476825],[127.7397681,36.0476482],[127.7397045,36.0476066],[127.7396237,36.0475895],[127.7395131,36.0475607],[127.7394083,36.0475288],[127.7393186,36.0475162],[127.7392669,36.047493],[127.7391708,36.0474655],[127.7391153,36.0474645],[127.7391031,36.0474555],[127.739013,36.0474832],[127.7389866,36.0474801],[127.7389346,36.0474555],[127.7388315,36.0473418],[127.7387177,36.0472053],[127.7386449,36.0470879],[127.7384898,36.0468773],[127.7384499,36.0468775],[127.7384436,36.0468793],[127.738411,36.0468474],[127.738415,36.0468443],[127.7383904,36.0468116],[127.7382469,36.0466785],[127.7382121,36.0466313],[127.7381415,36.0465606],[127.7380489,36.0464706],[127.7379609,36.0464016],[127.737958,36.0463834],[127.7379187,36.046367],[127.7376844,36.0462329],[127.737573,36.0461626],[127.7375477,36.0461384],[127.7374685,36.0460808],[127.7373641,36.0459807],[127.7372565,36.0459061],[127.737132,36.0458307],[127.73699,36.0457511],[127.7369095,36.0457194],[127.7368115,36.0455834],[127.7367269,36.0455776],[127.7366289,36.0455676],[127.7364789,36.0455915],[127.7363964,36.0455829],[127.7363799,36.0455975],[127.7362324,36.0455908],[127.736196,36.0455976],[127.7361232,36.0455978],[127.7361211,36.0456052],[127.7360136,36.0456243],[127.73598,36.0456451],[127.735975,36.0456529],[127.7359934,36.045653],[127.735875,36.0456909],[127.7358673,36.04568],[127.735746,36.045632],[127.7356684,36.0456036],[127.7356292,36.0455892],[127.7356155,36.0455857],[127.7355152,36.045564],[127.7354747,36.0455566],[127.735435,36.0455518],[127.7353622,36.0455468],[127.73531,36.045543],[127.735264,36.0455437],[127.7351569,36.0455489],[127.735144,36.0455511],[127.7350712,36.0455572],[127.7349873,36.0455635],[127.7349338,36.0455655],[127.7348888,36.0455663],[127.7348133,36.0455535],[127.7348052,36.0455534],[127.7346721,36.0455944],[127.7346049,36.0455868],[127.7345222,36.0455526],[127.7344539,36.0455342],[127.7343199,36.0455401],[127.734258,36.0454861],[127.7342058,36.0454348],[127.7341602,36.0453519],[127.7341574,36.0452856],[127.7341382,36.0452171],[127.7341029,36.0451589],[127.7340563,36.0450896],[127.734004,36.0450152],[127.7340255,36.0449351],[127.7339973,36.0448769],[127.7339651,36.0448001],[127.7339604,36.0447927],[127.73394,36.0447688],[127.7338906,36.0447271],[127.7337954,36.0446414],[127.7337162,36.0445822],[127.7336245,36.0445297],[127.7335254,36.0444859],[127.7333978,36.0444526],[127.733294,36.0444354],[127.733232,36.0444303],[127.7331802,36.0444333],[127.7331062,36.0444402],[127.7330799,36.0444481],[127.733009,36.044465],[127.7329582,36.0444816],[127.7328437,36.0445205],[127.7328,36.0445372],[127.7327569,36.0445584],[127.7326537,36.0446058],[127.7325259,36.0446732],[127.7323809,36.0447508],[127.7322941,36.0447961],[127.7321701,36.0448627],[127.7320063,36.0449489],[127.7318711,36.0450176],[127.7317684,36.0450675],[127.731683,36.0450998],[127.7316227,36.0452282],[127.731576,36.0452525],[127.7314749,36.0452859],[127.7313683,36.045316],[127.7312269,36.04535],[127.7311256,36.0453609],[127.7310265,36.0453695],[127.7309516,36.04537],[127.7308452,36.0453579],[127.7307576,36.0453456],[127.7307015,36.0453203],[127.73061,36.0452831],[127.730536,36.0452372],[127.7304425,36.0451821],[127.7303801,36.0451272],[127.7302949,36.0450456],[127.7302469,36.0449978],[127.7301601,36.0449072],[127.73014,36.0448844],[127.7301099,36.0448615],[127.7300317,36.0447962],[127.7299731,36.0447587],[127.7299164,36.044729],[127.7299031,36.0447159],[127.7298624,36.0446871],[127.7297262,36.0446894],[127.7295639,36.0447214],[127.7293336,36.0447899],[127.7292593,36.0448091],[127.7291687,36.044849],[127.7290672,36.0448706],[127.7290408,36.0449105],[127.7289129,36.0449558],[127.7288462,36.0449781],[127.7287649,36.0449683],[127.7287185,36.0449638],[127.7286295,36.0449539],[127.7285784,36.0449377],[127.7285472,36.0449174],[127.7285193,36.0448953],[127.7284692,36.0448428],[127.7284685,36.0448126],[127.7284571,36.0447881],[127.7284447,36.0447615],[127.72841,36.0447009],[127.728381,36.0446494],[127.7283465,36.0446123],[127.7283135,36.0445916],[127.7282853,36.0445596],[127.7282328,36.0444842],[127.7282493,36.0444808],[127.7282185,36.0444254],[127.728114,36.0442654],[127.7280104,36.0441503],[127.72788,36.0440384],[127.7277166,36.0439305],[127.7276575,36.0439056],[127.7275758,36.0438865],[127.7275423,36.0438813],[127.7275036,36.0438778],[127.7274348,36.0438759],[127.727336,36.0438839],[127.7272665,36.0439038],[127.7272305,36.0439274],[127.727079,36.0441061],[127.7268975,36.0443098],[127.726794,36.0444596],[127.7267787,36.044486],[127.7267496,36.044524],[127.7267318,36.0445375],[127.7266725,36.0446035],[127.7265881,36.0447001],[127.7265563,36.0447293],[127.7265407,36.0447454],[127.7265327,36.0447526],[127.7264728,36.044801],[127.7263893,36.0448657],[127.7263034,36.0449511],[127.7261907,36.0450418],[127.726029,36.0451319],[127.7258491,36.0452214],[127.7256926,36.0452871],[127.7255351,36.04536],[127.7254514,36.0453816],[127.7252889,36.0454155],[127.7252327,36.0454225],[127.7250599,36.045464],[127.7247311,36.0455447],[127.7246485,36.0455777],[127.7246577,36.045604],[127.7245773,36.0456267],[127.7245728,36.0456231],[127.7245584,36.0455902],[127.7245459,36.0455576],[127.7244895,36.0455119],[127.7244004,36.0454481],[127.7243483,36.045431],[127.7242462,36.0453553],[127.7241315,36.0452915],[127.7240567,36.0452325],[127.7239547,36.0451459],[127.7238744,36.0450824],[127.7238163,36.0450408],[127.7236943,36.0449261],[127.7236829,36.0449275],[127.7236722,36.044928],[127.7236557,36.0449151],[127.7236356,36.0448933],[127.7236034,36.0448622],[127.7235517,36.0448183],[127.7235471,36.0448046],[127.7235268,36.0447816],[127.7234904,36.044756],[127.7234427,36.0447437],[127.7233864,36.0446764],[127.7233545,36.0446448],[127.7233103,36.0445906],[127.7232453,36.0445282],[127.7232229,36.0445052],[127.7231971,36.0444822],[127.7231476,36.0444072],[127.7231281,36.0443474],[127.7231213,36.0443024],[127.7231345,36.0442583],[127.7231551,36.0442408],[127.7231964,36.0441324],[127.7232827,36.044],[127.7233632,36.0438929],[127.7234004,36.0438878],[127.7234962,36.0437327],[127.7236142,36.0435564],[127.7236944,36.0434081],[127.7237388,36.0433209],[127.7237595,36.0432181],[127.7237601,36.0432092],[127.723759,36.0432054],[127.7238146,36.0431537],[127.7238137,36.043153],[127.7238188,36.0431457],[127.7238283,36.0431397],[127.7238751,36.0431147],[127.7239257,36.0431104],[127.7239514,36.043056],[127.7239795,36.0429977],[127.7240195,36.0429209],[127.7240601,36.0428307],[127.7240917,36.0427765],[127.7239903,36.0425865],[127.7239884,36.0425665],[127.7239779,36.0424894],[127.7239664,36.0424453],[127.7239442,36.0424049],[127.7239129,36.0423562],[127.72387,36.0423075],[127.723824,36.0422656],[127.723712,36.0421947],[127.7236586,36.0421776],[127.7234909,36.0421404],[127.7230957,36.0420849],[127.7224648,36.0420605],[127.7221126,36.0421812],[127.7219394,36.0422611],[127.7217949,36.0423396],[127.7216679,36.0424359],[127.7215471,36.0425805],[127.7214409,36.0426601],[127.7213546,36.0428329],[127.7213218,36.0429501],[127.7213568,36.0430441],[127.7213878,36.0431666],[127.7213356,36.043316],[127.7212894,36.0433779],[127.7211647,36.0434848],[127.7210459,36.043585],[127.7205111,36.0439112],[127.7204349,36.0439485],[127.7202629,36.0440338],[127.7200399,36.0440666],[127.719958,36.0440885],[127.7197776,36.0441165],[127.7196169,36.0441344],[127.7195144,36.0441155],[127.7194804,36.0441259],[127.7193549,36.044135],[127.719207,36.0440975],[127.7189352,36.0439152],[127.7188266,36.0436924],[127.7188021,36.0437053],[127.7187367,36.0436552],[127.7187647,36.0436211],[127.7186813,36.0434878],[127.7186158,36.043336],[127.7185763,36.0432833],[127.7185646,36.0432225],[127.7185221,36.0431338],[127.7184521,36.0429677],[127.7184171,36.0428569],[127.7183408,36.0427959],[127.7183228,36.0427393],[127.7182187,36.0426437],[127.7180312,36.0423179],[127.7180073,36.0422749],[127.7178139,36.0419871],[127.7177935,36.041943],[127.7177954,36.0419416],[127.7176408,36.0417264],[127.7175728,36.0416466],[127.7175679,36.0416305],[127.7175298,36.0415818],[127.717491,36.041533],[127.7174704,36.0414931],[127.7174368,36.0414869],[127.7173688,36.0413959],[127.7173133,36.0413369],[127.7172616,36.0412748],[127.7172109,36.0412141],[127.7172045,36.0412023],[127.717193,36.041186],[127.7171591,36.0411438],[127.7171435,36.0411208],[127.7171335,36.0411159],[127.7170818,36.0410971],[127.7170362,36.0410469],[127.7170442,36.0410222],[127.7169597,36.0409245],[127.7169007,36.0408566],[127.7168208,36.0407724],[127.7167582,36.0407102],[127.7167284,36.0406775],[127.7167057,36.0406391],[127.7165895,36.0405404],[127.7165411,36.0404821],[127.7165354,36.0404501],[127.7164967,36.0404123],[127.7164546,36.0403762],[127.7164139,36.0403367],[127.7163789,36.0402948],[127.7163652,36.0402743],[127.7162729,36.0401791],[127.7162257,36.0401128],[127.7162201,36.0401009],[127.7161793,36.0400623],[127.716136,36.040014],[127.7161065,36.0400145],[127.7160634,36.0400043],[127.7159745,36.0399274],[127.7159352,36.0398793],[127.7158724,36.0397822],[127.715866,36.0397814],[127.7158448,36.0397735],[127.7157762,36.0396892],[127.7157268,36.0396245],[127.715659,36.0395122],[127.7156167,36.03947],[127.7155469,36.0393593],[127.7154809,36.0392496],[127.7154598,36.0392151],[127.7154311,36.0391586],[127.7154279,36.0390912],[127.7155061,36.0389044],[127.7154515,36.0388265],[127.7154531,36.0388054],[127.7154523,36.0387417],[127.7154492,36.0386704],[127.7154465,36.038634],[127.7154429,36.0385949],[127.7154317,36.0385067],[127.7154122,36.0384177],[127.7153846,36.0383301],[127.7153485,36.0382447],[127.7152987,36.0381441],[127.7152527,36.0380615],[127.7152118,36.037997],[127.7151581,36.0379183],[127.7150966,36.0378429],[127.7150436,36.0377847],[127.7150014,36.0377426],[127.7149256,36.0376766],[127.7148896,36.0376375],[127.7148511,36.0375917],[127.7147794,36.0375381],[127.7147299,36.0375029],[127.7146766,36.0374707],[127.7146042,36.0374284],[127.7145756,36.0374187],[127.7144446,36.0373485],[127.7142921,36.0372766],[127.7141405,36.0372135],[127.7140393,36.0371311],[127.7139699,36.0370983],[127.7139558,36.0371053],[127.7138962,36.0371033],[127.7138143,36.0370606],[127.7137166,36.0369756],[127.7136494,36.0369248],[127.7136135,36.0369729],[127.7135716,36.0369533],[127.7134657,36.0368973],[127.7133503,36.0368324],[127.713251,36.0367782],[127.7131966,36.0368078],[127.7131446,36.0368459],[127.7133656,36.037047],[127.7132504,36.0371613],[127.7132855,36.0371804],[127.7133178,36.037198],[127.7137656,36.0374419],[127.7139722,36.0375357],[127.7141481,36.0376114],[127.7142599,36.037651],[127.7144265,36.0377555],[127.7144868,36.0378029],[127.714601,36.0378971],[127.7147734,36.0381032],[127.7148854,36.0382825],[127.7149459,36.0384054],[127.7149163,36.0384646],[127.7149713,36.0385201],[127.7149803,36.0385291],[127.7150436,36.0386669],[127.7150361,36.0387776],[127.7150411,36.038833],[127.7150223,36.0388601],[127.7150113,36.0388759],[127.7150275,36.0388802],[127.7150607,36.0388889],[127.7150822,36.0388945],[127.7151369,36.0390064],[127.715188,36.0391209],[127.7152122,36.039211],[127.7152717,36.0392881],[127.7152784,36.0393038],[127.7153133,36.039375],[127.7152937,36.039378],[127.7153551,36.0394496],[127.7153989,36.0395425],[127.7154267,36.039543],[127.7154517,36.0396117],[127.7155008,36.039704],[127.7155991,36.0398458],[127.7156259,36.0398645],[127.7156338,36.0398735],[127.7156714,36.0399314],[127.7157093,36.0399858],[127.7156928,36.0399935],[127.71577,36.0400746],[127.7157956,36.0401151],[127.7158453,36.0401824],[127.7158993,36.0402463],[127.7159773,36.0403378],[127.7160416,36.0403718],[127.716096,36.0404246],[127.7161567,36.0404738],[127.7162413,36.040549],[127.7163076,36.0406068],[127.716369,36.0406614],[127.7164199,36.0407067],[127.7164782,36.0407747],[127.7165762,36.0408704],[127.7166137,36.040919],[127.7166173,36.0409234],[127.7166648,36.0410083],[127.7167685,36.0411096],[127.7168617,36.0412604],[127.716859,36.0412604],[127.716879,36.0413117],[127.7170482,36.0414679],[127.7172479,36.0417064],[127.7173031,36.0417708],[127.7174417,36.0419597],[127.7175634,36.0421113],[127.7176287,36.0421737],[127.7177381,36.042296],[127.7177773,36.0423676],[127.7178428,36.0424949],[127.7178435,36.0425826],[127.7178792,36.0426151],[127.717906,36.0426659],[127.7180229,36.0427738],[127.7180653,36.0428776],[127.7180296,36.0428872],[127.7180862,36.0429941],[127.7181448,36.0431008],[127.7182033,36.0432287],[127.7182906,36.0433801],[127.7184415,36.0436103],[127.7184462,36.0436201],[127.7185018,36.0437389],[127.7185708,36.043884],[127.7186314,36.0440074],[127.7187067,36.0441623],[127.7187839,36.0441892],[127.7188739,36.0442245],[127.7189833,36.0442666],[127.7189885,36.0442682],[127.7189593,36.0442927],[127.7189944,36.0443292],[127.7189931,36.0443581],[127.7190367,36.0443846],[127.7190649,36.0443618],[127.7191785,36.0443695],[127.7192781,36.0443877],[127.7192858,36.044315],[127.7196349,36.044337],[127.7199062,36.044418],[127.7199544,36.0444188],[127.7200042,36.044366],[127.7202624,36.0442672],[127.720434,36.0441894],[127.720489,36.0441851],[127.7205843,36.0442024],[127.7206862,36.0442211],[127.7207935,36.0442516],[127.7208988,36.0442916],[127.7209069,36.0443001],[127.720968,36.0442842],[127.7210991,36.044233],[127.7211357,36.0442277],[127.7211817,36.0441948],[127.7212161,36.044165],[127.7212336,36.0440904],[127.7213047,36.0440371],[127.7213642,36.0439633],[127.7213669,36.043956],[127.7214085,36.0439125],[127.7214802,36.0437574],[127.7214951,36.0436986],[127.7215457,36.0436098],[127.7215762,36.0434716],[127.7215574,36.0434521],[127.7216024,36.0433563],[127.7216626,36.0433186],[127.7216531,36.043294],[127.7216869,36.0431931],[127.7217187,36.0431266],[127.7217837,36.0430148],[127.7218524,36.0429672],[127.7219314,36.0428485],[127.7219608,36.042787],[127.7220683,36.0426621],[127.7221698,36.0425926],[127.7221744,36.042557],[127.7222288,36.0424981],[127.722368,36.0424383],[127.7225298,36.0424002],[127.7226746,36.0423583],[127.7228582,36.0423182],[127.7230098,36.0423098],[127.7231199,36.0423562],[127.7232453,36.04242],[127.7232817,36.0424496],[127.7233115,36.0424675],[127.7233594,36.042477],[127.7234628,36.0425377],[127.7234964,36.0425615],[127.7235622,36.0425792],[127.7236124,36.0426216],[127.7236805,36.0426667],[127.7237096,36.0427001],[127.7237272,36.0428446],[127.7237001,36.0429064],[127.7237162,36.0429186],[127.723688,36.0429741],[127.7236768,36.0430211],[127.723673,36.0430372],[127.7236681,36.0430431],[127.7236561,36.0430341],[127.723651,36.0430328],[127.7235978,36.0430836],[127.7235264,36.043168],[127.7235107,36.0431905],[127.7234876,36.0432316],[127.7234127,36.0433775],[127.7233055,36.0435587],[127.7231686,36.0437552],[127.723025,36.0439214],[127.7229861,36.0439962],[127.7229379,36.0441246],[127.7229317,36.0441914],[127.7229303,36.0443461],[127.7229352,36.04439],[127.7229518,36.044429],[127.7229928,36.0444853],[127.7231263,36.044638],[127.7234636,36.0449969],[127.7236905,36.0452561],[127.7237158,36.0452795],[127.7238016,36.0453509],[127.7241859,36.0456709],[127.724212,36.0456901],[127.7242424,36.0457065],[127.7242857,36.0457236],[127.7243383,36.0457372],[127.7244013,36.0457481],[127.7244702,36.0457562],[127.7245213,36.045758],[127.7245885,36.0457534],[127.7246318,36.0457435],[127.7247118,36.0457199],[127.7247258,36.0457266],[127.7247925,36.0457372],[127.7248652,36.0457294],[127.7249458,36.0457117],[127.7250598,36.0456655],[127.7252424,36.0456299],[127.725274,36.0456252],[127.7253754,36.0456029],[127.7253891,36.0455911],[127.7254334,36.0455792],[127.725477,36.0455594],[127.7255267,36.0455463],[127.7255405,36.0455425],[127.7255781,36.0455227],[127.7256096,36.0455158],[127.725663,36.0454898],[127.7259558,36.0453365],[127.7259988,36.0453382],[127.7260059,36.0453327],[127.7261357,36.0452718],[127.7262167,36.0452295],[127.7263,36.0451793],[127.7263575,36.0451516],[127.7264092,36.0451378],[127.7264771,36.0451019],[127.7265168,36.0450613],[127.7266957,36.0449042],[127.7268886,36.0446861],[127.727092,36.0444624],[127.7271137,36.0444535],[127.7271638,36.0444108],[127.7272473,36.0443234],[127.727317,36.044225],[127.7273762,36.0441271],[127.7274233,36.044064],[127.7274456,36.0440454],[127.7274668,36.0440349],[127.7275049,36.0440348],[127.7275667,36.0440659],[127.7276674,36.0441175],[127.7277842,36.0441857],[127.7278512,36.0442463],[127.727896,36.0442819],[127.7279332,36.0443329],[127.7279574,36.0443839],[127.7279506,36.0444138],[127.7279545,36.0444379],[127.7279667,36.0444837],[127.7280235,36.0445597],[127.7280829,36.0448087],[127.7281093,36.0448617],[127.7281789,36.0449376],[127.728279,36.0449845],[127.7284625,36.0450931],[127.7286247,36.0451346],[127.7287449,36.045132],[127.7288229,36.0451196],[127.7289214,36.045102],[127.7290987,36.0450544],[127.7295016,36.0449628],[127.7297022,36.0448562],[127.7297794,36.0448456],[127.7298553,36.0448553],[127.7299395,36.0448939],[127.7300341,36.044951],[127.730078,36.0449903],[127.7301493,36.0451339],[127.7301796,36.0452041],[127.7302999,36.0453184],[127.7303783,36.0453659],[127.7304398,36.0453927],[127.730585,36.0454416],[127.7307343,36.0454799],[127.7307805,36.0454863],[127.7308316,36.045491],[127.7309036,36.0454955],[127.7309797,36.045498],[127.73104,36.0454979],[127.7311528,36.0454952],[127.7312797,36.0454798],[127.7313124,36.0454758],[127.7314953,36.0454225],[127.7315834,36.0453921],[127.7318346,36.0452847],[127.732006,36.0452434],[127.732179,36.0451448],[127.732293,36.0450621],[127.7323982,36.0449919],[127.7324874,36.0449383],[127.7325726,36.0449192],[127.7326021,36.0449052],[127.7327383,36.0448646],[127.7327845,36.0448576],[127.7328696,36.0447927],[127.7329736,36.0447199],[127.7330529,36.0446712],[127.7331499,36.0446384],[127.7333527,36.0446389],[127.7334488,36.0446782],[127.7335167,36.044745],[127.7336485,36.0448694],[127.7336493,36.0448956],[127.7336861,36.0449293],[127.7336978,36.0449403],[127.7337131,36.044958],[127.7337371,36.0449856],[127.7337672,36.0450266],[127.7337977,36.0450541],[127.7338016,36.0450655],[127.7338982,36.0451567],[127.7339688,36.0454063],[127.7339879,36.0454561],[127.7340303,36.0455467],[127.7340758,36.0456009],[127.7341403,36.0456567],[127.7342029,36.0456943],[127.734235,36.0457086],[127.7342995,36.0457306],[127.7344391,36.0457639],[127.7347171,36.0458445],[127.7347662,36.0458347],[127.7348143,36.0458328],[127.7348563,36.0458276],[127.734953,36.0458149],[127.7350553,36.0458009],[127.7351344,36.0457958],[127.7351946,36.0457954],[127.7352996,36.0458016],[127.7353831,36.045801],[127.7354178,36.0458001],[127.7355668,36.0458066],[127.73563,36.0458112],[127.7356948,36.0458115],[127.735708,36.045802],[127.7357607,36.0458018],[127.7358772,36.0458001],[127.7360047,36.0457968],[127.7360835,36.0457724],[127.7361972,36.0457311],[127.7362023,36.0457422],[127.7362892,36.0457615],[127.7364968,36.0458293],[127.736621,36.0458763],[127.7367564,36.0459359],[127.7368341,36.0459568],[127.7369019,36.0460062],[127.7370327,36.0460694],[127.7371309,36.0461181],[127.7372367,36.0461731],[127.7373531,36.0462379],[127.7375195,36.0463479],[127.7376091,36.0464057],[127.7378231,36.0465536],[127.73792,36.0466258],[127.7379857,36.046679],[127.738067,36.0467488],[127.7381297,36.0468164],[127.7382074,36.046896],[127.7382561,36.046937],[127.7382636,36.046941],[127.7382992,36.0470055],[127.7383442,36.0470634],[127.738403,36.0471334],[127.7384536,36.0471902],[127.7385433,36.0472901],[127.7386111,36.0473632],[127.7386671,36.0474132],[127.738743,36.0474779],[127.7388697,36.0475639],[127.7389532,36.0476009],[127.7390486,36.0476297],[127.7392169,36.0476551],[127.7393259,36.0476726],[127.7394039,36.0476895],[127.7394834,36.0477122],[127.7395767,36.0477503],[127.7396112,36.047761],[127.739643,36.0477757],[127.7397335,36.0478198],[127.7398067,36.0478607],[127.7398711,36.0478966],[127.7399721,36.0479584],[127.7401016,36.0480434],[127.7402922,36.0481744],[127.7404551,36.0482789],[127.7405997,36.048362],[127.7407705,36.0484251],[127.7410556,36.0484885],[127.7412164,36.0485206],[127.7415223,36.0485673],[127.7415702,36.0485689],[127.7418246,36.0486764],[127.7418229,36.0486818],[127.7418854,36.048708],[127.741995,36.0487428],[127.7420992,36.0487758],[127.7422434,36.0488003],[127.7423391,36.0488171],[127.7423844,36.0488243],[127.7424416,36.0488315],[127.7425119,36.0488372],[127.742618,36.0488445],[127.7427285,36.0488518],[127.7428194,36.0488594],[127.742909,36.0488699],[127.742987,36.0488807],[127.7431056,36.0489025],[127.7432648,36.0489484],[127.7433761,36.0489799],[127.7434719,36.0490091],[127.7435392,36.0490317],[127.743544,36.0490302],[127.7436605,36.0490724],[127.7436624,36.0490767],[127.743709,36.0490959],[127.7438334,36.0491341],[127.7439026,36.0491551],[127.7440054,36.0491837],[127.7440998,36.0492146],[127.7441476,36.0492331],[127.7441866,36.0492543],[127.7442231,36.0492814],[127.7442739,36.0493292],[127.7443171,36.0493731],[127.7443531,36.0494166],[127.744413,36.0494918],[127.7444353,36.0495253],[127.7444473,36.04955],[127.7444808,36.0496297],[127.744491,36.0496593],[127.7445359,36.0498365],[127.744546,36.0498514],[127.744559,36.0498653],[127.7445514,36.0499314],[127.7445373,36.0499446],[127.7445313,36.0499767],[127.7445186,36.0500255],[127.7445073,36.0500767],[127.7445092,36.0502289],[127.744517,36.0502922],[127.7445183,36.0503431],[127.7445171,36.0503939],[127.7445262,36.0504125],[127.7445588,36.0504632],[127.7446117,36.0505317],[127.7446679,36.0505937],[127.7447533,36.0506955],[127.7448419,36.0508],[127.7448766,36.0508408],[127.7449086,36.0508873],[127.7449409,36.0509483],[127.7449768,36.0510189],[127.7450101,36.0510903],[127.7450358,36.0511574],[127.7450549,36.0512085],[127.7450756,36.0512752],[127.7450928,36.051342],[127.7450975,36.0513839],[127.7450951,36.0514291],[127.7450863,36.0514804],[127.7450751,36.0515208],[127.745058,36.0515716],[127.7450342,36.0516326],[127.745013,36.0516848],[127.7449761,36.0517872],[127.7449696,36.0518217],[127.7449669,36.0518711],[127.7449663,36.0519145],[127.7449701,36.0519542],[127.7449801,36.0519885],[127.7449935,36.0520239],[127.7450016,36.0520504],[127.7450103,36.0520893],[127.7450679,36.0521862],[127.7451576,36.0523041],[127.7451991,36.0523553],[127.7452371,36.0523829],[127.7452695,36.0524125],[127.7453105,36.052442],[127.7453271,36.052458],[127.7453466,36.0524868],[127.745445,36.0525443],[127.745531,36.0526041],[127.7456227,36.0526389],[127.7458015,36.052714],[127.7459584,36.052781],[127.7461044,36.0528399],[127.7462836,36.0529076],[127.7464394,36.0529689],[127.7465871,36.0530268],[127.746619,36.0530382],[127.7466523,36.0530638],[127.7466886,36.0530955],[127.7467131,36.0531238],[127.7467592,36.053182],[127.7467697,36.0531885],[127.7468041,36.0532202],[127.7468191,36.0532479],[127.746832,36.0532819],[127.7468427,36.0533272],[127.746847,36.0533315],[127.7469075,36.0534456],[127.7469614,36.0536528],[127.7469686,36.0537109],[127.7469656,36.0537684],[127.7469456,36.0538549],[127.7469324,36.0539003],[127.7469218,36.0539351],[127.7469141,36.0539632],[127.7469031,36.0539897],[127.7468479,36.0540522],[127.7468146,36.0540928],[127.7468034,36.0541452],[127.7468008,36.0541512],[127.746787,36.0542203],[127.7467788,36.0543033],[127.746766,36.0544079],[127.7467691,36.0545007],[127.7467704,36.0545919],[127.746775,36.0547005],[127.746805,36.0548427],[127.746815,36.0550098],[127.7469206,36.0550972],[127.7469226,36.0551897],[127.746949,36.0554136],[127.747003,36.0556255],[127.7470315,36.0557349],[127.7470527,36.0558385],[127.7470519,36.0558503],[127.7470532,36.0558648],[127.7470974,36.0561905],[127.7471266,36.0563399],[127.7472293,36.0566732],[127.7473692,36.0570784],[127.7476758,36.0574681],[127.7478243,36.057697],[127.7479076,36.0577367],[127.7479362,36.0577762],[127.7480076,36.0578053],[127.7480383,36.0578245],[127.7481817,36.0579354],[127.7482369,36.0579715],[127.748421,36.0580657],[127.7485761,36.0581351],[127.7486421,36.0581516],[127.748687,36.0581599],[127.7487536,36.0581703],[127.7488587,36.0581837],[127.7490122,36.0582249],[127.7490304,36.0582257],[127.7490585,36.058232],[127.7491291,36.0582464],[127.7492173,36.0582616],[127.7493233,36.0582759],[127.749448,36.0582948],[127.7495099,36.0583107],[127.7495829,36.0583306],[127.7496308,36.0583536],[127.7497165,36.058374],[127.7497928,36.0583956],[127.7498621,36.0584052],[127.749926,36.058417],[127.7499532,36.0584263],[127.7500072,36.0584349],[127.7500518,36.0584396],[127.7500721,36.0584476],[127.7503134,36.0584733],[127.7503662,36.0584812],[127.7504153,36.0584891],[127.7504666,36.0584991],[127.7504677,36.0584975],[127.7505063,36.0585109],[127.7505306,36.0585215],[127.7505486,36.0585313],[127.7505486,36.0585326],[127.7505928,36.0585668],[127.7506635,36.058625],[127.7507307,36.0586843],[127.7507574,36.058708],[127.750807,36.0587554],[127.7508584,36.0588012],[127.750888,36.0588325],[127.7509857,36.0589163],[127.7510357,36.0589615],[127.7510694,36.0589874],[127.7511901,36.0590376],[127.7512077,36.0590244],[127.7512731,36.0590615],[127.7512775,36.0590653],[127.7513049,36.0590866],[127.7513586,36.0591185],[127.7514287,36.059162],[127.7514864,36.059199],[127.7515349,36.059236],[127.751581,36.0592747],[127.751613,36.0593019],[127.7516777,36.0593441],[127.7517244,36.0593698],[127.7517685,36.0593854],[127.751843,36.0594079],[127.7519164,36.0594238],[127.7519947,36.0594353],[127.7520407,36.0594425],[127.7522032,36.0594703],[127.7522169,36.0594813],[127.7523323,36.0595826],[127.7523689,36.0596221],[127.752408,36.0596669],[127.7524437,36.0597128],[127.7524797,36.0597671],[127.7525125,36.0598208],[127.7525537,36.059903],[127.7525779,36.0599663],[127.7525979,36.060026],[127.7526124,36.0600808],[127.7526283,36.0601764],[127.7526348,36.0602318],[127.7526411,36.0602947],[127.7526471,36.0603662],[127.7526577,36.0604425],[127.752675,36.0605154],[127.7526891,36.0605612],[127.7527096,36.0606164],[127.7527387,36.0606781],[127.7527713,36.0607444],[127.7527992,36.0607953],[127.7528412,36.0608625],[127.7528844,36.060923],[127.752926,36.0609734],[127.7529626,36.061011],[127.7530075,36.0610535],[127.7530256,36.0610667],[127.7531385,36.0611577],[127.753172,36.061183],[127.7532022,36.0612033],[127.7532288,36.0612167],[127.753263,36.0612298],[127.7533741,36.0612578],[127.7535138,36.0612873],[127.7535976,36.0612987],[127.7536256,36.0612989],[127.7536903,36.0612915],[127.7537269,36.0612804],[127.7537692,36.0612659],[127.7538392,36.0612396],[127.7538656,36.0612215],[127.7538861,36.0612217],[127.7539248,36.0612006],[127.7539822,36.0611676],[127.7540229,36.0611395],[127.7541455,36.0610486],[127.7542567,36.0609648],[127.7543487,36.0608958],[127.7544225,36.0608451],[127.7544955,36.0608015],[127.7545625,36.0607645],[127.7546316,36.060731],[127.7547146,36.0606956],[127.7548371,36.0606507],[127.7549099,36.0606283],[127.7550368,36.0605941],[127.7551891,36.0605532],[127.7553922,36.0604986],[127.7555333,36.0604609],[127.7555791,36.0604446],[127.7556111,36.0604311],[127.7556337,36.0604218],[127.7556684,36.0604642],[127.7556809,36.0604515],[127.7557,36.0604382],[127.7557648,36.0604213],[127.7558238,36.0604196],[127.7558358,36.0604204],[127.7560012,36.0604273],[127.7560134,36.0604258],[127.7561825,36.0604455],[127.7561953,36.0604422],[127.756359,36.060462],[127.7563703,36.0604643],[127.756416,36.0604687],[127.7564585,36.0604769],[127.7565007,36.0604909],[127.7565328,36.0605074],[127.7565711,36.0605303],[127.75662,36.0605644],[127.7566296,36.0605776],[127.7566577,36.0605986],[127.7567264,36.0606619],[127.7567638,36.0607031],[127.7567733,36.0607105],[127.7568204,36.0607539],[127.7568619,36.0607984],[127.7569326,36.0608751],[127.756982,36.0609323],[127.7570894,36.0610171],[127.7571345,36.06106],[127.7571905,36.0610945],[127.7572499,36.0611389],[127.7572925,36.0611642],[127.757334,36.0611831],[127.7574237,36.0612399],[127.7574958,36.0612812],[127.7575718,36.0613272],[127.7576337,36.0613645],[127.7576726,36.0613878],[127.7577482,36.0614323],[127.7579621,36.0615547],[127.7579886,36.0615669],[127.7580311,36.0615868],[127.7581038,36.0616309],[127.7581736,36.0616803],[127.758225,36.0617161],[127.7582553,36.0617336],[127.7583155,36.0617631],[127.7583591,36.0617828],[127.7584104,36.0617973],[127.7584668,36.0618303],[127.7584719,36.0618319],[127.7585247,36.0618744],[127.7586063,36.0619411],[127.7586114,36.0619462],[127.7586096,36.0619492],[127.7585915,36.0619753],[127.7586461,36.0620134],[127.7587039,36.0620677],[127.758813,36.0621117],[127.758823,36.0621138],[127.7589201,36.062199],[127.7590661,36.0623038],[127.7591772,36.0623679],[127.7593073,36.062426],[127.7593809,36.0624558],[127.7594162,36.0625005],[127.7595994,36.0625423],[127.7596379,36.062543],[127.7598174,36.0625825],[127.7600325,36.0626526],[127.7600554,36.0626617],[127.7601597,36.062683],[127.7602702,36.0627076],[127.7602857,36.0627105],[127.7603486,36.0627254],[127.7604835,36.0627512],[127.7605599,36.0627768],[127.7606093,36.0627989],[127.7606896,36.0628492],[127.7607464,36.0629062],[127.760787,36.0629624],[127.7607964,36.0629741],[127.7608534,36.0630488],[127.7609326,36.0631814],[127.7609849,36.0632777],[127.7610267,36.0633788],[127.7610974,36.0635131],[127.761185,36.0635995],[127.7612071,36.0636323],[127.7612346,36.0636603],[127.7612779,36.0636921],[127.7613022,36.0637065],[127.7613093,36.0637114],[127.761353,36.0637211],[127.76143,36.0637274],[127.761434,36.0637331],[127.7614521,36.0637703],[127.761504,36.063842],[127.761554,36.063878],[127.7616196,36.0639361],[127.7617045,36.064019],[127.76179,36.0641025],[127.7618578,36.064174],[127.7619043,36.0642277],[127.7619485,36.0642782],[127.7619878,36.0643218],[127.7620309,36.0643701],[127.7620674,36.0644045],[127.7621095,36.064437],[127.7621565,36.0644675],[127.7621777,36.0644789],[127.7622043,36.0644922],[127.7622575,36.0645142],[127.7623131,36.0645355],[127.7623723,36.0645601],[127.7624043,36.0645714],[127.7624884,36.0646039],[127.7625529,36.0646211],[127.76264,36.0646343],[127.7627506,36.0646664],[127.7627927,36.0646881],[127.7628463,36.0646966],[127.7628943,36.0647024],[127.7629412,36.0647067],[127.7630255,36.0647107],[127.7631378,36.0647136],[127.7632165,36.0647133],[127.7632387,36.0647114],[127.763291,36.0647134],[127.7633127,36.0647215],[127.7634353,36.064761],[127.763462,36.0647731],[127.7635692,36.0647902],[127.7636771,36.0648031],[127.7638157,36.0648153],[127.7639846,36.0648287],[127.7640263,36.0648156],[127.7641146,36.0648311],[127.7641924,36.0648563],[127.7643238,36.0648973],[127.7643758,36.0649149],[127.7645019,36.0649571],[127.7645456,36.0649757],[127.7646503,36.0650221],[127.7647435,36.0650675],[127.7647757,36.0650894],[127.7649333,36.0651854],[127.7650577,36.0652587],[127.765181,36.0653251],[127.765269,36.0653698],[127.7654521,36.0654976],[127.7655573,36.0655712],[127.7656283,36.0656247],[127.7656955,36.0656701],[127.7657632,36.0657169],[127.7657778,36.0657236],[127.7659017,36.0657894],[127.7659457,36.0658123],[127.7660954,36.0658471],[127.7660987,36.0658469],[127.766095,36.065886],[127.7661318,36.0659555],[127.7663393,36.0659452],[127.766428,36.0659534],[127.7665059,36.0659289],[127.766586,36.0658862],[127.7667013,36.0658392],[127.7669177,36.0657693],[127.7669268,36.0657674],[127.7669906,36.065744],[127.7670382,36.0657449],[127.7670489,36.0657396],[127.7671389,36.0657134],[127.7672164,36.0656989],[127.7673259,36.0657017],[127.7673817,36.06571],[127.7674438,36.0657319],[127.7674553,36.0657595],[127.7676975,36.0657797],[127.7678012,36.0657542],[127.767859,36.0657493],[127.7679036,36.0657499],[127.7679298,36.0657515],[127.7680288,36.0657649],[127.7680373,36.0657674],[127.7680796,36.0657952],[127.7681125,36.0658001],[127.7682222,36.0658279],[127.7682769,36.065835],[127.7684252,36.0658866],[127.7685509,36.0658946],[127.7686643,36.0659029],[127.7687221,36.0658981],[127.7688067,36.0658794],[127.7689271,36.0658582],[127.7689849,36.0658607],[127.7690735,36.0658708],[127.7691778,36.0658713],[127.7692182,36.0658659],[127.7692576,36.0658642],[127.7693004,36.0658613],[127.769323,36.065864],[127.7693867,36.0658191],[127.7694759,36.0658136],[127.7695751,36.0657883],[127.7696355,36.0657597],[127.7697018,36.0657169],[127.7697815,36.0656867],[127.7698535,36.0656508],[127.7699857,36.0656216],[127.7700704,36.065573],[127.7701406,36.0655293],[127.7702002,36.0654931],[127.7702661,36.0654654],[127.7703137,36.0654569],[127.7703565,36.0654641],[127.7704244,36.0654814],[127.7704605,36.0655055],[127.7704888,36.0655367],[127.7705209,36.0655966],[127.7705558,36.0656683],[127.770565,36.0656952],[127.7706032,36.0658171],[127.7706172,36.0658952],[127.7706197,36.0659904],[127.7706042,36.0660637],[127.7706062,36.0660663],[127.7706034,36.0660673],[127.7706014,36.0660767],[127.7707976,36.0662898],[127.7708691,36.0662654],[127.7709022,36.0662716],[127.7709234,36.0662716],[127.7709519,36.0662395],[127.771012,36.0661688],[127.7710679,36.0661039],[127.7710856,36.0660877],[127.7711094,36.0660692],[127.7711304,36.0660583],[127.7711582,36.0660441],[127.7712313,36.0660402],[127.7712684,36.066043],[127.77132,36.0660496],[127.7713556,36.0660605],[127.7714342,36.0661011],[127.7715042,36.0661496],[127.7715466,36.0661867],[127.7715599,36.0662014],[127.7715994,36.0662523],[127.77164,36.066311],[127.7717041,36.0664131],[127.7717415,36.0664734],[127.7717427,36.066484],[127.7717377,36.0665038],[127.7718192,36.0665589],[127.7719246,36.0665783],[127.7720438,36.0666242],[127.77212,36.0666645],[127.7721312,36.0666506],[127.7722634,36.0667155],[127.7723027,36.0667372],[127.7723387,36.0667729],[127.772373,36.0668396],[127.7723774,36.0668464]]]}},{"type":"Feature","properties":{"admin_code":"43130","admin_name":"충주시","river_name":"고든골천","source_record_count":1,"latest_notice_date":"20211118","area_m2":16114.32,"perimeter_m":2577.46,"width_proxy_m":12.5,"width_class":"medium","center_lon":127.9589073,"center_lat":36.9444232,"candidate_rank":7},"geometry":{"type":"Polygon","coordinates":[[[127.9553642,36.9440584],[127.9554411,36.9440466],[127.9555859,36.9440247],[127.9556393,36.9440217],[127.9557955,36.9440127],[127.9561343,36.9440416],[127.9562055,36.9440477],[127.9562491,36.9441473],[127.9562819,36.944248],[127.9562817,36.9443185],[127.9563498,36.944309],[127.9563655,36.9443126],[127.9563191,36.9441456],[127.9563186,36.9441431],[127.9562957,36.9440419],[127.9564746,36.9440294],[127.9566976,36.9440027],[127.9568365,36.9439828],[127.9569194,36.9439691],[127.9570804,36.9439544],[127.9570984,36.9439578],[127.9571187,36.9439556],[127.9571846,36.9439484],[127.9572148,36.9439402],[127.9572218,36.9439141],[127.9573618,36.9438453],[127.9574163,36.9438329],[127.9574511,36.9438247],[127.9575317,36.9438026],[127.9575747,36.9438101],[127.9576148,36.9438524],[127.9576401,36.9438777],[127.9578511,36.9439637],[127.9579191,36.944017],[127.9579529,36.9440434],[127.9580123,36.9440865],[127.9580929,36.9441496],[127.9582681,36.9442227],[127.9583599,36.9442491],[127.9584262,36.9442682],[127.9584396,36.9442734],[127.9584239,36.9442984],[127.9584594,36.9443134],[127.9585092,36.9443345],[127.9585136,36.9443364],[127.9587832,36.9444442],[127.9589705,36.9445423],[127.9593235,36.9447449],[127.9593961,36.9448021],[127.9594535,36.9448735],[127.9594986,36.9448894],[127.9595462,36.9449431],[127.9596115,36.9449939],[127.9596828,36.9450509],[127.9597896,36.9451077],[127.9598698,36.9451545],[127.9599394,36.9451671],[127.9600379,36.9451981],[127.9601802,36.9451977],[127.9602688,36.9451585],[127.9602841,36.9451311],[127.9603216,36.9450994],[127.9603026,36.9450857],[127.9602481,36.9448369],[127.9602478,36.9448114],[127.9602639,36.9447831],[127.9603296,36.9447764],[127.9603863,36.9447794],[127.960439,36.9448055],[127.9605782,36.9448536],[127.9607804,36.9448519],[127.9608462,36.9448414],[127.9610492,36.9448187],[127.9611113,36.9448089],[127.961176,36.944825],[127.9613171,36.9448556],[127.961332,36.9448603],[127.9613502,36.9448757],[127.9613974,36.9448884],[127.9614801,36.9449138],[127.9614947,36.9449118],[127.9615349,36.9449243],[127.9615718,36.9449248],[127.9616213,36.9449255],[127.9617003,36.9449138],[127.9617768,36.9449005],[127.9618474,36.9448817],[127.9619904,36.9448406],[127.9621482,36.9448029],[127.96221,36.944787],[127.962383,36.944715],[127.9624302,36.9447272],[127.9624906,36.9447126],[127.9625065,36.9447687],[127.9625065,36.9447793],[127.9625059,36.9447796],[127.9624238,36.9448219],[127.9626627,36.9447861],[127.9626792,36.9447684],[127.9626946,36.9447631],[127.9627127,36.9447551],[127.9627548,36.9447341],[127.9628042,36.9447037],[127.9628386,36.9446806],[127.9629468,36.9446002],[127.9630496,36.9445463],[127.9631969,36.9444889],[127.9633688,36.9443677],[127.9633911,36.9443492],[127.9634009,36.9443522],[127.9634747,36.9443382],[127.9635276,36.9443375],[127.9635849,36.9443427],[127.9636619,36.9443361],[127.9637283,36.9443332],[127.9639396,36.9443682],[127.9640209,36.9443707],[127.9641074,36.9443615],[127.964171,36.9443594],[127.9642466,36.9443331],[127.9642859,36.9443123],[127.9643123,36.9443124],[127.9644577,36.944232],[127.9644926,36.9442178],[127.9645487,36.9441977],[127.9645709,36.9441779],[127.9645795,36.9441702],[127.9646176,36.9441391],[127.9646657,36.9441067],[127.9646678,36.9441009],[127.9646354,36.9440801],[127.9645892,36.9440455],[127.9645673,36.9440448],[127.9643848,36.9441498],[127.9642071,36.9442285],[127.9640093,36.9442479],[127.9637968,36.9442138],[127.9637116,36.9441978],[127.9636499,36.9441927],[127.9635629,36.9441917],[127.963476,36.9441971],[127.9634183,36.9442105],[127.9633335,36.9442424],[127.9631034,36.9443061],[127.963093,36.9443496],[127.96307,36.9443666],[127.9630142,36.9444033],[127.9629565,36.9444492],[127.962793,36.9445416],[127.9627394,36.94457],[127.9626848,36.9446032],[127.9626544,36.9446216],[127.9626108,36.9446399],[127.9625597,36.9446449],[127.962534,36.9446473],[127.9624457,36.944635],[127.9623482,36.9446521],[127.9622909,36.9446543],[127.9622342,36.944669],[127.9621763,36.9447149],[127.9620091,36.9447628],[127.961963,36.944776],[127.9617442,36.944832],[127.9617382,36.9448324],[127.9616416,36.9448532],[127.9616271,36.9448553],[127.9615493,36.9448534],[127.9615248,36.9448468],[127.9613422,36.944797],[127.9612221,36.9447687],[127.9611764,36.9447286],[127.9611169,36.944717],[127.961064,36.9447156],[127.9608863,36.9447194],[127.9606686,36.9447549],[127.9605964,36.9447606],[127.9605748,36.9447573],[127.960487,36.944718],[127.9603423,36.9447046],[127.9602606,36.9446839],[127.9602028,36.9446757],[127.9601673,36.9447066],[127.9601138,36.9447785],[127.9600903,36.9448165],[127.9601088,36.9448835],[127.9601353,36.9449692],[127.9601404,36.9450655],[127.9601367,36.9450783],[127.9601229,36.9450882],[127.9601052,36.9450898],[127.9599485,36.9450621],[127.9598785,36.9450299],[127.9597999,36.9450002],[127.9596662,36.9448938],[127.9595953,36.9447982],[127.9595329,36.9447071],[127.9594593,36.944634],[127.9592736,36.9445565],[127.9592047,36.9444961],[127.9592035,36.9444951],[127.9591196,36.944443],[127.9590473,36.9444024],[127.958973,36.9443759],[127.958966,36.9443734],[127.9588914,36.9443062],[127.9587646,36.9442869],[127.9587642,36.9442832],[127.9586768,36.9442519],[127.9586789,36.9442482],[127.9586629,36.9442394],[127.9586014,36.9442333],[127.9585327,36.9441484],[127.9584459,36.9441253],[127.9583731,36.944149],[127.9581757,36.9440703],[127.9581102,36.9440411],[127.9580425,36.9439828],[127.9580138,36.9439706],[127.9579049,36.9438934],[127.9578983,36.9438901],[127.9577591,36.9437815],[127.9576218,36.9436936],[127.9575566,36.943662],[127.9574884,36.9436638],[127.9574877,36.9436634],[127.9574559,36.9436646],[127.9574559,36.9436707],[127.9574527,36.943671],[127.9572814,36.943725],[127.9572719,36.9437282],[127.9571713,36.9437607],[127.9571656,36.9437626],[127.9570947,36.9438085],[127.9568948,36.9438572],[127.956571,36.9438936],[127.9565163,36.9438848],[127.9565043,36.9438979],[127.9564411,36.9439163],[127.9563496,36.9439281],[127.9562022,36.9439261],[127.9560992,36.9439176],[127.9559884,36.9439009],[127.9559032,36.9438807],[127.9558269,36.9438857],[127.9557344,36.94391],[127.9556653,36.9438965],[127.9556536,36.9439001],[127.9555585,36.9439021],[127.9553341,36.9439335],[127.9552063,36.9439686],[127.9551687,36.9439914],[127.9551231,36.9440182],[127.9550824,36.9440173],[127.9550674,36.9440272],[127.9550021,36.9440759],[127.9549407,36.9440983],[127.9549228,36.9440658],[127.9549027,36.9440748],[127.9546986,36.9441204],[127.9544929,36.9441577],[127.9542816,36.9441581],[127.9540706,36.94414],[127.9538511,36.9441161],[127.95363,36.9440864],[127.953578,36.9440787],[127.9534067,36.9440535],[127.9532759,36.9440444],[127.9532203,36.9440462],[127.9531641,36.9440481],[127.952932,36.9440905],[127.9527102,36.9441568],[127.9526742,36.9441879],[127.9525501,36.9443085],[127.9525643,36.9443393],[127.9527654,36.9442556],[127.9529239,36.9442199],[127.9529308,36.9442337],[127.9530366,36.944204],[127.9530869,36.9441862],[127.9531809,36.9441677],[127.9533776,36.9442013],[127.9535762,36.9442025],[127.9536268,36.9442178],[127.9537735,36.9442316],[127.9539167,36.944247],[127.9540662,36.9442865],[127.9542104,36.9442791],[127.9542764,36.9442874],[127.9545098,36.9442798],[127.9547338,36.9442282],[127.9548686,36.9442041],[127.9549996,36.9441975],[127.9550502,36.9441899],[127.9550847,36.9441848],[127.9550934,36.9441871],[127.9550739,36.9441557],[127.955181,36.9441135],[127.9553642,36.9440584]]]}},{"type":"Feature","properties":{"admin_code":"43800","admin_name":"단양군","river_name":"당동천","source_record_count":1,"latest_notice_date":"20221223","area_m2":6939.47,"perimeter_m":2223.55,"width_proxy_m":6.24,"width_class":"narrow","center_lon":128.3688335,"center_lat":36.9222812,"candidate_rank":8},"geometry":{"type":"Polygon","coordinates":[[[128.3728253,36.9242069],[128.3727921,36.9241656],[128.3727646,36.9241363],[128.3727276,36.9240671],[128.372706,36.9240636],[128.3725168,36.9239769],[128.3723839,36.9239275],[128.3722964,36.923882],[128.3722132,36.9238323],[128.3721288,36.9237746],[128.3720893,36.92374],[128.3720587,36.9237131],[128.3719968,36.9236498],[128.371948,36.9235958],[128.3719166,36.9235513],[128.3718802,36.9234901],[128.3718777,36.9234337],[128.3718892,36.9233281],[128.3718517,36.9232497],[128.3718316,36.9232196],[128.3717899,36.9231726],[128.371762,36.9231453],[128.3716888,36.9230764],[128.3716782,36.9230429],[128.3716135,36.9230065],[128.3716115,36.9230054],[128.3715435,36.9229618],[128.3714843,36.9229511],[128.3712944,36.9229074],[128.3711283,36.9228689],[128.3710621,36.9228396],[128.3710708,36.9228199],[128.3710328,36.9228018],[128.3710114,36.9227955],[128.3704851,36.922639],[128.3704557,36.9226357],[128.3704177,36.9226616],[128.3703723,36.9226558],[128.3703625,36.92266],[128.3703205,36.922659],[128.3701388,36.9225593],[128.3700978,36.922543],[128.3700521,36.922531],[128.3700438,36.9225096],[128.3700153,36.9224964],[128.3699617,36.9224717],[128.3698651,36.92245],[128.3698097,36.9224336],[128.3696821,36.9224102],[128.3694849,36.9224075],[128.3694224,36.9224085],[128.3693584,36.9224106],[128.3692926,36.9223983],[128.3692632,36.9223856],[128.3691877,36.922353],[128.3691452,36.9223356],[128.3690555,36.9222987],[128.3689925,36.9222767],[128.368949,36.9222478],[128.3688508,36.9222296],[128.3686216,36.9221869],[128.3685071,36.92213],[128.3684502,36.9221017],[128.3684341,36.9220964],[128.3684173,36.9220812],[128.368324,36.9220552],[128.3682839,36.9220351],[128.3682204,36.9219652],[128.3682034,36.9219466],[128.3680057,36.9218259],[128.3680077,36.9218199],[128.3680175,36.9218048],[128.3679962,36.9217951],[128.3679593,36.9217713],[128.3678422,36.9216554],[128.3677895,36.9215742],[128.3677499,36.921528],[128.3677372,36.921516],[128.3676512,36.9214307],[128.3676288,36.9214073],[128.3675544,36.921369],[128.3675439,36.9213186],[128.367483,36.9212583],[128.3674603,36.9212659],[128.3673086,36.9211193],[128.3672995,36.9211253],[128.3668897,36.9209777],[128.3667052,36.9206036],[128.3667013,36.9206048],[128.3666782,36.9206121],[128.3663038,36.9203047],[128.366304,36.9202997],[128.366294,36.9202872],[128.366258,36.9203058],[128.366241,36.9203146],[128.3662481,36.9203233],[128.3666542,36.9206569],[128.3668106,36.9209961],[128.366813,36.9209965],[128.3668217,36.9210186],[128.3668329,36.9210171],[128.3669191,36.9210363],[128.3669728,36.9210556],[128.3670782,36.9210936],[128.3670789,36.9210923],[128.3672576,36.9211567],[128.367366,36.9212623],[128.3676403,36.9215306],[128.3680038,36.9218894],[128.3680415,36.9219265],[128.368008,36.9219121],[128.3680088,36.9219128],[128.3680027,36.9219099],[128.367837,36.9218388],[128.3678327,36.9218366],[128.3677829,36.9218294],[128.3677834,36.9218268],[128.3677645,36.9218256],[128.3677294,36.9218254],[128.3675844,36.9218296],[128.3674973,36.9218351],[128.3674538,36.9218326],[128.3674164,36.9218278],[128.3673723,36.9218189],[128.3673133,36.9217997],[128.3672559,36.9217799],[128.367259,36.9217768],[128.3672249,36.9217656],[128.3672248,36.9217658],[128.3671812,36.9217415],[128.3671464,36.9217191],[128.3671162,36.921695],[128.3670669,36.921671],[128.3670092,36.9216364],[128.3669565,36.9216126],[128.3668967,36.9215943],[128.3668965,36.9215943],[128.3668882,36.9215937],[128.3668673,36.9215923],[128.3668455,36.9215928],[128.3668167,36.9215986],[128.3668139,36.9216005],[128.366814,36.9216005],[128.3667577,36.9216084],[128.3667548,36.9216073],[128.3665456,36.9216439],[128.3665289,36.9216446],[128.3665188,36.921639],[128.3665153,36.9216397],[128.3664927,36.9216244],[128.3664622,36.9216073],[128.3662454,36.921484],[128.3661624,36.921455],[128.3660903,36.9214299],[128.3660258,36.9213844],[128.3659275,36.9212997],[128.3658778,36.9212711],[128.3658033,36.9212428],[128.3657975,36.9212398],[128.3657616,36.9212123],[128.3657338,36.9211966],[128.3657321,36.9211964],[128.3656848,36.9211596],[128.3656564,36.9211309],[128.3656359,36.9211048],[128.3656128,36.9210773],[128.3655753,36.9210341],[128.3655171,36.9209632],[128.3655104,36.9209442],[128.3654994,36.9209246],[128.3654912,36.9209164],[128.3654052,36.9208312],[128.3654043,36.9208314],[128.3654001,36.9208262],[128.3652333,36.9206609],[128.3652263,36.9206561],[128.3651634,36.9206622],[128.3651811,36.9206796],[128.3651817,36.9206799],[128.365186,36.9206845],[128.3654395,36.9209352],[128.3654739,36.9209687],[128.3655427,36.9210517],[128.3656292,36.9211536],[128.3657033,36.9212205],[128.3657452,36.9212539],[128.3657525,36.921256],[128.3657591,36.9212887],[128.3658118,36.9212962],[128.3659349,36.9213831],[128.3660197,36.9214425],[128.3660346,36.9214521],[128.3660512,36.921463],[128.3661543,36.9215168],[128.3661793,36.9215234],[128.366212,36.9215312],[128.366226,36.9215371],[128.3662305,36.9215381],[128.3662562,36.921539],[128.3662795,36.9215549],[128.3663467,36.9215972],[128.3664505,36.9216566],[128.3664624,36.9216697],[128.3664941,36.9216853],[128.3665875,36.921683],[128.366657,36.9216684],[128.3667125,36.9216567],[128.3667834,36.9216441],[128.3668502,36.9216344],[128.3669087,36.9216459],[128.3669805,36.9216728],[128.3670748,36.9217215],[128.3671985,36.9217964],[128.3671962,36.9217991],[128.367225,36.9218108],[128.3672613,36.9218251],[128.36734,36.9218504],[128.3674236,36.9218694],[128.367448,36.9218714],[128.3675902,36.9218691],[128.3677282,36.9218636],[128.3677587,36.9218666],[128.367816,36.9218791],[128.3678279,36.9218814],[128.3681303,36.9220138],[128.3681513,36.9220344],[128.3681666,36.9220492],[128.3682037,36.922085],[128.3683035,36.9221812],[128.3683392,36.9221576],[128.3684934,36.9222327],[128.3685031,36.9222373],[128.3685129,36.9222416],[128.3685229,36.9222457],[128.3685331,36.9222495],[128.3685434,36.9222531],[128.3685538,36.9222564],[128.3685644,36.9222595],[128.368575,36.9222623],[128.3685858,36.9222649],[128.3685966,36.9222672],[128.3686076,36.9222692],[128.3686186,36.922271],[128.3686296,36.9222725],[128.3686442,36.9222742],[128.3686727,36.9222858],[128.3687491,36.9223114],[128.3687555,36.9223162],[128.3687911,36.9223437],[128.3687993,36.9223498],[128.3688078,36.9223557],[128.3688145,36.9223603],[128.3688588,36.9223891],[128.3688676,36.9223947],[128.3688765,36.9224001],[128.3688856,36.9224054],[128.3688948,36.9224106],[128.3689041,36.9224156],[128.3689136,36.9224204],[128.3689232,36.9224251],[128.3689329,36.9224296],[128.3689427,36.922434],[128.3689527,36.9224381],[128.3689627,36.9224422],[128.3689701,36.922445],[128.3689666,36.922448],[128.3690436,36.9224712],[128.3690723,36.9224737],[128.3690832,36.9224759],[128.3690941,36.9224779],[128.3691051,36.9224797],[128.3691161,36.9224813],[128.3691272,36.9224828],[128.3691383,36.9224841],[128.3691495,36.9224852],[128.3691606,36.9224862],[128.3691698,36.9224869],[128.3693258,36.9224973],[128.369337,36.9224979],[128.3693482,36.9224984],[128.3693595,36.9224987],[128.3693707,36.9224989],[128.3693819,36.9224989],[128.3693931,36.9224987],[128.3694037,36.9224983],[128.3694688,36.9224958],[128.36948,36.9224955],[128.3694912,36.9224953],[128.3695025,36.9224954],[128.3695116,36.9224956],[128.3696352,36.9224988],[128.3696464,36.9224992],[128.3696576,36.9224999],[128.3696687,36.9225008],[128.3696799,36.9225019],[128.369691,36.9225033],[128.369702,36.922505],[128.3697114,36.9225065],[128.3697224,36.9225086],[128.3697332,36.9225108],[128.3697441,36.9225132],[128.3697548,36.9225158],[128.3697655,36.9225185],[128.3697761,36.9225215],[128.3697866,36.9225246],[128.3697971,36.9225279],[128.3698074,36.9225314],[128.3698177,36.9225351],[128.3698212,36.9225364],[128.3699465,36.9225833],[128.3699566,36.9226083],[128.3699681,36.9226101],[128.3699795,36.9225632],[128.3700292,36.9225501],[128.3701124,36.9225908],[128.3702966,36.9226892],[128.3703125,36.9227138],[128.3703788,36.9227068],[128.370412,36.922697],[128.3704119,36.9226967],[128.3705632,36.9227418],[128.3707788,36.9228048],[128.3709917,36.9228655],[128.3710155,36.9228722],[128.3710402,36.9228791],[128.3710698,36.9228876],[128.371099,36.9228959],[128.3711549,36.922909],[128.3712442,36.9229285],[128.3713795,36.9229618],[128.3714354,36.9229756],[128.3714923,36.9229903],[128.3715129,36.9230017],[128.371567,36.923047],[128.3716537,36.9231169],[128.3717189,36.9231745],[128.3717487,36.9232024],[128.3717954,36.9232591],[128.3718169,36.9232992],[128.3718223,36.9233257],[128.3718294,36.9233852],[128.3718293,36.9234405],[128.371838,36.9234927],[128.3718658,36.9235477],[128.3718914,36.9235903],[128.3719241,36.9236386],[128.3719543,36.9236765],[128.3719991,36.9237247],[128.372053,36.9237752],[128.372107,36.9238181],[128.3721749,36.923861],[128.3722711,36.9239143],[128.3724026,36.9239787],[128.3725349,36.9240423],[128.3726961,36.9241233],[128.3727385,36.9241526],[128.3727645,36.924183],[128.372783,36.9242138],[128.3728056,36.9242681],[128.3728456,36.9242574],[128.3728253,36.9242069]]]}},{"type":"Feature","properties":{"admin_code":"43770","admin_name":"음성군","river_name":"오신천","source_record_count":1,"latest_notice_date":"20190705","area_m2":217449.37,"perimeter_m":14851.61,"width_proxy_m":29.28,"width_class":"wide","center_lon":127.6325986,"center_lat":37.0159927,"candidate_rank":9},"geometry":{"type":"Polygon","coordinates":[[[127.6177659,37.0339617],[127.6178086,37.0339499],[127.6178061,37.0339479],[127.6178077,37.0339475],[127.6178463,37.0339094],[127.6178848,37.0338713],[127.6179116,37.0338337],[127.6179515,37.0336875],[127.6180661,37.0333554],[127.618101,37.0333348],[127.6181499,37.033306],[127.6181499,37.033278],[127.6181493,37.033173],[127.6181766,37.0330633],[127.6181874,37.0330469],[127.6181772,37.0330162],[127.6181787,37.032913],[127.6181791,37.0328845],[127.6182365,37.0325054],[127.6182342,37.0324904],[127.6182433,37.0324065],[127.6182801,37.032237],[127.6182855,37.0322353],[127.6183025,37.0322298],[127.6183057,37.0321927],[127.618334,37.0321406],[127.6183282,37.0320797],[127.6183282,37.0320796],[127.618339,37.0319844],[127.6183068,37.0319542],[127.6182877,37.0319362],[127.6183653,37.031415],[127.6183662,37.0313563],[127.6184268,37.0308313],[127.6184588,37.03076],[127.6184551,37.0307059],[127.6184608,37.0305905],[127.6184991,37.0303036],[127.6185646,37.0301588],[127.618565,37.0301579],[127.6186895,37.0298688],[127.6187068,37.0297727],[127.6186803,37.0296604],[127.6186612,37.0295891],[127.6186563,37.0295708],[127.6186844,37.0294771],[127.6187198,37.029426],[127.618732,37.0293935],[127.6187458,37.029374],[127.6187483,37.0293629],[127.6188125,37.0292706],[127.6188574,37.029216],[127.6188621,37.0292127],[127.6188669,37.0292092],[127.6189022,37.0291674],[127.6190136,37.0290357],[127.619047,37.0289946],[127.6190599,37.0289748],[127.6190872,37.0289784],[127.6191233,37.0289831],[127.6193487,37.0288164],[127.6194533,37.02873],[127.6195504,37.0286909],[127.6197535,37.0286695],[127.6198425,37.0286435],[127.6200424,37.028601],[127.6201552,37.0286312],[127.6202472,37.0286488],[127.6203928,37.0286453],[127.6204941,37.0285903],[127.6206775,37.0285242],[127.6208141,37.0284849],[127.6209408,37.0284569],[127.6211046,37.0284324],[127.6213232,37.0284178],[127.6218573,37.0283948],[127.6223615,37.0283677],[127.6224898,37.0283496],[127.6226366,37.0283193],[127.622759,37.0282859],[127.6228634,37.0282496],[127.6229671,37.0282013],[127.6230572,37.0281513],[127.6231584,37.0280818],[127.6232385,37.0280142],[127.6233031,37.0279484],[127.6233736,37.0278601],[127.6234305,37.0277719],[127.6234854,37.0276714],[127.6235252,37.0275698],[127.6235763,37.0273918],[127.6236428,37.0271088],[127.6237027,37.0268237],[127.6236978,37.0268135],[127.6236293,37.0267578],[127.6235494,37.0266378],[127.6234205,37.0264294],[127.6233425,37.0262994],[127.623289,37.0261647],[127.6232444,37.0260524],[127.6232273,37.0260418],[127.6231832,37.0259339],[127.6231182,37.025771],[127.6230992,37.0257258],[127.6230706,37.0256537],[127.6230704,37.0256244],[127.6230363,37.0255226],[127.6230319,37.0254941],[127.6230415,37.0254655],[127.6230707,37.0254311],[127.6231496,37.0253732],[127.6231752,37.0253608],[127.6232678,37.0253228],[127.6233119,37.0253107],[127.6233254,37.0253016],[127.6234773,37.02525],[127.6237169,37.0252152],[127.623944,37.0252055],[127.6240889,37.0252066],[127.6241251,37.0252205],[127.6243621,37.0252236],[127.6244005,37.0252295],[127.6245961,37.0252284],[127.6246988,37.0252314],[127.6247641,37.0252581],[127.6249535,37.0253135],[127.6250908,37.0253393],[127.6252631,37.0253386],[127.6254425,37.0253509],[127.6255999,37.0253728],[127.6257828,37.0254123],[127.6259807,37.0253401],[127.6260078,37.0252997],[127.6264163,37.0250421],[127.626697,37.0248395],[127.6267529,37.0247976],[127.6268259,37.0247393],[127.6269133,37.0247077],[127.6271651,37.0246607],[127.6273124,37.0246463],[127.6274696,37.024619],[127.6276043,37.0246294],[127.6278774,37.0246505],[127.6279813,37.0246534],[127.6280222,37.0246546],[127.6280492,37.02467],[127.6281256,37.0245354],[127.6281614,37.0245449],[127.6282023,37.0245038],[127.6284042,37.0244596],[127.6286073,37.024422],[127.6287158,37.024403],[127.6288708,37.0243477],[127.6290323,37.0242682],[127.62921,37.024142],[127.6293207,37.0240346],[127.6293398,37.024016],[127.6293526,37.0239952],[127.6293542,37.0239761],[127.6293734,37.0239097],[127.6293972,37.0238276],[127.6294478,37.0234344],[127.6294461,37.023394],[127.6295595,37.0227029],[127.6296075,37.0225868],[127.6296178,37.0225383],[127.6296979,37.0223787],[127.6297725,37.0222737],[127.6298641,37.0222182],[127.6300983,37.0221196],[127.630208,37.0220922],[127.6302575,37.0220799],[127.6302671,37.0220753],[127.6303474,37.0220366],[127.6304519,37.022019],[127.6307958,37.0219344],[127.6308654,37.021891],[127.6308663,37.0218907],[127.6308662,37.0218879],[127.6308795,37.0218864],[127.6309902,37.0218507],[127.6311882,37.0217756],[127.6312537,37.0217368],[127.6313905,37.0216388],[127.6314752,37.0215538],[127.631537,37.0214603],[127.6316438,37.0212592],[127.6316625,37.0212295],[127.6316788,37.0211215],[127.6316857,37.0209871],[127.6316752,37.0207768],[127.6316722,37.0207291],[127.6316648,37.0207177],[127.6316018,37.0203207],[127.6315889,37.020294],[127.6315596,37.0201331],[127.6315123,37.0198347],[127.6315159,37.0198028],[127.6314497,37.0197709],[127.6314419,37.0197038],[127.6314126,37.0193959],[127.6314071,37.0192386],[127.6314019,37.0189176],[127.6314008,37.0186882],[127.6314056,37.0184918],[127.6314077,37.0182539],[127.6314444,37.0181772],[127.6314445,37.018168],[127.631444,37.0181652],[127.6314446,37.0181651],[127.631446,37.0180863],[127.6314544,37.0178808],[127.6314948,37.0176381],[127.6315202,37.0175782],[127.6315498,37.0174776],[127.6315862,37.017347],[127.6317095,37.0170775],[127.6318143,37.0169162],[127.6320405,37.0166557],[127.632043,37.0166533],[127.6320586,37.0166392],[127.632058,37.0166467],[127.6320844,37.0166158],[127.6321423,37.0165646],[127.632176,37.0165526],[127.6323144,37.0165033],[127.6323362,37.0164907],[127.6324576,37.0164121],[127.6325623,37.0163294],[127.6326262,37.0162588],[127.6327815,37.0160018],[127.6327894,37.0159829],[127.6329976,37.0155977],[127.6330687,37.0154918],[127.63307,37.0154933],[127.6330774,37.0154789],[127.6331858,37.0153175],[127.6332398,37.0152556],[127.633255,37.0152424],[127.6333161,37.0152238],[127.6334172,37.0152193],[127.6334623,37.0152067],[127.633676,37.015207],[127.6336964,37.0152118],[127.6339409,37.0152117],[127.6339568,37.0152036],[127.6340267,37.015206],[127.6343009,37.0152156],[127.6343784,37.0152151],[127.634456,37.0152145],[127.6345493,37.0152203],[127.6346537,37.0152552],[127.6347395,37.0153136],[127.6347811,37.0153419],[127.634787,37.0153477],[127.6347998,37.0153513],[127.6348057,37.0153661],[127.6348131,37.0153735],[127.6350547,37.0153222],[127.6352258,37.015286],[127.6352766,37.0153328],[127.6352983,37.015304],[127.6355594,37.0152392],[127.6357163,37.0151784],[127.635854,37.0151035],[127.635884,37.0150871],[127.6359332,37.0150498],[127.6359654,37.0150267],[127.6360105,37.0150029],[127.6363496,37.0147641],[127.6366539,37.0145405],[127.6366579,37.0145398],[127.6366593,37.0145382],[127.6368122,37.014526],[127.6369445,37.0145266],[127.6369989,37.0145382],[127.6370326,37.0145591],[127.6372883,37.0146899],[127.6373676,37.0146912],[127.6374147,37.0147079],[127.6374701,37.0147392],[127.6376243,37.0147769],[127.6378093,37.0148322],[127.6378506,37.0148434],[127.6379454,37.0148461],[127.6381902,37.014853],[127.6384979,37.0148422],[127.6388171,37.0148153],[127.6389422,37.0147921],[127.6389561,37.0147885],[127.6391481,37.0147325],[127.63938,37.0146595],[127.6396944,37.0145275],[127.6397149,37.0145247],[127.6398397,37.0144736],[127.6398523,37.0144712],[127.6398621,37.0144702],[127.6399584,37.0144601],[127.6401307,37.0144006],[127.640233,37.0143346],[127.6402713,37.0142883],[127.6403423,37.0142065],[127.6403834,37.0141883],[127.6404306,37.0141488],[127.6404706,37.0140989],[127.6405252,37.0140466],[127.6406291,37.0138658],[127.6406923,37.0137042],[127.6406747,37.0136173],[127.6406904,37.0135226],[127.6406943,37.0135078],[127.6406668,37.0134999],[127.6406673,37.0134946],[127.6406693,37.0134712],[127.6406798,37.013429],[127.6407094,37.0133542],[127.6407877,37.0132194],[127.6407926,37.0132069],[127.6408543,37.0131261],[127.6408739,37.0131003],[127.6409813,37.0130217],[127.6411758,37.012924],[127.6412737,37.0128886],[127.641276,37.0128927],[127.6413191,37.012876],[127.6413559,37.0128641],[127.6414329,37.012844],[127.6417101,37.012836],[127.642259,37.0128484],[127.6422861,37.0128605],[127.6422944,37.0128492],[127.64237,37.0128509],[127.6424168,37.012845],[127.6426467,37.0128583],[127.6426493,37.01286],[127.6426559,37.0128589],[127.6429266,37.0128746],[127.6432024,37.0128428],[127.6434264,37.0127772],[127.6436107,37.0126536],[127.6437053,37.0125404],[127.6437955,37.012395],[127.643779,37.0123239],[127.643777,37.0123231],[127.6437777,37.0123184],[127.6437695,37.0122833],[127.6437691,37.0122647],[127.6437627,37.012234],[127.6437709,37.0121759],[127.6437627,37.01199],[127.643685,37.0119004],[127.6436477,37.0118611],[127.643636,37.011761],[127.6436014,37.0116569],[127.643589,37.0116242],[127.6435819,37.0116056],[127.6436119,37.0115482],[127.6437843,37.0114444],[127.6437902,37.011442],[127.6437998,37.0114389],[127.6439012,37.0114295],[127.643965,37.0114073],[127.6440793,37.01136],[127.6441244,37.0113529],[127.6441314,37.0113555],[127.644162,37.011347],[127.6441944,37.0113419],[127.6442776,37.0113323],[127.6443253,37.0113249],[127.6443505,37.0113239],[127.6443653,37.0113222],[127.6445635,37.0113081],[127.6447745,37.0112761],[127.6447971,37.0112784],[127.6450041,37.0112169],[127.6450407,37.0112202],[127.6450494,37.0112262],[127.64513,37.0111878],[127.6451401,37.0111666],[127.6451879,37.0111411],[127.6453982,37.0110816],[127.6456769,37.0110163],[127.6456966,37.0110105],[127.6458513,37.0109846],[127.6458888,37.0109544],[127.6459441,37.0109382],[127.6460681,37.0108759],[127.6461422,37.0108169],[127.6461651,37.0107782],[127.6461766,37.0107711],[127.646184,37.0107388],[127.6461902,37.0107414],[127.6462175,37.0107099],[127.6462746,37.0105647],[127.6462763,37.0103131],[127.6462775,37.0103099],[127.6462778,37.01031],[127.6462886,37.010288],[127.6463291,37.0102609],[127.6463352,37.0101382],[127.6463964,37.0101051],[127.6463876,37.0100653],[127.6465142,37.0098412],[127.6465394,37.0098141],[127.6466689,37.0095774],[127.6468069,37.0093828],[127.6469304,37.0092388],[127.6471031,37.0090485],[127.6472036,37.0089223],[127.6472577,37.0088144],[127.6472857,37.0087194],[127.6472978,37.0085881],[127.6472766,37.0084668],[127.6472584,37.0084096],[127.6472595,37.0083859],[127.6472694,37.0083379],[127.647232,37.0083271],[127.6472133,37.0082684],[127.6472018,37.0082325],[127.6471993,37.0082246],[127.6471219,37.0081182],[127.6471223,37.0081132],[127.6471088,37.0080885],[127.6470886,37.0080723],[127.6470666,37.00804],[127.6470067,37.0079396],[127.6469938,37.007916],[127.6469558,37.0078393],[127.6469473,37.0077776],[127.6469453,37.0077282],[127.6469733,37.0076499],[127.6470814,37.0075226],[127.6471105,37.0075007],[127.6472846,37.0074363],[127.6473231,37.0074302],[127.6477708,37.0073697],[127.6477847,37.007369],[127.6478026,37.0073666],[127.6481352,37.0073227],[127.6481771,37.0073141],[127.6482406,37.0073008],[127.6482924,37.0072981],[127.6484947,37.0072123],[127.648572,37.0071759],[127.648669,37.0071184],[127.6486835,37.0071028],[127.648763,37.0070374],[127.64879,37.0070178],[127.6492506,37.0066276],[127.6494571,37.0064581],[127.6496732,37.006279],[127.6497361,37.0062786],[127.6497559,37.0062565],[127.6497653,37.0062033],[127.6498133,37.0060902],[127.6498138,37.0060903],[127.649835,37.0060668],[127.6498384,37.0060629],[127.6499293,37.0059622],[127.649943,37.0059265],[127.6499975,37.0057844],[127.6500462,37.0055922],[127.6499384,37.0054232],[127.6498527,37.0052926],[127.6497893,37.0052126],[127.6498008,37.005155],[127.6496754,37.0050464],[127.64967,37.0050339],[127.6495448,37.0049302],[127.6495136,37.0049254],[127.649506,37.0049139],[127.6495049,37.0049242],[127.6494711,37.004867],[127.6494032,37.004752],[127.6493821,37.0047255],[127.6493225,37.0045473],[127.6493557,37.0045198],[127.6493642,37.0045128],[127.6491443,37.00412],[127.6490564,37.0040787],[127.6489941,37.0039901],[127.6489521,37.003884],[127.6489493,37.0037534],[127.6489348,37.0037418],[127.6489553,37.0036243],[127.6489909,37.0034737],[127.6489908,37.0034472],[127.6489907,37.0034207],[127.6489912,37.0033847],[127.6489726,37.003274],[127.6489637,37.0031982],[127.6489701,37.0031475],[127.6489794,37.0031342],[127.6489325,37.0029957],[127.6488376,37.0028528],[127.6488017,37.0028411],[127.6486553,37.0027021],[127.6486357,37.0026799],[127.648631,37.002676],[127.6485479,37.0025752],[127.6485185,37.0025291],[127.6485174,37.0025195],[127.6485162,37.0025099],[127.648533,37.0024929],[127.648553,37.0024725],[127.6485506,37.0024323],[127.6486308,37.0022667],[127.6487231,37.0020802],[127.6487227,37.0019973],[127.6486866,37.0019668],[127.6486265,37.0017947],[127.6486205,37.0017736],[127.6486226,37.0017711],[127.6486085,37.0016989],[127.6485187,37.0016216],[127.6484521,37.0015833],[127.6483179,37.0014799],[127.6481275,37.0013824],[127.6480607,37.0013425],[127.6480298,37.0013136],[127.6480192,37.0012934],[127.6480301,37.0011872],[127.6480712,37.0011489],[127.6481659,37.001003],[127.6481282,37.0009596],[127.6478228,37.0006037],[127.6479522,37.000337],[127.6479624,37.0002948],[127.6479594,37.0001509],[127.6479849,37.0000312],[127.6479821,36.9999725],[127.6480445,36.9998751],[127.6482184,36.999752],[127.6482557,36.999699],[127.648395,36.9996125],[127.6486253,36.9994385],[127.6487665,36.9993279],[127.6488062,36.9993092],[127.6488049,36.9993087],[127.6488406,36.9992806],[127.6489475,36.9990379],[127.648956,36.9990254],[127.6489583,36.9990196],[127.6489992,36.9989593],[127.6490039,36.998956],[127.6490242,36.9989301],[127.6491273,36.9988449],[127.6491782,36.9988241],[127.6491843,36.998819],[127.6492348,36.9987771],[127.6492368,36.9987754],[127.6493334,36.998753],[127.6494468,36.9987268],[127.6494672,36.9987177],[127.6494684,36.9987192],[127.6495797,36.9986756],[127.6495933,36.9986655],[127.6496538,36.9986066],[127.6497469,36.9984909],[127.6498064,36.9984119],[127.6498636,36.9982912],[127.6498856,36.9982621],[127.6499271,36.9982],[127.6499466,36.9981879],[127.6500873,36.998108],[127.6501332,36.9980499],[127.6501249,36.9979909],[127.6501232,36.9979518],[127.6501286,36.9979412],[127.6501225,36.9979369],[127.6501198,36.9978761],[127.6501038,36.9978624],[127.6501038,36.9978623],[127.6500697,36.9978662],[127.6500671,36.9978684],[127.6500711,36.9979424],[127.6500666,36.9980009],[127.6500485,36.9980274],[127.6498639,36.9981398],[127.6498268,36.998175],[127.6498164,36.9981815],[127.6497386,36.9982804],[127.6497326,36.9982935],[127.6497099,36.9983272],[127.6496333,36.9984767],[127.6495703,36.9985665],[127.649407,36.9986404],[127.6492483,36.998652],[127.6491501,36.9987034],[127.6491206,36.9987197],[127.6490272,36.998789],[127.6489196,36.9989078],[127.6488295,36.9990304],[127.6487797,36.9991045],[127.6487854,36.9991231],[127.6486994,36.9992656],[127.6486473,36.9993131],[127.6483566,36.9995076],[127.6481914,36.9996216],[127.6480585,36.9996708],[127.6479719,36.9997143],[127.6479178,36.9997803],[127.6478661,36.9998734],[127.6478642,36.9998838],[127.6478742,36.9998983],[127.6478659,36.999935],[127.6478336,37.0000646],[127.6478047,37.0002104],[127.6478052,37.0002685],[127.6478339,37.0002999],[127.6477557,37.0005391],[127.6477376,37.0006138],[127.6477165,37.0006901],[127.6477321,37.0007485],[127.6477336,37.0007507],[127.6477568,37.0007496],[127.6478079,37.0008144],[127.6479242,37.0009622],[127.647945,37.0009887],[127.6478812,37.0011165],[127.6478616,37.001116],[127.647853,37.0011338],[127.6478627,37.0011413],[127.6478388,37.0012005],[127.6478085,37.0012222],[127.6477729,37.0013104],[127.6478499,37.0013492],[127.6479299,37.001454],[127.6479786,37.001487],[127.6479923,37.0014964],[127.6482196,37.0016323],[127.6482428,37.0016473],[127.6483229,37.0016931],[127.6483963,37.0017296],[127.6484455,37.0017767],[127.6484865,37.0017743],[127.6485035,37.0018219],[127.6485048,37.0018286],[127.6485034,37.0018447],[127.6485338,37.0019313],[127.6485345,37.0019325],[127.6485394,37.0019536],[127.6485481,37.0019562],[127.6485412,37.0019613],[127.6485631,37.0020544],[127.6485216,37.0021434],[127.6484597,37.0022175],[127.6483604,37.0022772],[127.6483334,37.0023027],[127.6482926,37.0023534],[127.6482728,37.0024087],[127.6482955,37.0024779],[127.6483189,37.0025083],[127.6483739,37.0025797],[127.648436,37.0026531],[127.6486259,37.0028371],[127.6487307,37.0029361],[127.6487468,37.0029513],[127.6487627,37.0029765],[127.6487808,37.0030051],[127.6487955,37.0030385],[127.6487986,37.0030684],[127.6488,37.0030823],[127.6488295,37.0032215],[127.6488414,37.0033263],[127.6488424,37.003442],[127.6488242,37.0036474],[127.6488058,37.0037613],[127.6488059,37.0038974],[127.6488302,37.0040018],[127.6488278,37.0040051],[127.6487909,37.0040545],[127.6488735,37.0041792],[127.6489556,37.0042999],[127.6489671,37.0043648],[127.6489954,37.0043876],[127.6490106,37.0043925],[127.6490771,37.0045378],[127.6491193,37.0046718],[127.6491637,37.0047389],[127.6491839,37.0047863],[127.6491872,37.0048014],[127.6491952,37.0048083],[127.6492783,37.0049892],[127.6492879,37.0050104],[127.6492955,37.0050156],[127.649381,37.0051339],[127.6493979,37.00517],[127.6494465,37.0052083],[127.6495542,37.0053352],[127.6496406,37.0054441],[127.6496733,37.0054925],[127.6497098,37.0055673],[127.6497128,37.0055857],[127.6497106,37.0056607],[127.6496998,37.0057626],[127.6496952,37.0058054],[127.6496904,37.0058299],[127.6497035,37.0058479],[127.64967,37.0059163],[127.6496276,37.0059996],[127.6495611,37.0060368],[127.6492549,37.006288],[127.6492045,37.0063109],[127.6491211,37.0063635],[127.6490697,37.006416],[127.6490263,37.0064668],[127.6489716,37.0065084],[127.6488229,37.0066368],[127.6486842,37.0067528],[127.6486857,37.0067547],[127.6484782,37.0069249],[127.6484903,37.0069275],[127.6482424,37.0070213],[127.6480999,37.0070827],[127.648041,37.0070972],[127.6474048,37.0071827],[127.6471883,37.0072012],[127.6470735,37.007229],[127.6469846,37.0072555],[127.6468904,37.0073192],[127.6468062,37.0073607],[127.646698,37.0075119],[127.6466549,37.0076834],[127.6466488,37.0079068],[127.6466371,37.0079377],[127.6466752,37.0079472],[127.6467413,37.0080435],[127.6467909,37.0081117],[127.646817,37.0081055],[127.6469438,37.0083077],[127.6469694,37.0083486],[127.6470004,37.0085235],[127.6470141,37.0086012],[127.6469935,37.0087284],[127.6469419,37.0088272],[127.6469236,37.00886],[127.6469205,37.008864],[127.6467994,37.0090205],[127.6467487,37.0090861],[127.6466966,37.0091475],[127.646678,37.0091428],[127.6466634,37.009139],[127.6465493,37.0092744],[127.6464527,37.0094437],[127.6464386,37.0094957],[127.6462835,37.0097724],[127.6462366,37.0098075],[127.6461927,37.0098877],[127.6461681,37.0099145],[127.6461494,37.0099334],[127.6461517,37.0099491],[127.6461539,37.0099786],[127.646151,37.0099986],[127.6460478,37.0101536],[127.6460258,37.010436],[127.6459876,37.0105263],[127.6459769,37.0105517],[127.6459686,37.0105712],[127.6458664,37.0106908],[127.645829,37.0107159],[127.6458283,37.0107227],[127.6458153,37.0107251],[127.6457257,37.0107853],[127.645424,37.0108692],[127.6447137,37.0110679],[127.6441291,37.0111411],[127.6440366,37.0111528],[127.6435526,37.0113002],[127.6434437,37.0113651],[127.6433704,37.0114556],[127.6433317,37.011548],[127.6433274,37.0115916],[127.6433259,37.0115939],[127.6433135,37.0116311],[127.643314,37.0116319],[127.6433261,37.0116532],[127.6433276,37.0116802],[127.6433912,37.0118318],[127.6434549,37.0119837],[127.6435116,37.0120662],[127.6435115,37.0121382],[127.6435114,37.0122039],[127.6435207,37.0122326],[127.6434388,37.0123665],[127.6433415,37.0124686],[127.6431994,37.0125524],[127.6430428,37.0125539],[127.6428204,37.0125755],[127.6427027,37.0125758],[127.6426743,37.0125712],[127.6425707,37.0125761],[127.6423725,37.0125765],[127.6419163,37.0125756],[127.6417765,37.0125736],[127.6414608,37.0125696],[127.6413921,37.0125745],[127.6412489,37.0125856],[127.6412153,37.0125945],[127.6410488,37.0126389],[127.6408639,37.0127197],[127.6406996,37.0128255],[127.6405611,37.0129528],[127.6404407,37.0131005],[127.6403607,37.0132844],[127.640345,37.0133344],[127.6402536,37.0136878],[127.6402349,37.013733],[127.640152,37.0139759],[127.6398748,37.0141624],[127.6394953,37.0143385],[127.6394583,37.0143533],[127.6390928,37.0144954],[127.6387533,37.0145942],[127.6384237,37.0146181],[127.6382504,37.0146224],[127.6378906,37.0145705],[127.6375101,37.0144455],[127.6374841,37.014431],[127.6374516,37.0144014],[127.6373171,37.0143749],[127.637104,37.0142878],[127.637071,37.0142749],[127.636896,37.0142409],[127.6367533,37.0142351],[127.6366112,37.0142477],[127.6364754,37.0142796],[127.6363526,37.0143203],[127.6362399,37.0143766],[127.636056,37.0145072],[127.6359467,37.0145985],[127.6359405,37.014604],[127.6358256,37.0146923],[127.6358224,37.0146911],[127.6358193,37.0146997],[127.6357414,37.014759],[127.6354626,37.0149339],[127.6352717,37.0150318],[127.634997,37.0151547],[127.634875,37.0151738],[127.6346184,37.0150224],[127.6345914,37.0150108],[127.6344897,37.0150085],[127.634334,37.0150026],[127.6338709,37.0149994],[127.6334412,37.0149922],[127.633232,37.014997],[127.6332269,37.0149957],[127.6331459,37.0149746],[127.6330902,37.0150444],[127.6330087,37.0150983],[127.6329332,37.0151624],[127.6328879,37.0152063],[127.6328506,37.015262],[127.6328261,37.0153009],[127.6328199,37.0153091],[127.6328139,37.015317],[127.6328082,37.0153248],[127.6328031,37.0153328],[127.6328009,37.015337],[127.6327828,37.0153784],[127.6327727,37.0153961],[127.6327514,37.0154129],[127.6326864,37.0154924],[127.6326905,37.0155202],[127.6324807,37.0159208],[127.6324205,37.0159837],[127.6323982,37.016007],[127.6322557,37.0161512],[127.6322243,37.0161896],[127.6321336,37.0162355],[127.6320683,37.0162854],[127.6320074,37.0163024],[127.6319063,37.0164062],[127.6318784,37.0164316],[127.6318507,37.0164541],[127.6318266,37.0164864],[127.6317662,37.0165622],[127.6317049,37.0166348],[127.6316585,37.0166938],[127.6316214,37.0167443],[127.6315754,37.016818],[127.6315228,37.0169047],[127.6314782,37.0169876],[127.6314219,37.0170869],[127.6314207,37.0170983],[127.631415,37.0171519],[127.6313992,37.0171707],[127.6313625,37.0172144],[127.6312803,37.0174994],[127.6312325,37.0176078],[127.6312041,37.0176568],[127.6311786,37.0177402],[127.6311866,37.0177932],[127.631159,37.0178585],[127.6311917,37.0178917],[127.6311856,37.0179064],[127.6311483,37.0179964],[127.6311229,37.0180574],[127.6311417,37.0181078],[127.6311389,37.0185617],[127.6311406,37.018704],[127.6311303,37.0187121],[127.6311409,37.0187349],[127.6311409,37.0187349],[127.6311442,37.0190182],[127.6311778,37.0193452],[127.63118,37.0193584],[127.6311759,37.0193788],[127.631241,37.0194971],[127.6312793,37.0198262],[127.6312973,37.0199179],[127.6312816,37.0200637],[127.631314,37.0202736],[127.6313075,37.0203152],[127.631314,37.0203632],[127.6313529,37.0206349],[127.6313462,37.0206515],[127.6314033,37.0210638],[127.6314029,37.0210821],[127.6313946,37.0211889],[127.6313327,37.0213117],[127.6311931,37.0214709],[127.6310966,37.021531],[127.6309522,37.0215723],[127.6306806,37.0216476],[127.6306781,37.0216469],[127.6306609,37.0216531],[127.6304996,37.0216978],[127.6304848,37.0217017],[127.6301042,37.0218476],[127.6296185,37.0220241],[127.6296108,37.0220268],[127.6295255,37.0220567],[127.629322,37.0223266],[127.6293213,37.02233],[127.629307,37.0224044],[127.6293145,37.0224054],[127.6293038,37.0224209],[127.6292966,37.0224581],[127.6292363,37.0227813],[127.6292345,37.0227988],[127.62921,37.0229045],[127.6291598,37.0231207],[127.6291584,37.0231473],[127.6291485,37.0232783],[127.6291376,37.0234231],[127.6291329,37.0234817],[127.629125,37.0236071],[127.6290976,37.0237493],[127.6290443,37.0238359],[127.6290072,37.0238963],[127.6290018,37.0239101],[127.6289859,37.0239452],[127.6289317,37.0239995],[127.6288776,37.0240538],[127.6287815,37.024128],[127.6287451,37.0241371],[127.6285501,37.0242078],[127.6282711,37.0242896],[127.6280274,37.0243662],[127.6280034,37.0243747],[127.6278643,37.0243946],[127.6276455,37.0244312],[127.6274852,37.0244585],[127.6270158,37.0245131],[127.6269437,37.0244846],[127.6266272,37.0245547],[127.6265975,37.0245587],[127.62659,37.0245745],[127.6263501,37.0247563],[127.626339,37.0247651],[127.6261495,37.0249063],[127.626076,37.0249442],[127.6259321,37.0250252],[127.6258,37.0250778],[127.6257882,37.0250808],[127.625685,37.0251154],[127.6255604,37.0251217],[127.6253511,37.0250883],[127.6253044,37.0250754],[127.6251914,37.0250298],[127.6245858,37.0249539],[127.6243058,37.02495],[127.6242845,37.0249459],[127.624084,37.024966],[127.6233899,37.0250461],[127.6232409,37.0251084],[127.6230818,37.025176],[127.6228775,37.0252512],[127.6228364,37.0252564],[127.6228356,37.0252576],[127.6228286,37.025281],[127.622808,37.0252982],[127.6228068,37.0252999],[127.6227642,37.0253402],[127.6227548,37.0253906],[127.6227627,37.0254375],[127.6227661,37.0254548],[127.622771,37.0254799],[127.6227993,37.0255997],[127.6228229,37.0257066],[127.6228668,37.0258178],[127.6229159,37.0259601],[127.622941,37.026036],[127.622984,37.0261399],[127.6230191,37.0262166],[127.6230629,37.0262956],[127.6231153,37.0263787],[127.6231515,37.026442],[127.6231955,37.0265174],[127.623221,37.0265705],[127.6232394,37.0266053],[127.6232567,37.0266382],[127.6232992,37.0267175],[127.6233439,37.026808],[127.623359,37.0268686],[127.6233673,37.0269495],[127.6233757,37.027014],[127.6233761,37.0270657],[127.6233787,37.027117],[127.6233759,37.0271568],[127.6233686,37.0271957],[127.6233543,37.0272488],[127.623338,37.027299],[127.6233165,37.0273283],[127.6232825,37.0273756],[127.6232539,37.0274217],[127.6232093,37.0275038],[127.6231402,37.0276028],[127.6230797,37.0276895],[127.6229966,37.0278076],[127.6227523,37.0279547],[127.6226821,37.0279764],[127.6226578,37.028004],[127.622595,37.0280514],[127.6225403,37.0280923],[127.6223775,37.0281372],[127.6221887,37.0281443],[127.6219008,37.0281559],[127.6214614,37.0281804],[127.6210747,37.028192],[127.620844,37.0282232],[127.6206721,37.0282465],[127.620591,37.0282701],[127.6204762,37.028295],[127.6201642,37.0283427],[127.6199081,37.0283788],[127.6197927,37.0283951],[127.6193957,37.0284646],[127.6193854,37.0284842],[127.6193125,37.0285229],[127.6192155,37.0285309],[127.6191498,37.0285363],[127.6189848,37.0286176],[127.6186468,37.0288787],[127.6185488,37.0289622],[127.6185017,37.0290898],[127.6184658,37.0291722],[127.6184567,37.0291933],[127.6183433,37.0292302],[127.6183542,37.0292836],[127.6183232,37.0293576],[127.618318,37.0293751],[127.6182711,37.0295692],[127.6182583,37.0295766],[127.6182371,37.0295787],[127.6182309,37.0295847],[127.6182385,37.0296147],[127.6182388,37.0296512],[127.618226,37.0297469],[127.6182116,37.0298367],[127.6182075,37.0299461],[127.6182162,37.030102],[127.6182133,37.0301841],[127.6182041,37.030227],[127.618178,37.0302504],[127.6181344,37.0302755],[127.6181164,37.0302855],[127.6181113,37.0303006],[127.6181207,37.0303243],[127.6181248,37.0303389],[127.6181331,37.0303682],[127.6181238,37.0304378],[127.6180977,37.0305492],[127.6180605,37.0307051],[127.6180205,37.0308635],[127.6180083,37.0309186],[127.6179976,37.0309673],[127.6179723,37.0310696],[127.6179196,37.0311869],[127.6178755,37.031249],[127.6178504,37.0312693],[127.6178509,37.031337],[127.6179431,37.0313424],[127.6180016,37.0313458],[127.618001,37.031413],[127.6180012,37.0314277],[127.6179988,37.0315901],[127.61798,37.0316898],[127.6179523,37.0318188],[127.6179678,37.0318616],[127.6179574,37.0320118],[127.6179518,37.0320375],[127.6178642,37.0325543],[127.6178649,37.032575],[127.617803,37.0328998],[127.617776,37.0329977],[127.6177186,37.0330415],[127.6176776,37.0330727],[127.6176683,37.0331073],[127.6176228,37.0332769],[127.6175202,37.0335521],[127.6174774,37.0336356],[127.6174549,37.0336595],[127.6174276,37.0336885],[127.6173557,37.0337385],[127.6173037,37.0337573],[127.6170989,37.0337745],[127.6169886,37.0337832],[127.6169509,37.0337712],[127.6168923,37.0337618],[127.6167361,37.0337442],[127.6167072,37.0337179],[127.6165349,37.033699],[127.6165335,37.0336977],[127.6165314,37.0336986],[127.6165213,37.0336975],[127.6157204,37.0336095],[127.615672,37.033602],[127.6150904,37.0335886],[127.6149864,37.0335775],[127.6149761,37.0335507],[127.6148882,37.0335239],[127.614458,37.0333925],[127.6142473,37.033323],[127.6141679,37.0333147],[127.6141756,37.0332991],[127.6139316,37.0332184],[127.6138504,37.0331969],[127.6138392,37.0332007],[127.6137529,37.0331773],[127.6137295,37.0331649],[127.6134089,37.03308],[127.6130687,37.0329384],[127.6129103,37.0328738],[127.6128389,37.032839],[127.6128208,37.0328394],[127.6127313,37.0327797],[127.6124413,37.0326985],[127.6123101,37.0326536],[127.6118881,37.0325091],[127.6117667,37.032466],[127.6117052,37.0324343],[127.6116458,37.032423],[127.6116453,37.0324229],[127.6113379,37.0323498],[127.6107852,37.0322473],[127.6107645,37.032243],[127.6103925,37.0321673],[127.6101064,37.0321127],[127.6097901,37.0320619],[127.6097337,37.0320556],[127.6097198,37.0320289],[127.6097141,37.0320203],[127.6096509,37.0320219],[127.6092172,37.0319884],[127.6090688,37.0319521],[127.6088643,37.0319246],[127.607855,37.0317148],[127.6075124,37.0316552],[127.6074976,37.0316526],[127.607468,37.0316475],[127.6071151,37.0316028],[127.6068827,37.0315668],[127.6067693,37.0315499],[127.6066527,37.0315361],[127.6065592,37.0315111],[127.6062969,37.0314562],[127.6063223,37.0321253],[127.6064284,37.0321072],[127.606707,37.0320681],[127.6068822,37.0320537],[127.6070191,37.0320594],[127.6072197,37.0320923],[127.6076239,37.0321699],[127.6077613,37.0321975],[127.6079064,37.0322304],[127.6083384,37.032317],[127.6088694,37.03242],[127.6092222,37.0324782],[127.6094253,37.032516],[127.6095858,37.0325577],[127.6097019,37.0326055],[127.6097111,37.0326122],[127.6101138,37.0326923],[127.6101431,37.0327067],[127.6103496,37.0327453],[127.6104084,37.032803],[127.6104234,37.0328114],[127.610425,37.0328105],[127.6106557,37.0328463],[127.6114843,37.0329981],[127.6115059,37.0330091],[127.6115098,37.0330076],[127.6116363,37.033031],[127.611847,37.0330704],[127.6120013,37.0331005],[127.6122224,37.0331465],[127.6125015,37.0332315],[127.6125378,37.0332478],[127.6126606,37.0333048],[127.6128771,37.0334],[127.6129405,37.0334148],[127.6129778,37.0334235],[127.6135347,37.0336279],[127.6135451,37.0336331],[127.6140068,37.0337892],[127.6140529,37.0337935],[127.6140783,37.0337917],[127.6143483,37.0338571],[127.6143543,37.033856],[127.6145019,37.0338838],[127.6148377,37.0339475],[127.6148591,37.033953],[127.6148786,37.0339536],[127.6153664,37.0339937],[127.6156451,37.0340151],[127.6160247,37.0340656],[127.6160411,37.0340623],[127.6161354,37.0340595],[127.6161098,37.0340617],[127.6162181,37.0340788],[127.6162483,37.0340708],[127.6163649,37.0340316],[127.6166455,37.0340887],[127.6167512,37.0341078],[127.616958,37.0340925],[127.6172271,37.0340668],[127.6174396,37.0340371],[127.6176618,37.0339933],[127.6177205,37.0339742],[127.6177487,37.0339637],[127.6177633,37.0339597],[127.6177659,37.0339617]]]}},{"type":"Feature","properties":{"admin_code":"43150","admin_name":"제천시","river_name":"다락골천","source_record_count":1,"latest_notice_date":"20181214","area_m2":79508.84,"perimeter_m":10882.1,"width_proxy_m":14.61,"width_class":"medium","center_lon":128.1333832,"center_lat":37.0531078,"candidate_rank":10},"geometry":{"type":"Polygon","coordinates":[[[128.1359977,37.0669247],[128.1360059,37.0669148],[128.1360199,37.0669055],[128.1360377,37.0669009],[128.1360379,37.0668939],[128.1360454,37.0668794],[128.1360451,37.0668774],[128.1360333,37.06687],[128.1360241,37.0668555],[128.1360191,37.0668305],[128.1360556,37.0667294],[128.1360677,37.066709],[128.1360649,37.0667035],[128.1360779,37.0666567],[128.1360961,37.0666399],[128.136087,37.0665955],[128.1360693,37.066539],[128.1360481,37.0664513],[128.1360451,37.0664388],[128.1360447,37.0664121],[128.1360418,37.0664038],[128.1360325,37.0663947],[128.1360241,37.0663656],[128.1359729,37.0662698],[128.1359414,37.0662314],[128.1359262,37.0662107],[128.1359123,37.0661976],[128.1358741,37.0661816],[128.1358564,37.0661742],[128.135763,37.0661214],[128.1357073,37.0660902],[128.1356235,37.0660595],[128.1355752,37.0660466],[128.1355548,37.066031],[128.135529,37.0660159],[128.1355062,37.0660025],[128.1354981,37.0659997],[128.1354524,37.0659886],[128.1354277,37.0659893],[128.1353572,37.0659832],[128.1353168,37.0659761],[128.1353007,37.0659676],[128.1352849,37.0659573],[128.135266,37.0659328],[128.1352579,37.0659224],[128.1352592,37.0659139],[128.1352635,37.0658836],[128.1351673,37.065796],[128.1351397,37.0657604],[128.1351349,37.065752],[128.1351287,37.0657303],[128.135111,37.0657074],[128.1351019,37.0657017],[128.1350281,37.0655387],[128.1350199,37.0655307],[128.1349946,37.0655015],[128.1349251,37.0654267],[128.1349061,37.0653987],[128.1348893,37.0653652],[128.1348701,37.0653414],[128.1348533,37.0653207],[128.1348338,37.0653021],[128.1348311,37.0652984],[128.1348147,37.0652835],[128.1348108,37.0652799],[128.1347882,37.0652626],[128.1347839,37.0652662],[128.1347354,37.0651906],[128.1347121,37.0651865],[128.1347162,37.0650694],[128.1347141,37.0649739],[128.1347341,37.0648948],[128.1348224,37.0647962],[128.134841,37.064782],[128.1348799,37.0647609],[128.1349527,37.0646735],[128.1350152,37.0645752],[128.1350987,37.0645261],[128.1351079,37.0645207],[128.1351823,37.0644966],[128.135191,37.0645024],[128.1352698,37.064471],[128.1352649,37.0644538],[128.1353477,37.0644223],[128.1354216,37.0643922],[128.1354233,37.0643911],[128.1354241,37.0643905],[128.135425,37.06439],[128.1354259,37.0643894],[128.1354268,37.0643888],[128.1354276,37.0643883],[128.1354285,37.0643877],[128.1354294,37.0643871],[128.1354302,37.0643865],[128.1354311,37.0643859],[128.1354319,37.0643854],[128.1354328,37.0643848],[128.1354337,37.0643842],[128.1354345,37.0643836],[128.1354354,37.064383],[128.1354362,37.0643825],[128.1354371,37.0643819],[128.1354379,37.0643813],[128.1354388,37.0643807],[128.1354396,37.0643801],[128.1354405,37.0643795],[128.1354413,37.0643789],[128.1354422,37.0643783],[128.135443,37.0643777],[128.1354438,37.0643771],[128.1354447,37.0643765],[128.1354455,37.0643759],[128.1354463,37.0643753],[128.1354472,37.0643747],[128.135448,37.0643741],[128.1354489,37.0643735],[128.1354497,37.0643729],[128.1354505,37.0643723],[128.1354513,37.0643717],[128.1354522,37.0643711],[128.135453,37.0643704],[128.1354538,37.0643698],[128.1354546,37.0643692],[128.1354554,37.0643686],[128.1354563,37.064368],[128.1354571,37.0643673],[128.1354579,37.0643667],[128.1354587,37.0643661],[128.1354595,37.0643655],[128.1354603,37.0643648],[128.1354611,37.0643642],[128.1354619,37.0643636],[128.1354627,37.064363],[128.1354635,37.0643623],[128.1354643,37.0643617],[128.1354651,37.0643611],[128.1354659,37.0643604],[128.1354667,37.0643598],[128.1354675,37.0643592],[128.1354683,37.0643585],[128.1354691,37.0643579],[128.1354699,37.0643573],[128.1354707,37.0643566],[128.1354715,37.064356],[128.1354723,37.0643553],[128.135473,37.0643547],[128.1354738,37.064354],[128.1354746,37.0643534],[128.1354754,37.0643527],[128.1354762,37.0643521],[128.135477,37.0643514],[128.1354777,37.0643508],[128.1354785,37.0643501],[128.1354793,37.0643495],[128.13548,37.0643488],[128.1354808,37.0643481],[128.1354816,37.0643475],[128.1354823,37.0643468],[128.1354831,37.0643462],[128.1354839,37.0643455],[128.1354846,37.0643448],[128.1354854,37.0643442],[128.1354861,37.0643435],[128.1354869,37.0643428],[128.1354876,37.0643422],[128.1354884,37.0643415],[128.1354891,37.0643408],[128.1354899,37.0643402],[128.1354906,37.0643395],[128.1354914,37.0643388],[128.1354921,37.0643381],[128.1354929,37.0643374],[128.1354936,37.0643368],[128.1354943,37.0643361],[128.1354951,37.0643354],[128.1354958,37.0643347],[128.1354965,37.064334],[128.1354973,37.0643333],[128.135498,37.0643327],[128.1354987,37.064332],[128.1354994,37.0643313],[128.1355002,37.0643306],[128.1355009,37.0643299],[128.1355016,37.0643292],[128.1355023,37.0643285],[128.135503,37.0643278],[128.1355038,37.0643271],[128.1355045,37.0643264],[128.1355052,37.0643257],[128.1355059,37.064325],[128.1355066,37.0643243],[128.1355073,37.0643236],[128.135508,37.0643229],[128.1355087,37.0643222],[128.1355094,37.0643215],[128.1355101,37.0643208],[128.1355108,37.0643201],[128.1355115,37.0643194],[128.1355122,37.0643187],[128.1355129,37.064318],[128.1355136,37.0643173],[128.1355143,37.0643166],[128.135515,37.0643159],[128.1355156,37.0643151],[128.1355163,37.0643144],[128.135517,37.0643137],[128.1355177,37.064313],[128.1355184,37.0643123],[128.1355191,37.0643115],[128.1355197,37.0643108],[128.1355204,37.0643101],[128.1355211,37.0643094],[128.1355217,37.0643087],[128.1355224,37.0643079],[128.1355231,37.0643072],[128.1355237,37.0643065],[128.1355244,37.0643058],[128.1355251,37.064305],[128.1355257,37.0643043],[128.1355264,37.0643036],[128.135527,37.0643028],[128.1355277,37.0643021],[128.1355283,37.0643014],[128.135529,37.0643006],[128.1355296,37.0642999],[128.1355303,37.0642992],[128.1355309,37.0642984],[128.1355316,37.0642977],[128.1355322,37.0642969],[128.1355328,37.0642962],[128.1355335,37.0642954],[128.1355341,37.0642947],[128.1355347,37.064294],[128.1355354,37.0642932],[128.135536,37.0642925],[128.1355366,37.0642917],[128.1355372,37.064291],[128.1355379,37.0642902],[128.1355385,37.0642895],[128.1355391,37.0642887],[128.1355397,37.064288],[128.1355403,37.0642872],[128.1355409,37.0642865],[128.1355416,37.0642857],[128.1355422,37.0642849],[128.1355428,37.0642842],[128.1355434,37.0642834],[128.135544,37.0642827],[128.1355446,37.0642819],[128.1355452,37.0642811],[128.1355458,37.0642804],[128.1355464,37.0642796],[128.1355252,37.0642007],[128.1354357,37.0639912],[128.135428,37.0639731],[128.1353974,37.0639426],[128.1353664,37.0639315],[128.1353541,37.0638789],[128.1353355,37.0638374],[128.1353605,37.0637482],[128.1353767,37.0637165],[128.1353952,37.0635019],[128.1353969,37.0634828],[128.1354111,37.0633425],[128.135413,37.0633368],[128.1354146,37.0633324],[128.1354163,37.0633281],[128.135418,37.0633239],[128.1354198,37.0633196],[128.1354217,37.0633153],[128.1354237,37.0633111],[128.1354257,37.0633069],[128.1354278,37.0633027],[128.13543,37.0632986],[128.1354323,37.0632945],[128.1354346,37.0632904],[128.135437,37.0632864],[128.13559,37.0631308],[128.1356032,37.0631174],[128.135668,37.0629363],[128.1356665,37.062884],[128.1356668,37.0628832],[128.1356671,37.0628823],[128.1356674,37.0628815],[128.1356678,37.0628806],[128.1356681,37.0628797],[128.1356684,37.0628789],[128.1356687,37.062878],[128.135669,37.0628771],[128.1356693,37.0628763],[128.1356696,37.0628754],[128.1356699,37.0628745],[128.1356702,37.0628737],[128.1356705,37.0628728],[128.1356708,37.0628719],[128.1356711,37.0628711],[128.1356714,37.0628702],[128.1356717,37.0628693],[128.135672,37.0628684],[128.1356723,37.0628676],[128.1356726,37.0628667],[128.1356729,37.0628658],[128.1356732,37.062865],[128.1356735,37.0628641],[128.1356738,37.0628632],[128.1356741,37.0628624],[128.1356744,37.0628615],[128.1356747,37.0628606],[128.1356749,37.0628597],[128.1356752,37.0628589],[128.1356755,37.062858],[128.1356758,37.0628571],[128.1356761,37.0628563],[128.1356763,37.0628554],[128.1356766,37.0628545],[128.1356769,37.0628536],[128.1356772,37.0628528],[128.1356775,37.0628519],[128.1356777,37.062851],[128.135678,37.0628501],[128.1356783,37.0628493],[128.1356785,37.0628484],[128.1356788,37.0628475],[128.1356791,37.0628466],[128.1356793,37.0628458],[128.1356796,37.0628449],[128.1356799,37.062844],[128.1356801,37.0628431],[128.1356804,37.0628423],[128.1356807,37.0628414],[128.1356809,37.0628405],[128.1356812,37.0628396],[128.1356814,37.0628388],[128.1356817,37.0628379],[128.1356819,37.062837],[128.1356822,37.0628361],[128.1356824,37.0628352],[128.1356827,37.0628344],[128.1356829,37.0628335],[128.1356832,37.0628326],[128.1356834,37.0628317],[128.1356837,37.0628309],[128.1356839,37.06283],[128.1356842,37.0628291],[128.1356844,37.0628282],[128.1356847,37.0628273],[128.1356849,37.0628265],[128.1356851,37.0628256],[128.1356854,37.0628247],[128.1356856,37.0628238],[128.1356858,37.0628229],[128.1356861,37.0628221],[128.1356863,37.0628212],[128.1356866,37.0628203],[128.1356868,37.0628194],[128.135687,37.0628185],[128.1356872,37.0628176],[128.1356875,37.0628168],[128.1356877,37.0628159],[128.1356879,37.062815],[128.1356881,37.0628141],[128.1356884,37.0628132],[128.1356886,37.0628123],[128.1356888,37.0628115],[128.135689,37.0628106],[128.1356892,37.0628097],[128.1356895,37.0628088],[128.1356897,37.0628079],[128.1356899,37.062807],[128.1356901,37.0628062],[128.1356903,37.0628053],[128.1356905,37.0628044],[128.1356907,37.0628035],[128.1356909,37.0628026],[128.1356911,37.0628017],[128.1356913,37.0628008],[128.1356915,37.0628],[128.1356917,37.0627991],[128.135692,37.0627982],[128.1356922,37.0627973],[128.1356924,37.0627964],[128.1356926,37.0627955],[128.1356928,37.0627946],[128.1356929,37.0627938],[128.1356931,37.0627929],[128.1356933,37.062792],[128.1356935,37.0627911],[128.1356937,37.0627902],[128.1356939,37.0627893],[128.1356941,37.0627884],[128.1356943,37.0627875],[128.1356945,37.0627867],[128.1356947,37.0627858],[128.1356948,37.0627849],[128.135695,37.062784],[128.1356952,37.0627831],[128.1356954,37.0627822],[128.1356956,37.0627813],[128.1356957,37.0627804],[128.1356959,37.0627795],[128.1356961,37.0627786],[128.1356963,37.0627778],[128.1356964,37.0627769],[128.1356966,37.062776],[128.1356968,37.0627751],[128.1356969,37.0627742],[128.1356971,37.0627733],[128.1356973,37.0627724],[128.1356974,37.0627715],[128.1356976,37.0627706],[128.1356978,37.0627697],[128.1356979,37.0627688],[128.1356981,37.062768],[128.1356983,37.0627671],[128.1356984,37.0627662],[128.1356986,37.0627653],[128.1356987,37.0627644],[128.1356989,37.0627635],[128.135699,37.0627626],[128.1356992,37.0627617],[128.1356993,37.0627608],[128.1356995,37.0627599],[128.1356996,37.062759],[128.1356998,37.0627581],[128.1356999,37.0627572],[128.1357001,37.0627563],[128.1357002,37.0627555],[128.1357004,37.0627546],[128.1357005,37.0627537],[128.1357007,37.0627528],[128.1357008,37.0627519],[128.1357009,37.062751],[128.1357011,37.0627501],[128.1357012,37.0627492],[128.1357013,37.0627483],[128.1357015,37.0627474],[128.1357016,37.0627465],[128.1357017,37.0627456],[128.1357019,37.0627447],[128.135702,37.0627438],[128.1357021,37.0627429],[128.1357022,37.062742],[128.1357024,37.0627411],[128.1357025,37.0627402],[128.1357026,37.0627394],[128.1357027,37.0627385],[128.1357029,37.0627376],[128.135703,37.0627367],[128.1357031,37.0627358],[128.135703,37.062735],[128.1357029,37.0627341],[128.1357028,37.0627332],[128.1357027,37.0627323],[128.1357026,37.0627314],[128.1357025,37.0627305],[128.1357024,37.0627296],[128.1357023,37.0627287],[128.1357022,37.0627278],[128.1357021,37.0627269],[128.135702,37.062726],[128.1357019,37.0627251],[128.1357018,37.0627242],[128.1357017,37.0627233],[128.1357016,37.0627224],[128.1357015,37.0627215],[128.1357013,37.0627206],[128.1357012,37.0627197],[128.1357011,37.0627188],[128.135701,37.062718],[128.1357008,37.0627171],[128.1357007,37.0627162],[128.1357006,37.0627153],[128.1357004,37.0627144],[128.1357003,37.0627135],[128.1357002,37.0627126],[128.1357,37.0627117],[128.1356999,37.0627108],[128.1356997,37.0627099],[128.1356996,37.062709],[128.1356994,37.0627081],[128.1356993,37.0627072],[128.1356991,37.0627063],[128.135699,37.0627054],[128.1356988,37.0627045],[128.1356987,37.0627037],[128.1356985,37.0627028],[128.1356984,37.0627019],[128.1356982,37.062701],[128.135698,37.0627001],[128.1356979,37.0626992],[128.1356977,37.0626983],[128.1356975,37.0626974],[128.1356973,37.0626965],[128.1356972,37.0626956],[128.135697,37.0626947],[128.1356968,37.0626939],[128.1356966,37.062693],[128.1356964,37.0626921],[128.1356962,37.0626912],[128.1356961,37.0626903],[128.1356959,37.0626894],[128.1356957,37.0626885],[128.1356955,37.0626876],[128.1356953,37.0626868],[128.1356951,37.0626859],[128.1356949,37.062685],[128.1356947,37.0626841],[128.1356945,37.0626832],[128.1356943,37.0626823],[128.1356941,37.0626814],[128.1356939,37.0626805],[128.1356936,37.0626797],[128.1356934,37.0626788],[128.1356932,37.0626779],[128.135693,37.062677],[128.1356928,37.0626761],[128.1356926,37.0626752],[128.1356923,37.0626744],[128.1356921,37.0626735],[128.1356919,37.0626726],[128.1356917,37.0626717],[128.1356914,37.0626708],[128.1356912,37.06267],[128.135691,37.0626691],[128.1356907,37.0626682],[128.1356905,37.0626673],[128.1356902,37.0626664],[128.13569,37.0626655],[128.1356897,37.0626647],[128.1356895,37.0626638],[128.1356892,37.0626629],[128.135689,37.062662],[128.1356887,37.0626612],[128.1356885,37.0626603],[128.1356882,37.0626594],[128.135688,37.0626585],[128.1356877,37.0626576],[128.1356874,37.0626568],[128.1356872,37.0626559],[128.1356869,37.062655],[128.1356866,37.0626542],[128.1356864,37.0626533],[128.1356861,37.0626524],[128.1356858,37.0626515],[128.1356855,37.0626507],[128.1356853,37.0626498],[128.135685,37.0626489],[128.1356847,37.062648],[128.1356844,37.0626472],[128.1356841,37.0626463],[128.1356838,37.0626454],[128.1356835,37.0626446],[128.1356833,37.0626437],[128.135683,37.0626428],[128.1356827,37.0626419],[128.1356824,37.0626411],[128.1356821,37.0626402],[128.1356818,37.0626393],[128.1356815,37.0626385],[128.1356811,37.0626376],[128.1356808,37.0626367],[128.1356805,37.0626359],[128.1356802,37.062635],[128.1356799,37.0626341],[128.1356796,37.0626333],[128.1356793,37.0626324],[128.135679,37.0626316],[128.1356786,37.0626307],[128.1356783,37.0626298],[128.135678,37.062629],[128.1356777,37.0626281],[128.1356773,37.0626272],[128.135677,37.0626264],[128.1356767,37.0626255],[128.1356763,37.0626247],[128.135676,37.0626238],[128.1356756,37.0626229],[128.1356753,37.0626221],[128.135675,37.0626212],[128.1356746,37.0626204],[128.1356743,37.0626195],[128.1356739,37.0626186],[128.1356736,37.0626178],[128.1356732,37.0626169],[128.1356729,37.0626161],[128.1356725,37.0626152],[128.1356721,37.0626144],[128.1356718,37.0626135],[128.1356714,37.0626127],[128.1356711,37.0626118],[128.1356707,37.062611],[128.1356703,37.0626101],[128.13567,37.0626093],[128.1356696,37.0626084],[128.1356692,37.0626076],[128.1356688,37.0626067],[128.1356685,37.0626059],[128.1356681,37.062605],[128.1356677,37.0626042],[128.1356673,37.0626033],[128.1356669,37.0626025],[128.1356665,37.0626016],[128.1356662,37.0626008],[128.1356658,37.0625999],[128.1356654,37.0625991],[128.135665,37.0625982],[128.1356646,37.0625974],[128.1356642,37.0625966],[128.1356638,37.0625957],[128.1356634,37.0625949],[128.135663,37.062594],[128.1356626,37.0625932],[128.1356622,37.0625924],[128.1356618,37.0625915],[128.1356613,37.0625907],[128.1356609,37.0625898],[128.1356605,37.062589],[128.1356601,37.0625882],[128.1356597,37.0625873],[128.1356593,37.0625865],[128.1356588,37.0625857],[128.1356584,37.0625848],[128.135658,37.062584],[128.1356576,37.0625832],[128.1356571,37.0625823],[128.1356567,37.0625815],[128.1356563,37.0625807],[128.1356558,37.0625798],[128.1356554,37.062579],[128.1356549,37.0625782],[128.1356545,37.0625773],[128.1356541,37.0625765],[128.1356536,37.0625757],[128.1356532,37.0625749],[128.1356527,37.062574],[128.1356523,37.0625732],[128.1356518,37.0625724],[128.1356514,37.0625716],[128.1356509,37.0625707],[128.1356504,37.0625699],[128.13565,37.0625691],[128.1356495,37.0625683],[128.1356491,37.0625675],[128.1356486,37.0625666],[128.1356481,37.0625658],[128.1356477,37.062565],[128.1356472,37.0625642],[128.1356467,37.0625634],[128.1356462,37.0625625],[128.1356458,37.0625617],[128.1356453,37.0625609],[128.1356448,37.0625601],[128.1356443,37.0625593],[128.1356438,37.0625585],[128.1356433,37.0625577],[128.1356429,37.0625568],[128.1356424,37.062556],[128.1356419,37.0625552],[128.1356414,37.0625544],[128.1356409,37.0625536],[128.1356404,37.0625528],[128.1356399,37.062552],[128.1356394,37.0625512],[128.1356389,37.0625504],[128.1356384,37.0625496],[128.1356379,37.0625488],[128.1356374,37.062548],[128.1356369,37.0625472],[128.1356364,37.0625464],[128.1356359,37.0625456],[128.1356353,37.0625448],[128.1356348,37.062544],[128.1356343,37.0625432],[128.1356338,37.0625424],[128.1356333,37.0625416],[128.1356327,37.0625408],[128.1356322,37.06254],[128.1356317,37.0625392],[128.1356312,37.0625384],[128.1356306,37.0625376],[128.1356301,37.0625368],[128.1356296,37.062536],[128.135629,37.0625352],[128.1356285,37.0625344],[128.1356279,37.0625336],[128.1356274,37.0625328],[128.1356269,37.062532],[128.1356263,37.0625313],[128.1356258,37.0625305],[128.1356252,37.0625297],[128.1356247,37.0625289],[128.1356241,37.0625281],[128.1356236,37.0625273],[128.135623,37.0625265],[128.1356224,37.0625258],[128.1356219,37.062525],[128.1356213,37.0625242],[128.1356208,37.0625234],[128.1356202,37.0625226],[128.1356196,37.0625219],[128.1356191,37.0625211],[128.1356185,37.0625203],[128.1356179,37.0625195],[128.1356174,37.0625188],[128.1356168,37.062518],[128.1356162,37.0625172],[128.1356156,37.0625164],[128.135615,37.0625157],[128.1356145,37.0625149],[128.1356139,37.0625141],[128.1356133,37.0625134],[128.1356127,37.0625126],[128.1356121,37.0625118],[128.1356115,37.0625111],[128.1356109,37.0625103],[128.1356103,37.0625095],[128.1356097,37.0625087],[128.1356091,37.062508],[128.1356085,37.0625072],[128.135608,37.0625065],[128.1356073,37.0625057],[128.1356067,37.0625049],[128.1356061,37.0625042],[128.1356055,37.0625034],[128.1356049,37.0625027],[128.1356043,37.0625019],[128.1356037,37.0625012],[128.1356031,37.0625004],[128.1356025,37.0624996],[128.1356018,37.0624989],[128.1356,37.0624966],[128.1355586,37.0624464],[128.1355297,37.06235],[128.1355189,37.0622996],[128.1355181,37.0622957],[128.1355172,37.0622913],[128.1355164,37.0622869],[128.1355156,37.0622824],[128.1355148,37.0622779],[128.1355141,37.0622735],[128.1355134,37.062269],[128.1355127,37.0622645],[128.1355121,37.06226],[128.1355115,37.0622556],[128.135511,37.0622511],[128.1355105,37.0622466],[128.13551,37.0622421],[128.1355096,37.0622376],[128.1355092,37.0622331],[128.1355089,37.0622286],[128.1355086,37.0622241],[128.1355083,37.0622196],[128.1355081,37.0622151],[128.1355079,37.0622106],[128.1355077,37.0622061],[128.1355076,37.0622016],[128.1355075,37.0621971],[128.1355075,37.0621926],[128.1355075,37.0621881],[128.1355076,37.0621836],[128.1355076,37.0621791],[128.1355078,37.0621746],[128.1355079,37.0621701],[128.1355081,37.0621656],[128.1355083,37.0621611],[128.1355086,37.0621566],[128.1355089,37.0621521],[128.1355093,37.0621476],[128.1355097,37.0621431],[128.1355101,37.0621386],[128.1355105,37.0621341],[128.135511,37.0621296],[128.1355116,37.0621251],[128.1355122,37.0621206],[128.1355128,37.0621162],[128.1355135,37.0621117],[128.1355141,37.0621072],[128.1355149,37.0621028],[128.1355157,37.0620983],[128.1355165,37.0620938],[128.1355173,37.0620894],[128.1355182,37.0620849],[128.1355191,37.0620805],[128.1355201,37.0620761],[128.1355211,37.0620716],[128.1355221,37.0620672],[128.1355232,37.0620628],[128.1355243,37.0620584],[128.1355255,37.0620539],[128.1355267,37.0620495],[128.1355279,37.0620452],[128.1355292,37.0620408],[128.1355305,37.0620364],[128.1355318,37.062032],[128.1355332,37.0620276],[128.1355346,37.0620233],[128.135536,37.0620189],[128.1355375,37.0620146],[128.1355391,37.0620102],[128.1355407,37.0620058],[128.1355733,37.0619633],[128.1355752,37.0619607],[128.1355782,37.0619569],[128.1355812,37.0619531],[128.1355839,37.0619497],[128.1355687,37.0619446],[128.1355702,37.0619379],[128.1355885,37.061944],[128.1355903,37.0619417],[128.1355934,37.0619379],[128.1355965,37.0619342],[128.1355997,37.0619305],[128.1356028,37.0619267],[128.135606,37.061923],[128.1356092,37.0619193],[128.1356125,37.0619156],[128.1356157,37.061912],[128.135619,37.0619083],[128.1356223,37.0619046],[128.1356256,37.061901],[128.1356291,37.0618973],[128.135634,37.061892],[128.135638,37.0618878],[128.1356388,37.061887],[128.1356395,37.0618863],[128.1356403,37.0618856],[128.135641,37.0618849],[128.1356417,37.0618842],[128.1356424,37.0618835],[128.1356431,37.0618828],[128.1356438,37.0618821],[128.1356445,37.0618814],[128.1356453,37.0618807],[128.135646,37.06188],[128.1356467,37.0618793],[128.1356474,37.0618786],[128.1356481,37.0618779],[128.1356488,37.0618772],[128.1356495,37.0618765],[128.1356502,37.0618758],[128.1356509,37.0618751],[128.1356516,37.0618744],[128.1356523,37.0618737],[128.135653,37.061873],[128.1356537,37.0618723],[128.1356544,37.0618716],[128.1356551,37.0618709],[128.1356558,37.0618702],[128.1356565,37.0618695],[128.1356572,37.0618688],[128.1356579,37.061868],[128.1356586,37.0618673],[128.1356593,37.0618666],[128.13566,37.0618659],[128.1356607,37.0618652],[128.1356614,37.0618645],[128.135662,37.0618638],[128.1356627,37.0618631],[128.1356634,37.0618624],[128.1356641,37.0618617],[128.1356648,37.061861],[128.1356655,37.0618602],[128.1356662,37.0618595],[128.1356669,37.0618588],[128.1356676,37.0618581],[128.1356682,37.0618574],[128.1356689,37.0618567],[128.1356696,37.061856],[128.1356703,37.0618552],[128.135671,37.0618545],[128.1356717,37.0618538],[128.1356723,37.0618531],[128.135673,37.0618524],[128.1356737,37.0618516],[128.1356744,37.0618509],[128.1356751,37.0618502],[128.1356757,37.0618495],[128.1356764,37.0618488],[128.1356771,37.061848],[128.1356778,37.0618473],[128.1356784,37.0618466],[128.1356791,37.0618459],[128.1356798,37.0618452],[128.1356804,37.0618444],[128.1356811,37.0618437],[128.1356818,37.061843],[128.1356825,37.0618423],[128.1356831,37.0618415],[128.1356838,37.0618408],[128.1356845,37.0618401],[128.1356851,37.0618394],[128.1356858,37.0618386],[128.1356864,37.0618379],[128.1356871,37.0618372],[128.1356878,37.0618365],[128.1356884,37.0618357],[128.1356891,37.061835],[128.1356898,37.0618343],[128.1356904,37.0618335],[128.1356911,37.0618328],[128.1356917,37.0618321],[128.1356924,37.0618313],[128.135693,37.0618306],[128.1356937,37.0618299],[128.1356944,37.0618292],[128.135695,37.0618284],[128.1356957,37.0618277],[128.1356963,37.061827],[128.135697,37.0618262],[128.1356976,37.0618255],[128.1356983,37.0618247],[128.1356989,37.061824],[128.1356996,37.0618233],[128.1357002,37.0618225],[128.1357009,37.0618218],[128.1357015,37.0618211],[128.1357022,37.0618203],[128.1357028,37.0618196],[128.1357034,37.0618189],[128.1357041,37.0618181],[128.1357047,37.0618174],[128.1357054,37.0618166],[128.135706,37.0618159],[128.1357066,37.0618152],[128.1357073,37.0618144],[128.1357079,37.0618137],[128.1357086,37.0618129],[128.1357092,37.0618122],[128.1357098,37.0618114],[128.1357105,37.0618107],[128.1357111,37.06181],[128.1357117,37.0618092],[128.1357124,37.0618085],[128.135713,37.0618077],[128.1357136,37.061807],[128.1357143,37.0618062],[128.1357149,37.0618055],[128.1357155,37.0618047],[128.1357162,37.061804],[128.1357168,37.0618032],[128.1357174,37.0618025],[128.135718,37.0618017],[128.1357187,37.061801],[128.1357193,37.0618003],[128.1357199,37.0617995],[128.1357205,37.0617987],[128.1357211,37.061798],[128.1357218,37.0617973],[128.1357224,37.0617965],[128.135723,37.0617957],[128.1357236,37.061795],[128.1357242,37.0617942],[128.1357249,37.0617935],[128.1357255,37.0617927],[128.1357261,37.061792],[128.1357267,37.0617912],[128.1357273,37.0617905],[128.1357279,37.0617897],[128.1357285,37.061789],[128.1357292,37.0617882],[128.1357298,37.0617874],[128.1357304,37.0617867],[128.135731,37.0617859],[128.1357316,37.0617852],[128.1357322,37.0617844],[128.1357328,37.0617837],[128.1357334,37.0617829],[128.135734,37.0617821],[128.1357346,37.0617814],[128.1357352,37.0617806],[128.1357358,37.0617799],[128.1357364,37.0617791],[128.135737,37.0617783],[128.1357376,37.0617776],[128.1357382,37.0617768],[128.1357388,37.061776],[128.1357394,37.0617753],[128.13574,37.0617745],[128.1357406,37.0617738],[128.1357412,37.061773],[128.1357418,37.0617722],[128.1357424,37.0617715],[128.135743,37.0617707],[128.1357436,37.0617699],[128.1357442,37.0617692],[128.1357448,37.0617684],[128.1357454,37.0617676],[128.1357459,37.0617669],[128.1357465,37.0617661],[128.1357471,37.0617653],[128.1357477,37.0617646],[128.1357483,37.0617638],[128.1357489,37.061763],[128.1357495,37.0617622],[128.13575,37.0617615],[128.1357506,37.0617607],[128.1357512,37.0617599],[128.1357518,37.0617592],[128.1357524,37.0617584],[128.1357529,37.0617576],[128.1357535,37.0617568],[128.1357541,37.0617561],[128.1357547,37.0617553],[128.1357553,37.0617545],[128.1357558,37.0617538],[128.1357564,37.061753],[128.135757,37.0617522],[128.1357575,37.0617514],[128.1357581,37.0617507],[128.1357587,37.0617499],[128.1357593,37.0617491],[128.1357598,37.0617483],[128.1357604,37.0617475],[128.135761,37.0617468],[128.1357615,37.061746],[128.1357621,37.0617452],[128.1357627,37.0617444],[128.1357632,37.0617437],[128.1357638,37.0617429],[128.1357644,37.0617421],[128.1357649,37.0617413],[128.1357655,37.0617405],[128.135766,37.0617397],[128.1357666,37.061739],[128.1357671,37.0617382],[128.1357677,37.0617374],[128.1357683,37.0617366],[128.1357688,37.0617358],[128.1357694,37.061735],[128.1357699,37.0617343],[128.1357705,37.0617335],[128.1357707,37.0617331],[128.135771,37.0617327],[128.1357716,37.0617319],[128.1357721,37.0617311],[128.1357727,37.0617303],[128.1357732,37.0617296],[128.1357738,37.0617288],[128.1357743,37.061728],[128.1357749,37.0617272],[128.1357754,37.0617264],[128.135776,37.0617256],[128.1357765,37.0617248],[128.1357771,37.061724],[128.1357776,37.0617233],[128.1357781,37.0617225],[128.1357787,37.0617217],[128.1357792,37.0617209],[128.1357798,37.0617201],[128.1357803,37.0617193],[128.1357808,37.0617185],[128.1357814,37.0617177],[128.1357819,37.0617169],[128.1357824,37.0617161],[128.135783,37.0617153],[128.1357835,37.0617145],[128.135784,37.0617138],[128.1357846,37.061713],[128.1357851,37.0617122],[128.1357856,37.0617114],[128.1357862,37.0617106],[128.1357867,37.0617098],[128.1357872,37.061709],[128.1357877,37.0617082],[128.1357883,37.0617074],[128.1357888,37.0617066],[128.1357893,37.0617058],[128.1357898,37.061705],[128.1357904,37.0617042],[128.1357909,37.0617034],[128.1357914,37.0617026],[128.1357919,37.0617018],[128.1357924,37.061701],[128.135793,37.0617002],[128.1357935,37.0616994],[128.135794,37.0616986],[128.1357945,37.0616978],[128.135795,37.061697],[128.1357955,37.0616962],[128.135796,37.0616954],[128.1357966,37.0616946],[128.1357971,37.0616938],[128.1357976,37.061693],[128.1357981,37.0616922],[128.1357986,37.0616914],[128.1357991,37.0616906],[128.1357996,37.0616898],[128.1358001,37.061689],[128.1358006,37.0616882],[128.1358011,37.0616874],[128.1358016,37.0616866],[128.1358021,37.0616857],[128.1358026,37.0616849],[128.1358031,37.0616841],[128.1358036,37.0616833],[128.1358041,37.0616825],[128.1358046,37.0616817],[128.1358051,37.0616809],[128.1358056,37.0616801],[128.1358061,37.0616793],[128.1358066,37.0616785],[128.1358071,37.0616777],[128.1358076,37.0616769],[128.1358081,37.0616761],[128.1358086,37.0616752],[128.1358091,37.0616744],[128.1358096,37.0616736],[128.1358101,37.0616728],[128.1358105,37.061672],[128.135811,37.0616712],[128.1358115,37.0616704],[128.135812,37.0616696],[128.1358125,37.0616687],[128.135813,37.0616679],[128.1358134,37.0616671],[128.1358139,37.0616663],[128.1358144,37.0616655],[128.1358149,37.0616647],[128.1358154,37.0616639],[128.1358159,37.061663],[128.1358163,37.0616622],[128.1358168,37.0616614],[128.1358173,37.0616606],[128.1358178,37.0616598],[128.1358182,37.061659],[128.1358187,37.0616581],[128.1358192,37.0616573],[128.1358196,37.0616565],[128.1358201,37.0616557],[128.1358206,37.0616549],[128.135821,37.0616541],[128.1358215,37.0616532],[128.135822,37.0616524],[128.1358224,37.0616516],[128.1358229,37.0616508],[128.1358234,37.06165],[128.1358238,37.0616491],[128.1358243,37.0616483],[128.1358248,37.0616475],[128.1358252,37.0616467],[128.1358257,37.0616458],[128.1358262,37.061645],[128.1358266,37.0616442],[128.1358271,37.0616434],[128.1358275,37.0616425],[128.135828,37.0616417],[128.1358284,37.0616409],[128.1358289,37.0616401],[128.1358293,37.0616393],[128.1358298,37.0616384],[128.1358302,37.0616376],[128.1358307,37.0616368],[128.1358311,37.061636],[128.1358316,37.0616351],[128.135832,37.0616343],[128.1358325,37.0616335],[128.1358329,37.0616326],[128.1358334,37.0616318],[128.1358338,37.061631],[128.1358343,37.0616302],[128.1358347,37.0616293],[128.1358352,37.0616285],[128.1358356,37.0616277],[128.135836,37.0616269],[128.1358365,37.061626],[128.1358369,37.0616252],[128.1358373,37.0616244],[128.1358378,37.0616235],[128.1358382,37.0616227],[128.1358387,37.0616219],[128.1358387,37.0616218],[128.1359449,37.0614632],[128.136186,37.0612822],[128.1363118,37.0611743],[128.1364226,37.0610834],[128.1365005,37.0610131],[128.1365477,37.0609706],[128.1366994,37.0607991],[128.1368534,37.0606617],[128.1369575,37.0605909],[128.1370232,37.0605615],[128.1370564,37.0605215],[128.1371328,37.0604933],[128.1371427,37.0605039],[128.137316,37.0603273],[128.1373571,37.0602854],[128.1374997,37.0601401],[128.1376115,37.0600431],[128.137716,37.0599499],[128.137742,37.0598731],[128.1377114,37.0597574],[128.1376753,37.0596637],[128.1376347,37.0595237],[128.137638,37.0594961],[128.1376436,37.0594483],[128.1376942,37.0593369],[128.1377344,37.0592265],[128.1377741,37.0592007],[128.1377691,37.0591358],[128.137769,37.0591358],[128.1377558,37.0591394],[128.1377335,37.0591386],[128.1377326,37.0590967],[128.137721,37.0590144],[128.1377155,37.0589759],[128.1377086,37.0589463],[128.1376985,37.0589027],[128.1377001,37.0589003],[128.1376853,37.0588555],[128.1376798,37.0588447],[128.1376768,37.0588385],[128.137674,37.0588349],[128.1376725,37.0588301],[128.1376671,37.0588193],[128.1376225,37.0587488],[128.1376104,37.0587341],[128.1375932,37.0586965],[128.1375813,37.0586703],[128.1374787,37.058572],[128.1374527,37.0585285],[128.1374525,37.0585282],[128.1374522,37.0585281],[128.1373569,37.0584815],[128.1372985,37.0584314],[128.137221,37.0583342],[128.1371381,37.0581851],[128.1371434,37.0580974],[128.1371703,37.058094],[128.1371546,37.0580758],[128.1371564,37.0580535],[128.1371529,37.0580309],[128.1371512,37.058017],[128.137119,37.0579396],[128.1371319,37.0579303],[128.1371021,37.057812],[128.1370256,37.0577048],[128.1370021,37.0576719],[128.1369686,37.0576518],[128.13695,37.0576307],[128.1369344,37.0576187],[128.136913,37.0576068],[128.1369046,37.057604],[128.1368689,37.0575732],[128.1367935,37.057534],[128.1366679,37.0574434],[128.1365997,37.0573847],[128.1365388,37.057268],[128.1365282,37.0571517],[128.1364998,37.0570946],[128.1364971,37.0570892],[128.1364993,37.0570887],[128.1364966,37.0570596],[128.1364894,37.0570246],[128.1364829,37.0570074],[128.1364664,37.0569772],[128.1364619,37.0569707],[128.1364566,37.056963],[128.1364405,37.0569442],[128.1364234,37.0569274],[128.1364,37.0569105],[128.1363697,37.0568927],[128.136314,37.0568175],[128.1362652,37.0567186],[128.1362886,37.056678],[128.1362761,37.0566465],[128.136272,37.0566174],[128.1362701,37.0566042],[128.1362769,37.0565556],[128.1362786,37.0565251],[128.1362784,37.0565179],[128.1362783,37.0565157],[128.1362771,37.056478],[128.1362733,37.0564062],[128.1362622,37.0563358],[128.1362475,37.0562691],[128.1362383,37.0562352],[128.13623,37.0561804],[128.1362268,37.0561245],[128.1362279,37.0560745],[128.1362295,37.0560559],[128.1362319,37.0559918],[128.1362333,37.055909],[128.1362291,37.0558718],[128.1362297,37.055869],[128.1362126,37.0557741],[128.13612,37.0556682],[128.1361442,37.0556527],[128.1361245,37.0555924],[128.136106,37.0555581],[128.1361016,37.0555068],[128.1360375,37.055426],[128.1360305,37.0554314],[128.1358928,37.0553599],[128.13587,37.0553514],[128.1358544,37.0553414],[128.1358335,37.0553281],[128.1358309,37.055329],[128.1357752,37.0552778],[128.1357048,37.0551728],[128.1356556,37.055077],[128.1356254,37.0549891],[128.1355178,37.0548627],[128.1354916,37.0548358],[128.1354872,37.0548291],[128.1354621,37.054802],[128.1354418,37.0547824],[128.1353967,37.054742],[128.1353511,37.054701],[128.1352978,37.0546416],[128.135299,37.0546403],[128.135295,37.0546376],[128.1352794,37.0545442],[128.1352791,37.0545426],[128.1352807,37.0545425],[128.1352874,37.0545344],[128.1352879,37.0545047],[128.1352895,37.0545041],[128.1352845,37.0544906],[128.135296,37.0544895],[128.1352825,37.0544648],[128.1352532,37.0544656],[128.1352322,37.0544486],[128.1351906,37.0544147],[128.1351581,37.054366],[128.1351453,37.0543313],[128.1351434,37.0543263],[128.135133,37.0542981],[128.1351115,37.0542398],[128.135076,37.0541644],[128.1350681,37.05416],[128.1350664,37.0540591],[128.1350663,37.0540528],[128.1350372,37.0539913],[128.1350158,37.0539761],[128.1348833,37.0538818],[128.1348655,37.0538692],[128.1348255,37.0538447],[128.1348207,37.0538402],[128.1347872,37.0538145],[128.1346656,37.0537292],[128.1346616,37.0537264],[128.1345886,37.0536749],[128.1345224,37.0536231],[128.1344666,37.0535778],[128.1343787,37.053507],[128.1342437,37.0534083],[128.1341252,37.0533193],[128.1341227,37.0533176],[128.1341186,37.0533146],[128.1341148,37.0533116],[128.134113,37.0533101],[128.1341124,37.0533096],[128.134112,37.0533093],[128.1341116,37.053309],[128.1341109,37.0533083],[128.1341105,37.053308],[128.1341101,37.0533077],[128.1341093,37.0533071],[128.1341089,37.0533067],[128.1341085,37.0533064],[128.1341077,37.0533058],[128.1341073,37.0533054],[128.1341069,37.0533051],[128.1341062,37.0533045],[128.1341058,37.0533042],[128.1341054,37.0533038],[128.1341046,37.0533032],[128.1341042,37.0533029],[128.1341038,37.0533025],[128.134103,37.0533019],[128.1341026,37.0533016],[128.1341022,37.0533013],[128.1341014,37.0533006],[128.134101,37.0533003],[128.1341006,37.0533],[128.1340998,37.0532994],[128.1340994,37.053299],[128.134099,37.0532987],[128.1340982,37.0532981],[128.1340978,37.0532978],[128.1340974,37.0532974],[128.1340966,37.0532968],[128.1340963,37.0532965],[128.1340959,37.0532962],[128.1340951,37.0532955],[128.1340946,37.0532952],[128.1340942,37.0532949],[128.1340934,37.0532943],[128.134093,37.053294],[128.1340926,37.0532937],[128.1340918,37.053293],[128.1340914,37.0532927],[128.134091,37.0532924],[128.1340902,37.0532918],[128.1340898,37.0532914],[128.1340894,37.0532911],[128.1340886,37.0532905],[128.1340882,37.0532902],[128.1340878,37.0532899],[128.134087,37.0532893],[128.1340866,37.0532889],[128.1340862,37.0532886],[128.1340854,37.053288],[128.134085,37.0532877],[128.1340846,37.0532874],[128.1340838,37.0532868],[128.1340834,37.0532865],[128.1340829,37.0532861],[128.1340821,37.0532855],[128.1340817,37.0532852],[128.1340813,37.0532849],[128.1340805,37.0532843],[128.1340801,37.053284],[128.1340797,37.0532837],[128.1340789,37.053283],[128.1340785,37.0532827],[128.134078,37.0532824],[128.1340772,37.0532818],[128.1340768,37.0532815],[128.1340764,37.0532812],[128.1340756,37.0532806],[128.1340752,37.0532803],[128.1340748,37.05328],[128.1340739,37.0532793],[128.1340735,37.053279],[128.1340731,37.0532787],[128.1340723,37.0532781],[128.1340719,37.0532778],[128.1340715,37.0532775],[128.1340706,37.0532769],[128.1340702,37.0532766],[128.1340698,37.0532763],[128.134069,37.0532757],[128.1340686,37.0532754],[128.1340682,37.0532751],[128.1340673,37.0532745],[128.1340669,37.0532742],[128.1340665,37.0532739],[128.1340657,37.0532732],[128.1340652,37.0532729],[128.1340648,37.0532726],[128.134064,37.053272],[128.1340636,37.0532717],[128.1340632,37.0532714],[128.1340623,37.0532708],[128.1340619,37.0532705],[128.1340615,37.0532702],[128.1340607,37.0532696],[128.1340602,37.0532693],[128.1340598,37.053269],[128.134059,37.0532684],[128.1340586,37.0532681],[128.1340581,37.0532678],[128.1340573,37.0532672],[128.1340569,37.0532669],[128.1340564,37.0532666],[128.1340556,37.053266],[128.1340548,37.0532654],[128.1340498,37.0532633],[128.1340488,37.0532629],[128.1340478,37.0532625],[128.1340468,37.0532621],[128.1340458,37.0532616],[128.1340448,37.0532612],[128.1340438,37.0532608],[128.1340429,37.0532604],[128.1340419,37.05326],[128.1340409,37.0532595],[128.1340399,37.0532591],[128.1340389,37.0532587],[128.1340379,37.0532583],[128.1340369,37.0532578],[128.1340359,37.0532574],[128.1340349,37.053257],[128.1340339,37.0532566],[128.1340329,37.0532561],[128.1340319,37.0532557],[128.1340309,37.0532553],[128.13403,37.0532549],[128.134029,37.0532545],[128.134028,37.053254],[128.134027,37.0532536],[128.134026,37.0532532],[128.134025,37.0532528],[128.134024,37.0532523],[128.134023,37.0532519],[128.134022,37.0532515],[128.134021,37.0532511],[128.13402,37.0532506],[128.134019,37.0532502],[128.134018,37.0532498],[128.1340171,37.0532494],[128.1340161,37.053249],[128.1340151,37.0532485],[128.1340141,37.0532481],[128.1340131,37.0532477],[128.1340121,37.0532472],[128.1340111,37.0532468],[128.1340101,37.0532464],[128.1340091,37.053246],[128.1340081,37.0532456],[128.1340071,37.0532451],[128.1340061,37.0532447],[128.1340051,37.0532443],[128.1340042,37.0532438],[128.1340032,37.0532434],[128.1340022,37.053243],[128.1340012,37.0532426],[128.1340002,37.0532422],[128.1339992,37.0532417],[128.1339982,37.0532413],[128.1339972,37.0532409],[128.1339962,37.0532405],[128.1339952,37.05324],[128.1339943,37.0532396],[128.1339933,37.0532392],[128.1339923,37.0532387],[128.1339913,37.0532383],[128.1339903,37.0532379],[128.1339893,37.0532375],[128.1339883,37.053237],[128.1339873,37.0532366],[128.1339863,37.0532362],[128.1339853,37.0532358],[128.1339843,37.0532353],[128.1339834,37.0532349],[128.1339824,37.0532345],[128.1339814,37.0532341],[128.1339804,37.0532336],[128.1339794,37.0532332],[128.1339784,37.0532328],[128.1339774,37.0532324],[128.1339764,37.0532319],[128.1339754,37.0532315],[128.1339744,37.0532311],[128.1339735,37.0532306],[128.1339725,37.0532302],[128.1339715,37.0532298],[128.1339705,37.0532294],[128.1339695,37.0532289],[128.1339685,37.0532285],[128.1339675,37.0532281],[128.1339665,37.0532277],[128.1339655,37.0532272],[128.1339646,37.0532268],[128.1339636,37.0532264],[128.1339626,37.0532259],[128.1339616,37.0532255],[128.1339606,37.0532251],[128.1339596,37.0532247],[128.1339586,37.0532242],[128.1339576,37.0532238],[128.1339566,37.0532234],[128.1339556,37.0532229],[128.1339547,37.0532225],[128.1339537,37.0532221],[128.1339527,37.0532217],[128.1339517,37.0532212],[128.1339507,37.0532208],[128.1339497,37.0532204],[128.1339487,37.05322],[128.1339477,37.0532195],[128.1339467,37.0532191],[128.1339458,37.0532187],[128.1339448,37.0532182],[128.1339438,37.0532178],[128.1339428,37.0532174],[128.1339418,37.0532169],[128.1339408,37.0532165],[128.1339398,37.0532161],[128.1339388,37.0532157],[128.1339378,37.0532152],[128.1339369,37.0532148],[128.1339359,37.0532144],[128.1339349,37.0532139],[128.1339339,37.0532135],[128.1339329,37.0532131],[128.1339319,37.0532126],[128.1339309,37.0532122],[128.1339299,37.0532118],[128.133929,37.0532114],[128.133928,37.0532109],[128.133927,37.0532105],[128.133926,37.0532101],[128.133925,37.0532096],[128.133924,37.0532092],[128.133923,37.0532088],[128.133922,37.0532083],[128.1339211,37.0532079],[128.1339201,37.0532075],[128.1339191,37.0532071],[128.1339181,37.0532066],[128.1339171,37.0532062],[128.1339161,37.0532058],[128.1339151,37.0532053],[128.1339141,37.0532049],[128.1339132,37.0532045],[128.1339122,37.053204],[128.1339112,37.0532036],[128.1339102,37.0532032],[128.1339092,37.0532027],[128.1339082,37.0532023],[128.1339072,37.0532019],[128.1339062,37.0532014],[128.1339053,37.053201],[128.1339043,37.0532006],[128.1339033,37.0532002],[128.1339023,37.0531997],[128.1339013,37.0531993],[128.1339003,37.0531989],[128.1338993,37.0531984],[128.1338984,37.053198],[128.1338974,37.0531976],[128.1338964,37.0531971],[128.1338954,37.0531967],[128.1338944,37.0531963],[128.1338934,37.0531958],[128.1338924,37.0531954],[128.1338914,37.053195],[128.1338905,37.0531945],[128.1338895,37.0531941],[128.1338885,37.0531937],[128.1338875,37.0531932],[128.1338865,37.0531928],[128.1338855,37.0531924],[128.1338845,37.0531919],[128.1338836,37.0531915],[128.1338826,37.0531911],[128.1338816,37.0531906],[128.1338806,37.0531902],[128.1338796,37.0531898],[128.1338786,37.0531893],[128.1338777,37.0531889],[128.1338767,37.0531885],[128.1338757,37.053188],[128.1338747,37.0531876],[128.1338737,37.0531872],[128.1338727,37.0531867],[128.1338717,37.0531863],[128.1338708,37.0531859],[128.1338698,37.0531854],[128.1338688,37.053185],[128.1338678,37.0531846],[128.1338668,37.0531841],[128.1338658,37.0531837],[128.1338648,37.0531833],[128.1338639,37.0531828],[128.1338629,37.0531824],[128.1338619,37.053182],[128.1338609,37.0531815],[128.1338599,37.0531811],[128.1338589,37.0531807],[128.1338579,37.0531802],[128.133857,37.0531798],[128.133856,37.0531794],[128.133855,37.0531789],[128.133854,37.0531785],[128.133853,37.053178],[128.133852,37.0531776],[128.1338511,37.0531772],[128.1338501,37.0531767],[128.1338491,37.0531763],[128.1338481,37.0531759],[128.1338471,37.0531754],[128.1338461,37.053175],[128.1338451,37.0531746],[128.1338442,37.0531741],[128.1338432,37.0531737],[128.1338422,37.0531733],[128.1338412,37.0531728],[128.1338402,37.0531724],[128.1338393,37.0531719],[128.1338383,37.0531715],[128.1338373,37.0531711],[128.1338363,37.0531706],[128.1338353,37.0531702],[128.1338343,37.0531698],[128.1338333,37.0531693],[128.1338324,37.0531689],[128.1338314,37.0531685],[128.1338304,37.053168],[128.1338294,37.0531676],[128.1338284,37.0531671],[128.1338274,37.0531667],[128.1338265,37.0531663],[128.1338255,37.0531658],[128.1338245,37.0531654],[128.1338235,37.053165],[128.1338225,37.0531645],[128.1338215,37.0531641],[128.1338206,37.0531637],[128.1338196,37.0531632],[128.1338186,37.0531628],[128.1338176,37.0531623],[128.1338166,37.0531619],[128.1338157,37.0531615],[128.1338147,37.053161],[128.1338137,37.0531606],[128.1338127,37.0531602],[128.1338117,37.0531597],[128.1338107,37.0531593],[128.1338098,37.0531588],[128.1338088,37.0531584],[128.1338078,37.053158],[128.1338068,37.0531575],[128.1338058,37.0531571],[128.1338048,37.0531566],[128.1338039,37.0531562],[128.1338029,37.0531558],[128.1338019,37.0531553],[128.1338009,37.0531549],[128.1337999,37.0531545],[128.133799,37.053154],[128.133798,37.0531536],[128.133797,37.0531531],[128.133796,37.0531527],[128.133795,37.0531523],[128.133794,37.0531518],[128.1337931,37.0531514],[128.1337921,37.0531509],[128.1337911,37.0531505],[128.1337901,37.0531501],[128.1337891,37.0531496],[128.1337882,37.0531492],[128.1337872,37.0531488],[128.1337862,37.0531483],[128.1337852,37.0531479],[128.1337842,37.0531474],[128.1337833,37.053147],[128.1337823,37.0531466],[128.1337813,37.0531461],[128.1337803,37.0531457],[128.1337793,37.0531452],[128.1337784,37.0531448],[128.1337774,37.0531443],[128.1337764,37.0531439],[128.1337754,37.0531435],[128.1337744,37.053143],[128.1337734,37.0531426],[128.1337725,37.0531421],[128.1337715,37.0531417],[128.1337705,37.0531413],[128.1337695,37.0531408],[128.1337685,37.0531404],[128.1337676,37.0531399],[128.1337666,37.0531395],[128.1337656,37.0531391],[128.1337646,37.0531386],[128.1337636,37.0531382],[128.1337627,37.0531377],[128.1337617,37.0531373],[128.1337607,37.0531369],[128.1337597,37.0531364],[128.1337587,37.053136],[128.1337578,37.0531355],[128.1337568,37.0531351],[128.1337558,37.0531346],[128.1337548,37.0531342],[128.1337538,37.0531338],[128.1337529,37.0531333],[128.1337519,37.0531329],[128.1337509,37.0531324],[128.1337499,37.053132],[128.1337489,37.0531316],[128.133748,37.0531311],[128.133747,37.0531307],[128.133746,37.0531302],[128.133745,37.0531298],[128.133744,37.0531293],[128.1337431,37.0531289],[128.1337421,37.0531285],[128.1337411,37.053128],[128.1337401,37.0531276],[128.1337392,37.0531271],[128.1337382,37.0531267],[128.1337372,37.0531262],[128.1337362,37.0531258],[128.1337352,37.0531254],[128.1337343,37.0531249],[128.1337333,37.0531245],[128.1337323,37.053124],[128.1337313,37.0531236],[128.1337303,37.0531231],[128.1337294,37.0531227],[128.1337284,37.0531223],[128.1337274,37.0531218],[128.1337264,37.0531214],[128.1337254,37.0531209],[128.1337245,37.0531205],[128.1337235,37.05312],[128.1337225,37.0531196],[128.1337215,37.0531191],[128.1337206,37.0531187],[128.1337196,37.0531183],[128.1337186,37.0531178],[128.1337176,37.0531174],[128.1337166,37.0531169],[128.1337157,37.0531165],[128.1337147,37.053116],[128.1337137,37.0531156],[128.1337127,37.0531151],[128.1337117,37.0531147],[128.1337108,37.0531143],[128.1337098,37.0531138],[128.1337088,37.0531134],[128.1337078,37.0531129],[128.1337069,37.0531125],[128.1337059,37.053112],[128.1337049,37.0531116],[128.1337039,37.0531111],[128.133703,37.0531107],[128.133702,37.0531103],[128.133701,37.0531098],[128.1337,37.0531094],[128.133699,37.0531089],[128.1336981,37.0531085],[128.1336971,37.053108],[128.1336961,37.0531076],[128.1336951,37.0531071],[128.1336942,37.0531067],[128.1336932,37.0531062],[128.1336922,37.0531058],[128.1336912,37.0531054],[128.1336903,37.0531049],[128.1336893,37.0531045],[128.1336883,37.053104],[128.1336873,37.0531036],[128.1336864,37.0531031],[128.1336854,37.0531027],[128.1336844,37.0531022],[128.1336834,37.0531018],[128.1336824,37.0531013],[128.1336815,37.0531009],[128.1336805,37.0531004],[128.1336795,37.0531],[128.1336785,37.0530996],[128.1336776,37.0530991],[128.1336766,37.0530987],[128.1336756,37.0530982],[128.1336746,37.0530978],[128.1336737,37.0530973],[128.1336727,37.0530969],[128.1336717,37.0530964],[128.1336707,37.053096],[128.1336698,37.0530955],[128.1336688,37.0530951],[128.1336678,37.0530946],[128.1336668,37.0530942],[128.1336659,37.0530937],[128.1336649,37.0530933],[128.1336639,37.0530928],[128.1336629,37.0530924],[128.1336619,37.0530919],[128.133661,37.0530915],[128.13366,37.0530911],[128.133659,37.0530906],[128.133658,37.0530902],[128.1336571,37.0530897],[128.1336561,37.0530893],[128.1336551,37.0530888],[128.1336541,37.0530884],[128.1336532,37.0530879],[128.1336522,37.0530875],[128.1336512,37.053087],[128.1336503,37.0530866],[128.1336499,37.0530864],[128.1336493,37.0530861],[128.1336483,37.0530857],[128.1336473,37.0530852],[128.1336463,37.0530848],[128.1336454,37.0530843],[128.1336444,37.0530839],[128.1336434,37.0530834],[128.1336425,37.053083],[128.1336415,37.0530825],[128.1336405,37.0530821],[128.1336395,37.0530816],[128.1336386,37.0530812],[128.1336376,37.0530807],[128.1336366,37.0530803],[128.1336356,37.0530798],[128.1336347,37.0530794],[128.1336337,37.0530789],[128.1336327,37.0530785],[128.1336317,37.053078],[128.1336308,37.0530776],[128.1336298,37.0530771],[128.1336288,37.0530767],[128.1336278,37.0530762],[128.1336269,37.0530758],[128.1336259,37.0530753],[128.1336249,37.0530749],[128.1336239,37.0530744],[128.133623,37.053074],[128.133622,37.0530735],[128.133621,37.0530731],[128.1336201,37.0530726],[128.1336191,37.0530722],[128.1336181,37.0530717],[128.1336171,37.0530713],[128.1336162,37.0530708],[128.1336152,37.0530704],[128.1336142,37.0530699],[128.1336132,37.0530695],[128.1336123,37.053069],[128.1336093,37.0530676],[128.1335772,37.0530485],[128.1335303,37.0530307],[128.1335102,37.0530231],[128.1333948,37.0530108],[128.1333045,37.0530169],[128.1332084,37.0530234],[128.1331626,37.0530543],[128.13303,37.0531307],[128.1330159,37.0531543],[128.132854,37.0532599],[128.1328564,37.0532752],[128.1328336,37.0532781],[128.1326045,37.0533064],[128.1324914,37.0532867],[128.1324964,37.0532707],[128.132503,37.053262],[128.1324711,37.0532513],[128.1324612,37.0532672],[128.1324418,37.0532811],[128.1322897,37.0532071],[128.1321219,37.053113],[128.132011,37.0530651],[128.1319002,37.0530172],[128.1316707,37.0529136],[128.131623,37.0528987],[128.1316172,37.0528962],[128.1315246,37.0528635],[128.1314622,37.0528438],[128.1313872,37.0528201],[128.1313032,37.0527935],[128.1312066,37.0527449],[128.1310912,37.052708],[128.1310398,37.0526916],[128.1307853,37.0525649],[128.1305213,37.0523955],[128.1305388,37.0523783],[128.1304699,37.0523253],[128.1303591,37.0522401],[128.1303381,37.0522168],[128.1303184,37.0521949],[128.130306,37.0521811],[128.1302696,37.0521281],[128.1301903,37.0520458],[128.1301683,37.0520276],[128.1300599,37.0519377],[128.1299435,37.0518561],[128.1297847,37.0517379],[128.1296185,37.0516594],[128.1294992,37.0516061],[128.12949,37.051602],[128.1294429,37.0515746],[128.129368,37.0515682],[128.1292782,37.0517009],[128.1292695,37.0517088],[128.1292674,37.0517107],[128.1292643,37.0517133],[128.1292612,37.0517159],[128.1292581,37.0517185],[128.1292549,37.0517211],[128.1292517,37.0517236],[128.1292485,37.0517261],[128.1292452,37.0517285],[128.1292418,37.0517309],[128.1292384,37.0517333],[128.129235,37.0517357],[128.1292316,37.051738],[128.1292281,37.0517402],[128.1292245,37.0517425],[128.129221,37.0517447],[128.1292174,37.0517468],[128.1292137,37.051749],[128.1292101,37.051751],[128.1292064,37.0517531],[128.1292026,37.0517551],[128.1291989,37.0517571],[128.1291951,37.051759],[128.1291912,37.0517609],[128.1291874,37.0517627],[128.1291835,37.0517645],[128.1291796,37.0517663],[128.1291756,37.051768],[128.1291717,37.0517697],[128.1291676,37.0517714],[128.1291636,37.051773],[128.1291596,37.0517745],[128.1291555,37.051776],[128.1291514,37.0517775],[128.1291473,37.0517789],[128.1291436,37.0517801],[128.1291377,37.0517821],[128.1291335,37.0517835],[128.1291294,37.0517849],[128.1291252,37.0517862],[128.129121,37.0517876],[128.1291168,37.0517889],[128.1291127,37.0517903],[128.1291085,37.0517916],[128.1291043,37.051793],[128.1291002,37.0517943],[128.129096,37.0517956],[128.1290918,37.0517969],[128.1290876,37.0517983],[128.1290834,37.0517996],[128.1290792,37.0518009],[128.129075,37.0518022],[128.1290709,37.0518035],[128.1290667,37.0518048],[128.1290625,37.0518061],[128.1290583,37.0518074],[128.1290541,37.0518087],[128.1290499,37.0518099],[128.1290457,37.0518112],[128.1290415,37.0518125],[128.1290372,37.0518137],[128.129033,37.051815],[128.1290288,37.0518163],[128.1290246,37.0518175],[128.1290204,37.0518188],[128.1290162,37.05182],[128.1290119,37.0518212],[128.1290077,37.0518225],[128.1290035,37.0518237],[128.1289993,37.0518249],[128.128995,37.0518262],[128.1289908,37.0518274],[128.1289866,37.0518286],[128.1289823,37.0518298],[128.1289781,37.051831],[128.1289738,37.0518322],[128.1289696,37.0518334],[128.1289653,37.0518346],[128.1289611,37.0518358],[128.1289569,37.0518369],[128.1289526,37.0518381],[128.1289483,37.0518393],[128.1289441,37.0518404],[128.1289398,37.0518416],[128.1289356,37.0518428],[128.1289313,37.0518439],[128.1289271,37.0518451],[128.1289228,37.0518462],[128.1289185,37.0518473],[128.1289143,37.0518485],[128.12891,37.0518496],[128.1289057,37.0518507],[128.1289014,37.0518519],[128.1288972,37.051853],[128.1288929,37.0518541],[128.1288886,37.0518552],[128.1288843,37.0518563],[128.12888,37.0518574],[128.1288758,37.0518585],[128.1288715,37.0518596],[128.1288672,37.0518606],[128.1288629,37.0518617],[128.1288586,37.0518628],[128.1288543,37.0518639],[128.12885,37.0518649],[128.1288457,37.051866],[128.1288414,37.051867],[128.1288371,37.0518681],[128.1288328,37.0518691],[128.1288285,37.0518702],[128.1288242,37.0518712],[128.1288199,37.0518723],[128.1288156,37.0518733],[128.1288113,37.0518743],[128.1288069,37.0518753],[128.1288026,37.0518763],[128.1287983,37.0518773],[128.1287949,37.0518781],[128.1287949,37.0518782],[128.128784,37.0518805],[128.1287741,37.0518825],[128.1287643,37.0518844],[128.1287544,37.0518862],[128.1287446,37.051888],[128.1287347,37.0518896],[128.1287248,37.0518912],[128.1287148,37.0518928],[128.1287049,37.0518942],[128.1286949,37.0518956],[128.1286849,37.0518968],[128.1286749,37.0518981],[128.1286649,37.0518992],[128.1286548,37.0519003],[128.1286448,37.0519012],[128.1286348,37.0519022],[128.1286248,37.051903],[128.128509,37.0518993],[128.128264,37.0518628],[128.128129,37.051828],[128.1280132,37.051796],[128.1280122,37.0517957],[128.1280111,37.0517955],[128.12801,37.0517952],[128.1280089,37.051795],[128.1280079,37.0517947],[128.1280068,37.0517944],[128.1280057,37.0517942],[128.1280046,37.0517939],[128.1280036,37.0517937],[128.1280025,37.0517934],[128.1280014,37.0517931],[128.1280003,37.0517929],[128.1279992,37.0517926],[128.1279982,37.0517924],[128.1279971,37.0517921],[128.127996,37.0517918],[128.1279949,37.0517916],[128.1279939,37.0517913],[128.1279928,37.0517911],[128.1279917,37.0517908],[128.1279906,37.0517905],[128.1279896,37.0517903],[128.1279885,37.05179],[128.1279874,37.0517898],[128.1279863,37.0517895],[128.1279852,37.0517892],[128.1279842,37.051789],[128.1279831,37.0517887],[128.127982,37.0517885],[128.1279809,37.0517882],[128.1279799,37.051788],[128.1279788,37.0517877],[128.1279777,37.0517875],[128.1279766,37.0517872],[128.1279755,37.051787],[128.1279745,37.0517867],[128.1279734,37.0517864],[128.1279723,37.0517862],[128.1279712,37.0517859],[128.1279702,37.0517857],[128.1279691,37.0517854],[128.127968,37.0517852],[128.1279669,37.0517849],[128.1279658,37.0517847],[128.1279648,37.0517844],[128.1279637,37.0517842],[128.1279626,37.0517839],[128.1279615,37.0517837],[128.1279604,37.0517834],[128.1279594,37.0517832],[128.1279583,37.0517829],[128.1279572,37.0517827],[128.1279561,37.0517824],[128.1279551,37.0517822],[128.127954,37.0517819],[128.1279529,37.0517816],[128.1279518,37.0517814],[128.1279507,37.0517812],[128.1279496,37.0517809],[128.1279486,37.0517807],[128.1279475,37.0517804],[128.1279464,37.0517802],[128.1279453,37.0517799],[128.1279442,37.0517797],[128.1279432,37.0517794],[128.1279421,37.0517792],[128.127941,37.0517789],[128.1279399,37.0517787],[128.1279388,37.0517784],[128.1279378,37.0517782],[128.1279367,37.0517779],[128.1279356,37.0517777],[128.1279345,37.0517774],[128.1279334,37.0517772],[128.1279323,37.0517769],[128.1279313,37.0517767],[128.1279302,37.0517765],[128.1279291,37.0517762],[128.127928,37.051776],[128.1279269,37.0517757],[128.1279259,37.0517755],[128.1279248,37.0517752],[128.1279237,37.051775],[128.1279226,37.0517748],[128.1279215,37.0517745],[128.1279205,37.0517743],[128.1279194,37.051774],[128.1279183,37.0517738],[128.1279172,37.0517735],[128.1279161,37.0517733],[128.127915,37.0517731],[128.1279139,37.0517728],[128.1279129,37.0517726],[128.1279118,37.0517723],[128.1279107,37.0517721],[128.1279096,37.0517719],[128.1279085,37.0517716],[128.1279074,37.0517714],[128.1279064,37.0517711],[128.1279053,37.0517709],[128.1279042,37.0517707],[128.1279031,37.0517704],[128.127902,37.0517702],[128.1279009,37.0517699],[128.1278999,37.0517697],[128.1278988,37.0517695],[128.1278977,37.0517692],[128.1278966,37.051769],[128.1278955,37.0517688],[128.1278944,37.0517685],[128.1278934,37.0517683],[128.1278923,37.051768],[128.1278912,37.0517678],[128.1278901,37.0517676],[128.127889,37.0517673],[128.1278879,37.0517671],[128.1278868,37.0517669],[128.1278858,37.0517666],[128.1278847,37.0517664],[128.1278836,37.0517662],[128.1278825,37.0517659],[128.1278814,37.0517657],[128.1278803,37.0517655],[128.1278792,37.0517652],[128.1278782,37.051765],[128.1278771,37.0517648],[128.127876,37.0517645],[128.1278749,37.0517643],[128.1278738,37.0517641],[128.1278727,37.0517638],[128.1278717,37.0517636],[128.1278706,37.0517634],[128.1278695,37.0517631],[128.1278684,37.0517629],[128.1278673,37.0517627],[128.1278662,37.0517624],[128.1278651,37.0517622],[128.127864,37.051762],[128.1278629,37.0517618],[128.1278619,37.0517615],[128.1278608,37.0517613],[128.1278597,37.0517611],[128.1278586,37.0517608],[128.1278575,37.0517606],[128.1278564,37.0517604],[128.1278553,37.0517601],[128.1278543,37.0517599],[128.1278532,37.0517597],[128.1278521,37.0517595],[128.127851,37.0517592],[128.1278499,37.051759],[128.1278488,37.0517588],[128.1278477,37.0517586],[128.1278466,37.0517583],[128.1278456,37.0517581],[128.1278445,37.0517579],[128.1278434,37.0517577],[128.1278423,37.0517574],[128.1278412,37.0517572],[128.1278401,37.051757],[128.127839,37.0517568],[128.1278379,37.0517565],[128.1278368,37.0517563],[128.1278358,37.0517561],[128.1278347,37.0517559],[128.1278336,37.0517556],[128.1278325,37.0517554],[128.1278314,37.0517552],[128.1278303,37.051755],[128.1278292,37.0517547],[128.1278281,37.0517545],[128.127827,37.0517543],[128.127826,37.0517541],[128.1278249,37.0517539],[128.1278238,37.0517536],[128.1278227,37.0517534],[128.1278216,37.0517532],[128.1278205,37.051753],[128.1278194,37.0517527],[128.1278183,37.0517525],[128.1278172,37.0517523],[128.1278161,37.0517521],[128.127815,37.0517519],[128.127814,37.0517516],[128.1278129,37.0517514],[128.1278118,37.0517512],[128.1278107,37.051751],[128.1278096,37.0517508],[128.1278085,37.0517506],[128.1278074,37.0517503],[128.1278063,37.0517501],[128.1278052,37.0517499],[128.1278041,37.0517497],[128.1278031,37.0517495],[128.127802,37.0517493],[128.1278009,37.051749],[128.1277998,37.0517488],[128.1277987,37.0517486],[128.1277976,37.0517484],[128.1277965,37.0517482],[128.1277954,37.051748],[128.1277943,37.0517477],[128.1277932,37.0517475],[128.1277921,37.0517473],[128.127791,37.0517471],[128.12779,37.0517469],[128.1277889,37.0517467],[128.1277878,37.0517465],[128.1277867,37.0517462],[128.1277856,37.051746],[128.1277845,37.0517458],[128.1277834,37.0517456],[128.1277823,37.0517454],[128.1277812,37.0517452],[128.1277801,37.051745],[128.127779,37.0517448],[128.1277779,37.0517445],[128.1277768,37.0517443],[128.1277758,37.0517441],[128.1277747,37.0517439],[128.1277736,37.0517437],[128.1277725,37.0517435],[128.1277714,37.0517433],[128.1277703,37.0517431],[128.1277692,37.0517429],[128.1277681,37.0517427],[128.127767,37.0517424],[128.1277659,37.0517422],[128.1277648,37.051742],[128.1277637,37.0517418],[128.1277626,37.0517416],[128.1277615,37.0517414],[128.1277604,37.0517412],[128.1277593,37.051741],[128.1277583,37.0517408],[128.1277572,37.0517406],[128.1277561,37.0517404],[128.127755,37.0517402],[128.1277539,37.05174],[128.1277528,37.0517398],[128.1277517,37.0517395],[128.1277506,37.0517393],[128.1277495,37.0517391],[128.1277484,37.0517389],[128.1277473,37.0517387],[128.1277462,37.0517385],[128.1277451,37.0517383],[128.127744,37.0517381],[128.1277429,37.0517379],[128.1277418,37.0517377],[128.1277407,37.0517375],[128.1277396,37.0517373],[128.1277386,37.0517371],[128.1277375,37.0517369],[128.1277364,37.0517367],[128.1277353,37.0517365],[128.1277342,37.0517363],[128.1277331,37.0517361],[128.127732,37.0517359],[128.1277309,37.0517357],[128.1277298,37.0517355],[128.1277287,37.0517353],[128.1277276,37.0517351],[128.1277265,37.0517349],[128.1277254,37.0517347],[128.1277243,37.0517345],[128.1277232,37.0517343],[128.1277221,37.0517341],[128.127721,37.0517339],[128.1277207,37.0517338],[128.1273318,37.0517153],[128.1272928,37.0517135],[128.1272904,37.0516937],[128.1273012,37.0516493],[128.1272822,37.0516123],[128.1272725,37.0516003],[128.1272393,37.0515774],[128.1271986,37.0515546],[128.1271433,37.0515283],[128.1271306,37.0515137],[128.1270307,37.0515118],[128.1270272,37.0515082],[128.1270213,37.0515016],[128.1270157,37.0514948],[128.1270105,37.0514878],[128.1270078,37.0514838],[128.1270057,37.0514807],[128.1270012,37.0514735],[128.126997,37.0514661],[128.1269933,37.0514585],[128.1269904,37.051452],[128.1269899,37.0514509],[128.1269869,37.0514432],[128.1269842,37.0514353],[128.1269821,37.0514276],[128.1269799,37.0513753],[128.1269803,37.0513666],[128.1269809,37.0513585],[128.1269816,37.0513504],[128.1269819,37.051348],[128.1269825,37.0513424],[128.1269836,37.0513343],[128.1269848,37.0513262],[128.1269862,37.0513182],[128.1269877,37.0513102],[128.1269894,37.0513022],[128.1269913,37.0512942],[128.1269933,37.0512863],[128.1269956,37.0512782],[128.1270742,37.0511418],[128.12716,37.0509711],[128.1271541,37.0509499],[128.1271284,37.050857],[128.1270911,37.0507384],[128.1270848,37.0507289],[128.1270802,37.0507217],[128.1270756,37.0507144],[128.1270712,37.0507072],[128.1270667,37.0506998],[128.1270624,37.0506925],[128.1270581,37.0506852],[128.1270539,37.0506778],[128.1270498,37.0506704],[128.1270457,37.050663],[128.1270417,37.0506555],[128.1270378,37.050648],[128.127034,37.0506405],[128.1270302,37.050633],[128.1270265,37.0506255],[128.1270229,37.0506179],[128.1270193,37.0506103],[128.1270159,37.0506027],[128.1270125,37.0505951],[128.1270077,37.0505761],[128.1270077,37.0505758],[128.1270076,37.0505749],[128.1270075,37.050574],[128.1270073,37.0505731],[128.1270071,37.0505722],[128.1270069,37.0505714],[128.1270066,37.0505705],[128.1270064,37.0505696],[128.127006,37.0505687],[128.1270057,37.0505679],[128.1270053,37.050567],[128.1270049,37.0505662],[128.1270045,37.0505654],[128.127004,37.0505645],[128.1270035,37.0505637],[128.126989,37.050541],[128.1269887,37.0505407],[128.1269879,37.05054],[128.1269871,37.0505394],[128.1269866,37.0505392],[128.1269862,37.0505389],[128.1269852,37.0505384],[128.1269842,37.050538],[128.1269832,37.0505377],[128.1269821,37.0505375],[128.1269661,37.0505348],[128.1269291,37.0505287],[128.1268613,37.0505238],[128.1268553,37.0505234],[128.1268453,37.0505222],[128.1268353,37.0505208],[128.1268253,37.0505189],[128.1268119,37.0505168],[128.126802,37.0505151],[128.1267921,37.0505135],[128.1267822,37.0505118],[128.1267723,37.0505101],[128.1267624,37.0505084],[128.1267525,37.0505067],[128.1267427,37.0505049],[128.1267328,37.0505031],[128.1267229,37.0505013],[128.1267131,37.0504995],[128.1267032,37.0504977],[128.1266934,37.0504958],[128.1266835,37.0504939],[128.1266737,37.050492],[128.1266639,37.05049],[128.1266541,37.0504881],[128.1266443,37.0504861],[128.1266345,37.0504841],[128.1266247,37.050482],[128.1266149,37.05048],[128.1266051,37.0504779],[128.1265953,37.0504758],[128.1265856,37.0504737],[128.1265758,37.0504715],[128.1265661,37.0504694],[128.1265563,37.0504672],[128.1265466,37.050465],[128.1265369,37.0504627],[128.1265272,37.0504605],[128.1265174,37.0504582],[128.1265078,37.0504559],[128.1264981,37.0504535],[128.1264969,37.0504532],[128.1264884,37.0504512],[128.1264787,37.0504488],[128.126469,37.0504464],[128.1264594,37.050444],[128.1264497,37.0504416],[128.1264401,37.0504391],[128.1264305,37.0504366],[128.1264208,37.0504341],[128.1264112,37.0504316],[128.1264016,37.050429],[128.126392,37.0504264],[128.1263825,37.0504238],[128.1263729,37.0504212],[128.1263635,37.0504186],[128.1262868,37.0503823],[128.1262198,37.0503426],[128.1261235,37.0502839],[128.1260992,37.0502661],[128.1260465,37.0502094],[128.1260425,37.0502043],[128.1260046,37.0501561],[128.1260043,37.0501557],[128.1260014,37.0501518],[128.1260008,37.0501511],[128.1259979,37.0501472],[128.1259973,37.0501465],[128.1259944,37.0501426],[128.1259938,37.0501419],[128.1259909,37.050138],[128.1259903,37.0501372],[128.1259873,37.0501334],[128.1259867,37.0501326],[128.1259838,37.0501288],[128.1259832,37.050128],[128.1259802,37.0501242],[128.1259797,37.0501234],[128.1259767,37.0501196],[128.1259761,37.0501188],[128.1259731,37.050115],[128.1259725,37.0501142],[128.1259696,37.0501104],[128.125969,37.0501097],[128.125966,37.0501058],[128.1259654,37.0501051],[128.125964,37.0501032],[128.1259624,37.0501012],[128.1259618,37.0501005],[128.1259589,37.0500967],[128.1259583,37.0500959],[128.1259553,37.0500921],[128.1259547,37.0500913],[128.1259517,37.0500875],[128.1259511,37.0500868],[128.1259481,37.0500829],[128.1259475,37.0500822],[128.1259445,37.0500784],[128.1259439,37.0500776],[128.1259408,37.0500738],[128.1259402,37.050073],[128.1259372,37.0500692],[128.1259366,37.0500685],[128.1259336,37.0500647],[128.125933,37.0500639],[128.12593,37.0500601],[128.1259294,37.0500594],[128.1259263,37.0500556],[128.1259257,37.0500548],[128.1259227,37.050051],[128.1259221,37.0500503],[128.125919,37.0500465],[128.1259184,37.0500457],[128.1259154,37.050042],[128.1259148,37.0500412],[128.1259117,37.0500374],[128.1259111,37.0500367],[128.125908,37.0500329],[128.1259074,37.0500321],[128.1259044,37.0500283],[128.1259037,37.0500276],[128.1259007,37.0500238],[128.1259001,37.0500231],[128.125897,37.0500193],[128.1258964,37.0500185],[128.1258933,37.0500148],[128.1258927,37.050014],[128.1258896,37.0500103],[128.125889,37.0500095],[128.1258859,37.0500057],[128.1258853,37.050005],[128.1258822,37.0500012],[128.1258815,37.0500005],[128.1258784,37.0499967],[128.1258778,37.049996],[128.1258747,37.0499922],[128.1258741,37.0499915],[128.125871,37.0499877],[128.1258704,37.049987],[128.1258672,37.0499832],[128.1258666,37.0499825],[128.1258635,37.0499787],[128.1258629,37.049978],[128.1258597,37.0499742],[128.1258591,37.0499735],[128.125856,37.0499697],[128.1258553,37.049969],[128.1258522,37.0499653],[128.1258516,37.0499645],[128.1258484,37.0499608],[128.1258478,37.04996],[128.1258446,37.0499563],[128.125844,37.0499556],[128.1258409,37.0499518],[128.1258402,37.0499511],[128.1258371,37.0499474],[128.1258364,37.0499466],[128.1258333,37.0499429],[128.1258326,37.0499421],[128.1258295,37.0499384],[128.1258288,37.0499377],[128.1258256,37.049934],[128.125825,37.0499332],[128.1258218,37.0499295],[128.1258212,37.0499288],[128.125818,37.0499251],[128.1258174,37.0499243],[128.1258142,37.0499206],[128.1258135,37.0499199],[128.1258103,37.0499162],[128.1258097,37.0499154],[128.1258065,37.0499117],[128.1258059,37.049911],[128.1258026,37.0499073],[128.125802,37.0499065],[128.1257988,37.0499028],[128.1257981,37.0499021],[128.1257949,37.0498984],[128.1257943,37.0498977],[128.1257911,37.049894],[128.1257904,37.0498932],[128.1257872,37.0498896],[128.1257865,37.0498888],[128.1257833,37.0498851],[128.1257827,37.0498844],[128.1257794,37.0498807],[128.1257788,37.04988],[128.1257755,37.0498763],[128.1257749,37.0498756],[128.1257716,37.0498719],[128.125771,37.0498712],[128.1257677,37.0498675],[128.1257671,37.0498668],[128.1257638,37.0498631],[128.1257632,37.0498623],[128.1257599,37.0498587],[128.1257592,37.049858],[128.1257574,37.0498559],[128.125756,37.0498543],[128.1257553,37.0498536],[128.125752,37.0498499],[128.1257514,37.0498492],[128.1257481,37.0498455],[128.1257474,37.0498448],[128.1257442,37.0498411],[128.1257435,37.0498404],[128.1257402,37.0498367],[128.1257395,37.049836],[128.1257362,37.0498324],[128.1257356,37.0498316],[128.1257323,37.049828],[128.1257316,37.0498273],[128.1257283,37.0498236],[128.1257277,37.0498229],[128.1257243,37.0498192],[128.1257237,37.0498185],[128.1257204,37.0498149],[128.1257197,37.0498142],[128.1257164,37.0498105],[128.1257157,37.0498098],[128.1257124,37.0498062],[128.1257117,37.0498054],[128.1257084,37.0498018],[128.1257077,37.0498011],[128.1257044,37.0497975],[128.1257037,37.0497967],[128.1257004,37.0497931],[128.1256998,37.0497925],[128.1256425,37.0497263],[128.125642,37.0497257],[128.1256413,37.0497249],[128.1256407,37.0497242],[128.1256401,37.0497234],[128.1256394,37.0497227],[128.1256388,37.0497219],[128.1256381,37.0497212],[128.1256375,37.0497205],[128.1256368,37.0497197],[128.1256362,37.049719],[128.1256355,37.0497183],[128.1256349,37.0497175],[128.1256342,37.0497168],[128.1256336,37.0497161],[128.1256329,37.0497153],[128.1256322,37.0497146],[128.1256316,37.0497139],[128.1256309,37.0497132],[128.1256302,37.0497125],[128.1256295,37.0497117],[128.1256288,37.049711],[128.1256282,37.0497103],[128.1256275,37.0497096],[128.1256268,37.0497089],[128.1256261,37.0497082],[128.1256254,37.0497075],[128.1256247,37.0497068],[128.125624,37.0497061],[128.1256233,37.0497054],[128.1256226,37.0497047],[128.1256219,37.049704],[128.1256211,37.0497033],[128.1256204,37.0497026],[128.1256197,37.0497019],[128.125619,37.0497012],[128.1256183,37.0497005],[128.1256175,37.0496998],[128.1256168,37.0496991],[128.1256161,37.0496984],[128.1256153,37.0496978],[128.1256146,37.0496971],[128.1256139,37.0496964],[128.1256131,37.0496957],[128.1256124,37.0496951],[128.1256116,37.0496944],[128.1256109,37.0496937],[128.1256101,37.049693],[128.1256094,37.0496924],[128.1256086,37.0496917],[128.1256078,37.0496911],[128.1256071,37.0496904],[128.1256063,37.0496897],[128.1256055,37.0496891],[128.1256048,37.0496884],[128.125604,37.0496878],[128.1256032,37.0496871],[128.1256024,37.0496865],[128.1256017,37.0496858],[128.1256009,37.0496852],[128.1256001,37.0496845],[128.1255993,37.0496839],[128.1255985,37.0496832],[128.1255977,37.0496826],[128.1255969,37.049682],[128.1255961,37.0496813],[128.1255953,37.0496807],[128.1255945,37.0496801],[128.1255937,37.0496794],[128.1255929,37.0496788],[128.1255921,37.0496782],[128.1255913,37.0496776],[128.1255905,37.0496769],[128.1255896,37.0496763],[128.1255888,37.0496757],[128.125588,37.0496751],[128.1255872,37.0496745],[128.1255864,37.0496739],[128.1255855,37.0496733],[128.1255847,37.0496727],[128.1255839,37.0496721],[128.125583,37.0496715],[128.1255822,37.0496709],[128.1255813,37.0496703],[128.1255805,37.0496697],[128.1255796,37.0496691],[128.1255788,37.0496685],[128.125578,37.0496679],[128.1255771,37.0496673],[128.1255762,37.0496667],[128.1255754,37.0496661],[128.1255745,37.0496656],[128.1255737,37.049665],[128.1255728,37.0496644],[128.1255719,37.0496638],[128.1255711,37.0496633],[128.1255702,37.0496627],[128.1255693,37.0496621],[128.1255684,37.0496616],[128.1255676,37.049661],[128.1255667,37.0496604],[128.1255658,37.0496599],[128.1255649,37.0496593],[128.125564,37.0496588],[128.1255631,37.0496582],[128.1255623,37.0496577],[128.1255614,37.0496571],[128.1255605,37.0496566],[128.1255596,37.049656],[128.1255587,37.0496555],[128.1255578,37.0496549],[128.1255569,37.0496544],[128.125556,37.0496539],[128.1255551,37.0496533],[128.1255541,37.0496528],[128.1255532,37.0496523],[128.1255523,37.0496518],[128.1255514,37.0496512],[128.1255505,37.0496507],[128.1255496,37.0496502],[128.1255486,37.0496497],[128.1255477,37.0496492],[128.1255468,37.0496487],[128.1255459,37.0496482],[128.1255449,37.0496476],[128.125544,37.0496471],[128.1255431,37.0496466],[128.1255421,37.0496461],[128.1255412,37.0496456],[128.1255403,37.0496451],[128.1255393,37.0496447],[128.1255384,37.0496442],[128.1255374,37.0496437],[128.1255365,37.0496432],[128.1255355,37.0496427],[128.1255346,37.0496422],[128.1255336,37.0496417],[128.1255327,37.0496413],[128.1255317,37.0496408],[128.1255308,37.0496403],[128.1255298,37.0496399],[128.1255288,37.0496394],[128.1255279,37.0496389],[128.1255269,37.0496385],[128.1255259,37.049638],[128.125525,37.0496375],[128.125524,37.0496371],[128.125523,37.0496366],[128.1255221,37.0496362],[128.1255211,37.0496357],[128.1255201,37.0496353],[128.1255191,37.0496349],[128.1255182,37.0496344],[128.1255172,37.049634],[128.1255162,37.0496335],[128.1255152,37.0496331],[128.1255142,37.0496327],[128.1255132,37.0496323],[128.1255122,37.0496318],[128.1255112,37.0496314],[128.1255102,37.049631],[128.1255092,37.0496306],[128.1255083,37.0496302],[128.1255072,37.0496297],[128.1255062,37.0496293],[128.1255053,37.0496289],[128.1255042,37.0496285],[128.1255032,37.0496281],[128.1255022,37.0496277],[128.1255012,37.0496273],[128.1255002,37.0496269],[128.1254992,37.0496265],[128.1254982,37.0496261],[128.1254972,37.0496257],[128.1254962,37.0496254],[128.1254951,37.049625],[128.1254941,37.0496246],[128.1254931,37.0496242],[128.1254921,37.0496238],[128.125491,37.0496235],[128.12549,37.0496231],[128.125489,37.0496227],[128.125488,37.0496224],[128.1254869,37.049622],[128.1254859,37.0496217],[128.1254849,37.0496213],[128.1254839,37.0496209],[128.1254828,37.0496206],[128.1254818,37.0496202],[128.1254807,37.0496199],[128.1254797,37.0496195],[128.1254794,37.0496194],[128.1254784,37.049619],[128.1254775,37.0496186],[128.1254765,37.0496181],[128.1254755,37.0496177],[128.1254745,37.0496173],[128.1254735,37.0496168],[128.1254725,37.0496164],[128.1254715,37.049616],[128.1254705,37.0496155],[128.1254696,37.0496151],[128.1254686,37.0496147],[128.1254676,37.0496143],[128.1254666,37.0496138],[128.1254656,37.0496134],[128.1254646,37.049613],[128.1254636,37.0496126],[128.1254626,37.0496121],[128.1254616,37.0496117],[128.1254606,37.0496113],[128.1254597,37.0496109],[128.1254587,37.0496105],[128.1254577,37.04961],[128.1254567,37.0496096],[128.1254557,37.0496092],[128.1254547,37.0496088],[128.1254537,37.0496084],[128.1254527,37.0496079],[128.1254517,37.0496075],[128.1254507,37.0496071],[128.1254497,37.0496067],[128.1254487,37.0496063],[128.1254477,37.0496059],[128.1254467,37.0496055],[128.1254457,37.049605],[128.1254447,37.0496046],[128.1254437,37.0496042],[128.1254427,37.0496038],[128.1254417,37.0496034],[128.1254407,37.049603],[128.1254397,37.0496026],[128.1254387,37.0496022],[128.1254377,37.0496018],[128.1254367,37.0496014],[128.1254357,37.049601],[128.1254347,37.0496006],[128.1254337,37.0496001],[128.1254327,37.0495998],[128.1254316,37.0495993],[128.1254306,37.0495989],[128.1254296,37.0495985],[128.1254286,37.0495981],[128.1254276,37.0495977],[128.1254266,37.0495973],[128.1254256,37.0495969],[128.1254246,37.0495965],[128.1254236,37.0495962],[128.1254226,37.0495957],[128.1254216,37.0495954],[128.1254206,37.049595],[128.1254195,37.0495946],[128.1254185,37.0495942],[128.1254175,37.0495938],[128.1254165,37.0495934],[128.1254155,37.049593],[128.1254145,37.0495926],[128.1254135,37.0495922],[128.1254125,37.0495918],[128.1254114,37.0495914],[128.1254104,37.049591],[128.1254094,37.0495907],[128.1254084,37.0495903],[128.1254074,37.0495899],[128.1254064,37.0495895],[128.1254054,37.0495891],[128.1254043,37.0495887],[128.1254033,37.0495884],[128.1254023,37.049588],[128.1254013,37.0495876],[128.1254003,37.0495872],[128.1253992,37.0495868],[128.1253982,37.0495864],[128.1253972,37.0495861],[128.1253962,37.0495857],[128.1253952,37.0495853],[128.1253941,37.0495849],[128.1253931,37.0495846],[128.1253921,37.0495842],[128.1253911,37.0495838],[128.1253901,37.0495834],[128.125389,37.049583],[128.125388,37.0495827],[128.125387,37.0495823],[128.125386,37.0495819],[128.1253849,37.0495816],[128.1253839,37.0495812],[128.1253829,37.0495808],[128.1253819,37.0495805],[128.1253808,37.0495801],[128.1253798,37.0495797],[128.1253788,37.0495794],[128.1253778,37.049579],[128.1253767,37.0495786],[128.1253757,37.0495783],[128.1253747,37.0495779],[128.1253736,37.0495775],[128.1253726,37.0495772],[128.1253716,37.0495768],[128.1253706,37.0495764],[128.1253695,37.0495761],[128.1253685,37.0495757],[128.1253675,37.0495754],[128.1253664,37.049575],[128.1253654,37.0495746],[128.1253644,37.0495743],[128.1253633,37.0495739],[128.1253623,37.0495736],[128.1253613,37.0495732],[128.1253602,37.0495729],[128.1253592,37.0495725],[128.1253582,37.0495722],[128.1253571,37.0495718],[128.1253561,37.0495715],[128.1253551,37.0495711],[128.125354,37.0495708],[128.125353,37.0495704],[128.125352,37.0495701],[128.1253509,37.0495697],[128.1253499,37.0495694],[128.1253489,37.049569],[128.1253478,37.0495687],[128.1253468,37.0495683],[128.1253457,37.049568],[128.1253447,37.0495676],[128.1253437,37.0495673],[128.1253426,37.0495669],[128.1253416,37.0495666],[128.1253405,37.0495663],[128.1253395,37.0495659],[128.1253385,37.0495656],[128.1253374,37.0495652],[128.1253364,37.0495649],[128.1253353,37.0495646],[128.1253343,37.0495642],[128.1253333,37.0495639],[128.1253322,37.0495636],[128.1253312,37.0495632],[128.1253301,37.0495629],[128.1253291,37.0495626],[128.125328,37.0495622],[128.125327,37.0495619],[128.1253259,37.0495616],[128.1253249,37.0495612],[128.1253238,37.0495609],[128.1253228,37.0495606],[128.1253218,37.0495602],[128.1253207,37.0495599],[128.1253197,37.0495596],[128.1253186,37.0495593],[128.1253176,37.0495589],[128.1253165,37.0495586],[128.1253155,37.0495583],[128.1253144,37.049558],[128.1253134,37.0495576],[128.1253123,37.0495573],[128.1253113,37.049557],[128.1253102,37.0495567],[128.1253092,37.0495564],[128.1253081,37.049556],[128.1253071,37.0495557],[128.125306,37.0495554],[128.125305,37.0495551],[128.1253039,37.0495548],[128.1253029,37.0495544],[128.1253018,37.0495541],[128.1253007,37.0495538],[128.1252997,37.0495535],[128.1252986,37.0495532],[128.1252976,37.0495529],[128.1251564,37.0495178],[128.1251448,37.0495163],[128.1251348,37.0495149],[128.1251249,37.0495133],[128.125115,37.0495117],[128.1251051,37.0495099],[128.1250953,37.049508],[128.1250855,37.049506],[128.1250757,37.0495038],[128.125066,37.0495016],[128.1250563,37.0494992],[128.1250467,37.0494967],[128.1250371,37.0494941],[128.1250276,37.0494913],[128.1250181,37.0494884],[128.1250087,37.0494855],[128.1249997,37.0494824],[128.1249922,37.0494798],[128.124983,37.0494763],[128.1249741,37.0494725],[128.1249654,37.0494684],[128.1249568,37.049464],[128.1249485,37.0494594],[128.1249404,37.0494546],[128.1249325,37.0494495],[128.1249249,37.0494442],[128.1249175,37.0494386],[128.1249104,37.0494328],[128.1249036,37.0494268],[128.1248971,37.0494206],[128.1248908,37.0494143],[128.1248849,37.0494077],[128.1248793,37.0494009],[128.1248741,37.0493942],[128.1248369,37.0493414],[128.124808,37.0491001],[128.1247858,37.0489143],[128.1247707,37.0488026],[128.1247699,37.0487994],[128.1247692,37.0487958],[128.1247686,37.0487923],[128.1247682,37.0487888],[128.124768,37.048787],[128.1247679,37.0487861],[128.1247678,37.0487852],[128.1247677,37.0487843],[128.1247676,37.0487835],[128.1247674,37.0487826],[128.1247673,37.0487817],[128.1247672,37.0487808],[128.124767,37.0487799],[128.1247669,37.048779],[128.1247668,37.0487781],[128.1247666,37.0487772],[128.1247665,37.0487763],[128.1247663,37.0487754],[128.1247662,37.0487745],[128.124766,37.0487736],[128.1247658,37.0487727],[128.1247657,37.0487718],[128.1247655,37.0487709],[128.1247653,37.0487701],[128.1247652,37.0487692],[128.124765,37.0487683],[128.1247648,37.0487674],[128.1247646,37.0487665],[128.1247644,37.0487656],[128.1247642,37.0487647],[128.124764,37.0487638],[128.1247638,37.0487629],[128.1247636,37.0487621],[128.1247634,37.0487612],[128.1247632,37.0487603],[128.124763,37.0487594],[128.1247628,37.0487585],[128.1247626,37.0487576],[128.1247623,37.0487568],[128.1247621,37.0487559],[128.1247619,37.048755],[128.1247616,37.0487541],[128.1247614,37.0487532],[128.1247612,37.0487523],[128.1247609,37.0487515],[128.1247607,37.0487506],[128.1247604,37.0487497],[128.1247602,37.0487488],[128.1247599,37.048748],[128.1247596,37.0487471],[128.1247594,37.0487462],[128.1247591,37.0487453],[128.1247588,37.0487445],[128.1247586,37.0487436],[128.1247583,37.0487427],[128.124758,37.0487418],[128.1247577,37.048741],[128.1247574,37.0487401],[128.1247571,37.0487392],[128.1247568,37.0487384],[128.1247565,37.0487375],[128.1247562,37.0487366],[128.1247559,37.0487358],[128.1247556,37.0487349],[128.1247553,37.048734],[128.124755,37.0487332],[128.1247547,37.0487323],[128.1247543,37.0487314],[128.124754,37.0487306],[128.1247537,37.0487297],[128.1247533,37.0487289],[128.124753,37.048728],[128.1247527,37.0487271],[128.1247523,37.0487263],[128.124752,37.0487254],[128.1247516,37.0487246],[128.1247513,37.0487237],[128.1247509,37.0487229],[128.1247505,37.048722],[128.1247502,37.0487212],[128.1247498,37.0487203],[128.1247494,37.0487195],[128.1247491,37.0487186],[128.1247487,37.0487177],[128.1247484,37.0487169],[128.124748,37.048716],[128.1247477,37.0487152],[128.1247473,37.0487143],[128.1247469,37.0487135],[128.1247465,37.0487126],[128.1247462,37.0487118],[128.1247458,37.0487109],[128.1247454,37.0487101],[128.124745,37.0487093],[128.1247445,37.0487084],[128.1247441,37.0487076],[128.1247437,37.0487067],[128.1247433,37.0487059],[128.1247429,37.0487051],[128.1247424,37.0487042],[128.124742,37.0487034],[128.1247415,37.0487026],[128.1247411,37.0487018],[128.1247406,37.0487009],[128.1247402,37.0487001],[128.1247397,37.0486993],[128.1247392,37.0486985],[128.1247388,37.0486977],[128.1247383,37.0486969],[128.1247378,37.048696],[128.1247373,37.0486952],[128.1247368,37.0486944],[128.1247363,37.0486936],[128.1247358,37.0486928],[128.1247353,37.048692],[128.1247348,37.0486912],[128.1247342,37.0486904],[128.1247337,37.0486897],[128.1247331,37.048689],[128.1247325,37.0486882],[128.1247318,37.0486875],[128.1247312,37.0486867],[128.1247305,37.048686],[128.1247299,37.0486853],[128.1247293,37.0486845],[128.1247286,37.0486838],[128.124728,37.0486831],[128.1247273,37.0486823],[128.1247267,37.0486816],[128.124726,37.0486809],[128.1247253,37.0486801],[128.1247247,37.0486794],[128.124724,37.0486787],[128.1247234,37.0486779],[128.1247227,37.0486772],[128.1247221,37.0486765],[128.1247214,37.0486757],[128.1247207,37.048675],[128.1247201,37.0486743],[128.1247194,37.0486736],[128.1247187,37.0486728],[128.1247181,37.0486721],[128.1247174,37.0486714],[128.1247167,37.0486707],[128.124716,37.0486699],[128.1247154,37.0486692],[128.1247147,37.0486685],[128.124714,37.0486678],[128.1247133,37.0486671],[128.1247126,37.0486664],[128.124712,37.0486656],[128.1247113,37.0486649],[128.1247106,37.0486642],[128.1247099,37.0486635],[128.1247092,37.0486628],[128.1247085,37.0486621],[128.1247078,37.0486614],[128.1247071,37.0486607],[128.1247065,37.0486599],[128.1247058,37.0486592],[128.1247051,37.0486585],[128.1247044,37.0486578],[128.1247037,37.0486571],[128.124703,37.0486564],[128.1247023,37.0486557],[128.1247016,37.048655],[128.1247009,37.0486543],[128.1247002,37.0486536],[128.1246995,37.0486529],[128.1246987,37.0486522],[128.124698,37.0486515],[128.1246973,37.0486508],[128.1246966,37.0486501],[128.1246959,37.0486494],[128.1246952,37.0486487],[128.1246945,37.048648],[128.1246938,37.0486473],[128.124693,37.0486466],[128.1246923,37.0486459],[128.1246916,37.0486452],[128.1246909,37.0486445],[128.1246902,37.0486439],[128.1246894,37.0486432],[128.1246887,37.0486425],[128.124688,37.0486418],[128.1246873,37.0486411],[128.1246865,37.0486404],[128.1246858,37.0486397],[128.1246851,37.0486391],[128.1246843,37.0486384],[128.1246836,37.0486377],[128.1246828,37.048637],[128.1246821,37.0486363],[128.1246814,37.0486356],[128.1246806,37.048635],[128.1246799,37.0486343],[128.1246792,37.0486336],[128.1246784,37.048633],[128.1246777,37.0486323],[128.1246769,37.0486316],[128.1246762,37.0486309],[128.1246754,37.0486303],[128.1246747,37.0486296],[128.1246739,37.0486289],[128.1246732,37.0486282],[128.1246724,37.0486276],[128.1246717,37.0486269],[128.1246709,37.0486262],[128.1246701,37.0486256],[128.1246694,37.0486249],[128.1246686,37.0486242],[128.1246679,37.0486236],[128.1246671,37.0486229],[128.1246663,37.0486223],[128.1246656,37.0486216],[128.1246648,37.0486209],[128.124664,37.0486203],[128.1246633,37.0486196],[128.1246625,37.048619],[128.1246617,37.0486183],[128.1246609,37.0486177],[128.1246602,37.048617],[128.1246594,37.0486164],[128.1246586,37.0486157],[128.1246578,37.0486151],[128.1246571,37.0486144],[128.1246563,37.0486138],[128.1246555,37.0486131],[128.1246547,37.0486125],[128.1246539,37.0486118],[128.1246532,37.0486112],[128.1246524,37.0486105],[128.1246516,37.0486099],[128.1246508,37.0486092],[128.1246504,37.0486089],[128.124642,37.0485951],[128.1246043,37.0485663],[128.1244666,37.0484972],[128.1242783,37.0484398],[128.1240891,37.0484325],[128.1240856,37.0484321],[128.1240811,37.0484317],[128.1240766,37.0484312],[128.1240722,37.0484307],[128.1240677,37.0484302],[128.1240633,37.0484297],[128.1240588,37.0484291],[128.1240544,37.0484286],[128.1240499,37.048428],[128.1240455,37.0484274],[128.1240411,37.0484269],[128.1240366,37.0484262],[128.1240322,37.0484256],[128.1240278,37.048425],[128.1240234,37.0484243],[128.1240189,37.0484237],[128.1240145,37.048423],[128.1240101,37.0484223],[128.1240057,37.0484216],[128.1240013,37.0484209],[128.1239969,37.0484202],[128.1239925,37.0484194],[128.1239881,37.0484186],[128.1239837,37.0484179],[128.1239793,37.0484171],[128.1239749,37.0484163],[128.1239706,37.0484155],[128.1239662,37.0484146],[128.1239618,37.0484138],[128.1239575,37.0484129],[128.1239531,37.048412],[128.1239487,37.0484111],[128.1239444,37.0484102],[128.12394,37.0484093],[128.1239357,37.0484084],[128.1239314,37.0484074],[128.123927,37.0484065],[128.1239227,37.0484055],[128.1239184,37.0484045],[128.1239141,37.0484035],[128.1239097,37.0484025],[128.1239054,37.0484015],[128.1239011,37.0484004],[128.1238968,37.0483994],[128.1238925,37.0483983],[128.1238882,37.0483972],[128.123884,37.0483961],[128.1238802,37.0483952],[128.1238768,37.0483936],[128.123873,37.0483917],[128.1238691,37.0483899],[128.1238653,37.048388],[128.1238614,37.0483861],[128.1238576,37.0483842],[128.1238538,37.0483823],[128.12385,37.0483804],[128.1238462,37.0483784],[128.1238424,37.0483765],[128.1238387,37.0483745],[128.1238349,37.0483725],[128.1238312,37.0483705],[128.1238274,37.0483685],[128.1238237,37.0483665],[128.12382,37.0483644],[128.1238163,37.0483624],[128.1238127,37.0483603],[128.123809,37.0483582],[128.1238054,37.0483561],[128.123802,37.0483541],[128.1235735,37.0482244],[128.1235704,37.0482226],[128.1235669,37.0482204],[128.1235633,37.0482182],[128.1235597,37.048216],[128.1235562,37.0482137],[128.1235527,37.0482115],[128.1235492,37.0482093],[128.1235456,37.048207],[128.1235421,37.0482047],[128.1235387,37.0482025],[128.1235352,37.0482002],[128.1235317,37.0481979],[128.1235282,37.0481956],[128.1235248,37.0481933],[128.1235214,37.0481909],[128.1235179,37.0481886],[128.1235145,37.0481863],[128.1235111,37.0481839],[128.1235077,37.0481816],[128.1235044,37.0481792],[128.123501,37.0481768],[128.1234976,37.0481744],[128.1234943,37.048172],[128.1234909,37.0481696],[128.1234876,37.0481671],[128.1234843,37.0481647],[128.123481,37.0481623],[128.1234777,37.0481598],[128.1234744,37.0481573],[128.1234712,37.0481549],[128.1234679,37.0481524],[128.1234647,37.0481499],[128.1234614,37.0481474],[128.1234582,37.0481449],[128.1234556,37.0481429],[128.1234554,37.0481427],[128.1234256,37.0481169],[128.1234249,37.0481162],[128.1234241,37.0481156],[128.1234232,37.048115],[128.1234224,37.0481144],[128.1234216,37.0481138],[128.1234207,37.0481132],[128.1234198,37.0481126],[128.1234189,37.0481121],[128.123418,37.0481116],[128.1234171,37.048111],[128.1234161,37.0481106],[128.1234153,37.0481102],[128.1233439,37.0480669],[128.1233417,37.0480655],[128.1233382,37.0480633],[128.1233347,37.048061],[128.1233312,37.0480587],[128.1233277,37.0480564],[128.1233243,37.0480542],[128.1233208,37.0480519],[128.1233173,37.0480496],[128.1233139,37.0480473],[128.1233104,37.0480449],[128.123307,37.0480426],[128.1233036,37.0480403],[128.1233001,37.048038],[128.1232967,37.0480356],[128.1232933,37.0480333],[128.1232899,37.0480309],[128.1232865,37.0480286],[128.1232831,37.0480262],[128.1232797,37.0480238],[128.1232763,37.0480215],[128.123273,37.0480191],[128.1232696,37.0480167],[128.1232662,37.0480143],[128.1232629,37.0480119],[128.1232596,37.0480095],[128.1232562,37.048007],[128.1232529,37.0480046],[128.1232496,37.0480022],[128.1232463,37.0479997],[128.1232429,37.0479973],[128.1232397,37.0479949],[128.1232364,37.0479924],[128.1232331,37.0479899],[128.1232298,37.0479875],[128.1232265,37.047985],[128.1232233,37.0479825],[128.12322,37.04798],[128.1232168,37.0479775],[128.1232135,37.047975],[128.1232103,37.0479725],[128.1232071,37.04797],[128.1232039,37.0479675],[128.1232006,37.047965],[128.1231974,37.0479625],[128.1231943,37.0479599],[128.1231911,37.0479574],[128.1231879,37.0479548],[128.1231847,37.0479523],[128.1231815,37.0479497],[128.1231784,37.0479471],[128.1231753,37.0479446],[128.1231721,37.047942],[128.1231699,37.0479402],[128.1231695,37.0479398],[128.1229945,37.0478631],[128.1229511,37.0478613],[128.1229056,37.0478313],[128.1228334,37.0477561],[128.1227959,37.0477171],[128.1227333,37.0476224],[128.1227002,37.0475373],[128.1226976,37.0474178],[128.1226971,37.0473409],[128.12275,37.0472997],[128.1227666,37.0472292],[128.122825,37.0471454],[128.1228252,37.047064],[128.1228413,37.0470525],[128.1228577,37.0470523],[128.1228579,37.0470518],[128.1228583,37.047051],[128.1228587,37.0470501],[128.1228591,37.0470493],[128.1228594,37.0470485],[128.1228598,37.0470476],[128.1228602,37.0470468],[128.1228606,37.0470459],[128.122861,37.0470451],[128.1228614,37.0470442],[128.1228618,37.0470434],[128.1228621,37.0470425],[128.1228625,37.0470417],[128.1228629,37.0470408],[128.1228633,37.04704],[128.1228636,37.0470391],[128.122864,37.0470383],[128.1228644,37.0470374],[128.1228647,37.0470366],[128.1228651,37.0470357],[128.1228655,37.0470349],[128.1228658,37.047034],[128.1228662,37.0470332],[128.1228665,37.0470323],[128.1228669,37.0470315],[128.1228673,37.0470306],[128.1228676,37.0470297],[128.122868,37.0470289],[128.1228683,37.047028],[128.1228687,37.0470272],[128.122869,37.0470263],[128.1228694,37.0470255],[128.1228697,37.0470246],[128.1228701,37.0470238],[128.1228704,37.0470229],[128.1228708,37.047022],[128.1228711,37.0470212],[128.1228715,37.0470203],[128.1228718,37.0470195],[128.1228721,37.0470186],[128.1228725,37.0470178],[128.1228728,37.0470169],[128.1228731,37.047016],[128.1228735,37.0470152],[128.1228738,37.0470143],[128.1228741,37.0470134],[128.1228745,37.0470126],[128.1228748,37.0470117],[128.1228751,37.0470109],[128.1228755,37.04701],[128.1228758,37.0470091],[128.1228761,37.0470083],[128.1228764,37.0470074],[128.1228767,37.0470065],[128.1228771,37.0470057],[128.1228774,37.0470048],[128.1228777,37.0470039],[128.122878,37.0470031],[128.1228783,37.0470022],[128.1228786,37.0470014],[128.1228789,37.0470005],[128.1228793,37.0469996],[128.1228796,37.0469988],[128.1228799,37.0469979],[128.1228802,37.046997],[128.1228805,37.0469962],[128.1228808,37.0469953],[128.1228811,37.0469944],[128.1228814,37.0469936],[128.1228817,37.0469927],[128.122882,37.0469918],[128.1228823,37.0469909],[128.1228826,37.0469901],[128.1228829,37.0469892],[128.1228831,37.0469883],[128.1228834,37.0469875],[128.1228837,37.0469866],[128.122884,37.0469857],[128.1228843,37.0469849],[128.1228846,37.046984],[128.1228849,37.0469831],[128.1228851,37.0469822],[128.1228854,37.0469814],[128.1228857,37.0469805],[128.122886,37.0469796],[128.1228862,37.0469788],[128.1228862,37.0469787],[128.1228865,37.0469779],[128.1228868,37.046977],[128.1228871,37.0469761],[128.1228873,37.0469752],[128.1228876,37.0469744],[128.1228879,37.0469735],[128.1228881,37.0469726],[128.1228884,37.0469717],[128.1228887,37.0469709],[128.1228889,37.04697],[128.1228892,37.0469691],[128.1228894,37.0469682],[128.1228897,37.0469674],[128.12289,37.0469665],[128.1228902,37.0469656],[128.1228905,37.0469647],[128.1228907,37.0469638],[128.122891,37.046963],[128.1228912,37.0469621],[128.1228915,37.0469612],[128.1228917,37.0469603],[128.1228919,37.0469595],[128.1228922,37.0469586],[128.1228924,37.0469577],[128.1228927,37.0469568],[128.1228929,37.0469559],[128.1228932,37.046955],[128.1228934,37.0469542],[128.1228936,37.0469533],[128.1228939,37.0469524],[128.1228941,37.0469515],[128.1228942,37.0469512],[128.1228943,37.0469506],[128.1228945,37.0469498],[128.1228948,37.0469489],[128.122895,37.046948],[128.1228952,37.0469471],[128.1228954,37.0469462],[128.1228957,37.0469454],[128.1228959,37.0469445],[128.1228961,37.0469436],[128.1228963,37.0469427],[128.1228965,37.0469418],[128.1228968,37.0469409],[128.122897,37.04694],[128.1228972,37.0469392],[128.1228974,37.0469383],[128.1228976,37.0469374],[128.1228978,37.0469365],[128.122898,37.0469356],[128.1228982,37.0469347],[128.1228984,37.0469338],[128.1228986,37.046933],[128.1228988,37.0469321],[128.122899,37.0469312],[128.1228992,37.0469303],[128.1228994,37.0469294],[128.1228996,37.0469285],[128.1228998,37.0469276],[128.1229,37.0469268],[128.1229002,37.0469259],[128.1229004,37.046925],[128.1229006,37.0469241],[128.1229007,37.0469232],[128.1229009,37.0469223],[128.1229011,37.0469214],[128.1229013,37.0469205],[128.1229015,37.0469196],[128.1229017,37.0469188],[128.1229018,37.0469179],[128.122902,37.046917],[128.1229022,37.0469161],[128.1229024,37.0469152],[128.1229025,37.0469143],[128.1229027,37.0469134],[128.1229029,37.0469125],[128.122903,37.0469116],[128.1229032,37.0469107],[128.1229034,37.0469098],[128.1229035,37.046909],[128.122923,37.0467946],[128.1229312,37.0467466],[128.1229313,37.0467465],[128.1229321,37.0467439],[128.1229328,37.0467413],[128.1229336,37.0467386],[128.1229344,37.046736],[128.1229352,37.0467334],[128.1229359,37.0467307],[128.1229367,37.0467281],[128.1229375,37.0467255],[128.1229383,37.0467228],[128.122939,37.0467202],[128.1229398,37.0467176],[128.1229406,37.0467149],[128.1229413,37.0467123],[128.1229421,37.0467097],[128.1229429,37.046707],[128.1229436,37.0467044],[128.1229444,37.0467018],[128.1229451,37.0466991],[128.1229456,37.0466974],[128.1229459,37.0466965],[128.1229466,37.0466939],[128.1229474,37.0466912],[128.1229481,37.0466886],[128.1229489,37.046686],[128.1229496,37.0466833],[128.1229503,37.0466807],[128.1229511,37.0466781],[128.1229518,37.0466754],[128.1229526,37.0466728],[128.1229533,37.0466701],[128.122954,37.0466675],[128.1229548,37.0466649],[128.1229555,37.0466622],[128.1229562,37.0466596],[128.1229569,37.0466569],[128.122957,37.0466566],[128.1229577,37.0466543],[128.1229584,37.0466517],[128.1229591,37.046649],[128.1229598,37.0466464],[128.1229605,37.0466437],[128.1229613,37.0466411],[128.122962,37.0466385],[128.1229627,37.0466358],[128.1229634,37.0466332],[128.1229641,37.0466305],[128.1229648,37.0466279],[128.1229655,37.0466252],[128.1229662,37.0466226],[128.1229669,37.04662],[128.1229676,37.0466173],[128.1229683,37.0466147],[128.122969,37.046612],[128.1229697,37.0466094],[128.1229704,37.0466067],[128.1229711,37.0466041],[128.1229718,37.0466014],[128.1229725,37.0465988],[128.1229731,37.0465961],[128.1229738,37.0465935],[128.1229745,37.0465908],[128.1229752,37.0465882],[128.1229759,37.0465855],[128.1229765,37.0465829],[128.1229772,37.0465803],[128.1229779,37.0465776],[128.1229785,37.046575],[128.1229792,37.0465723],[128.1229799,37.0465697],[128.1229805,37.046567],[128.1229812,37.0465644],[128.1229819,37.0465617],[128.1229825,37.0465591],[128.1229832,37.0465564],[128.1229838,37.0465538],[128.1229845,37.0465511],[128.1229851,37.0465484],[128.1229858,37.0465458],[128.1229864,37.0465431],[128.1229871,37.0465405],[128.1229877,37.0465378],[128.1229884,37.0465352],[128.122989,37.0465325],[128.1229892,37.0465316],[128.1229701,37.0464554],[128.122951,37.0463888],[128.1229103,37.0463368],[128.1229102,37.0463367],[128.122903,37.0463275],[128.122894,37.0463193],[128.1228394,37.0462694],[128.1227909,37.0462383],[128.1227682,37.0461887],[128.1226408,37.0460203],[128.1226116,37.0459817],[128.1225504,37.0459173],[128.1225367,37.045908],[128.1224774,37.0458678],[128.1224768,37.0458675],[128.1224758,37.045867],[128.1224749,37.0458665],[128.1224739,37.0458661],[128.122473,37.0458656],[128.122472,37.0458651],[128.1224711,37.0458647],[128.1224701,37.0458642],[128.1224691,37.0458637],[128.1224682,37.0458632],[128.1224672,37.0458628],[128.1224663,37.0458623],[128.1224653,37.0458618],[128.1224643,37.0458614],[128.1224634,37.0458609],[128.1224624,37.0458604],[128.1224615,37.04586],[128.1224605,37.0458595],[128.1224595,37.045859],[128.1224586,37.0458586],[128.1224576,37.0458581],[128.1224567,37.0458576],[128.1224557,37.0458572],[128.1224547,37.0458567],[128.1224538,37.0458562],[128.1224528,37.0458558],[128.1224518,37.0458553],[128.1224509,37.0458548],[128.1224499,37.0458544],[128.122449,37.0458539],[128.122448,37.0458534],[128.122447,37.045853],[128.1224461,37.0458525],[128.1224451,37.045852],[128.1224441,37.0458516],[128.1224432,37.0458511],[128.1224422,37.0458507],[128.1224412,37.0458502],[128.1224403,37.0458497],[128.1224393,37.0458493],[128.1224384,37.0458488],[128.1224374,37.0458483],[128.1224364,37.0458479],[128.1224355,37.0458474],[128.1224345,37.045847],[128.1224335,37.0458465],[128.1224326,37.045846],[128.1224316,37.0458456],[128.1224306,37.0458451],[128.1224297,37.0458447],[128.1224287,37.0458442],[128.1224277,37.0458437],[128.1224268,37.0458433],[128.1224258,37.0458428],[128.1224248,37.0458424],[128.1224239,37.0458419],[128.1224229,37.0458414],[128.1224219,37.045841],[128.122421,37.0458405],[128.12242,37.0458401],[128.122419,37.0458396],[128.1224181,37.0458391],[128.1224171,37.0458387],[128.1224161,37.0458382],[128.1224151,37.0458378],[128.1224142,37.0458373],[128.1224132,37.0458369],[128.1224122,37.0458364],[128.1224113,37.045836],[128.1224103,37.0458355],[128.1224093,37.045835],[128.1224083,37.0458346],[128.1224074,37.0458341],[128.1224064,37.0458337],[128.1224054,37.0458332],[128.1224045,37.0458328],[128.1224035,37.0458323],[128.1224025,37.0458319],[128.1224015,37.0458314],[128.1224006,37.045831],[128.1223996,37.0458305],[128.1223986,37.0458301],[128.1223977,37.0458296],[128.1223967,37.0458292],[128.1223957,37.0458287],[128.1223948,37.0458283],[128.1223938,37.0458278],[128.1223928,37.0458274],[128.1223918,37.0458269],[128.1223908,37.0458265],[128.1223899,37.045826],[128.1223889,37.0458256],[128.1223879,37.0458251],[128.1223869,37.0458247],[128.122386,37.0458242],[128.122385,37.0458238],[128.122384,37.0458233],[128.1223831,37.0458229],[128.1223821,37.0458224],[128.1223811,37.045822],[128.1223801,37.0458215],[128.1223791,37.0458211],[128.1223782,37.0458206],[128.1223772,37.0458202],[128.1223762,37.0458197],[128.1223752,37.0458193],[128.1223743,37.0458188],[128.1223733,37.0458184],[128.1223723,37.045818],[128.1223713,37.0458175],[128.1223704,37.0458171],[128.1223694,37.0458166],[128.1223684,37.0458162],[128.1223674,37.0458157],[128.1223664,37.0458153],[128.1223655,37.0458149],[128.1223645,37.0458144],[128.1223635,37.045814],[128.1223625,37.0458135],[128.1223615,37.0458131],[128.1223606,37.0458126],[128.1223596,37.0458122],[128.1223586,37.0458118],[128.1223576,37.0458113],[128.1223566,37.0458109],[128.1223557,37.0458104],[128.1223547,37.04581],[128.1223537,37.0458096],[128.1223527,37.0458091],[128.1223517,37.0458087],[128.1223508,37.0458082],[128.1223498,37.0458078],[128.1223488,37.0458074],[128.1223478,37.0458069],[128.1223468,37.0458065],[128.1223459,37.0458061],[128.1223449,37.0458056],[128.1223439,37.0458052],[128.1223429,37.0458047],[128.1223419,37.0458043],[128.1223409,37.0458039],[128.1223399,37.0458034],[128.122339,37.045803],[128.122338,37.0458026],[128.122337,37.0458021],[128.122336,37.0458017],[128.122335,37.0458012],[128.122334,37.0458008],[128.1223331,37.0458004],[128.1223321,37.0457999],[128.1223311,37.0457995],[128.1223301,37.0457991],[128.1223291,37.0457986],[128.1223281,37.0457982],[128.1223272,37.0457978],[128.1223262,37.0457974],[128.1223252,37.0457969],[128.1223242,37.0457965],[128.1223232,37.0457961],[128.1223222,37.0457956],[128.1223212,37.0457952],[128.1223202,37.0457948],[128.1223193,37.0457943],[128.1223183,37.0457939],[128.1223173,37.0457935],[128.1223163,37.045793],[128.1223153,37.0457926],[128.1223143,37.0457922],[128.1223133,37.0457918],[128.1223123,37.0457913],[128.1223113,37.0457909],[128.1223104,37.0457905],[128.1223094,37.04579],[128.1223084,37.0457896],[128.1223074,37.0457892],[128.1223064,37.0457888],[128.1223054,37.0457883],[128.1223044,37.0457879],[128.1223034,37.0457875],[128.1223024,37.045787],[128.1223015,37.0457866],[128.1223005,37.0457862],[128.1222995,37.0457858],[128.1222985,37.0457853],[128.1222975,37.0457849],[128.1222965,37.0457845],[128.1222955,37.0457841],[128.1222945,37.0457836],[128.1222935,37.0457832],[128.1222925,37.0457828],[128.1222915,37.0457824],[128.1222905,37.045782],[128.1222896,37.0457815],[128.1222886,37.0457811],[128.1222876,37.0457807],[128.1222866,37.0457803],[128.1222856,37.0457798],[128.1222846,37.0457794],[128.1222836,37.045779],[128.1222826,37.0457786],[128.1222816,37.0457782],[128.1222806,37.0457777],[128.1222796,37.0457773],[128.1222786,37.0457769],[128.1222776,37.0457765],[128.1222766,37.0457761],[128.1222756,37.0457756],[128.1222746,37.0457752],[128.1222737,37.0457748],[128.1222727,37.0457744],[128.1222717,37.045774],[128.1222707,37.0457735],[128.1222697,37.0457731],[128.1222687,37.0457727],[128.1222677,37.0457723],[128.1222667,37.0457719],[128.1222657,37.0457715],[128.1222647,37.045771],[128.1222637,37.0457706],[128.1222627,37.0457702],[128.1222617,37.0457698],[128.1222607,37.0457694],[128.1222597,37.045769],[128.1222587,37.0457686],[128.1222577,37.0457681],[128.1222567,37.0457677],[128.1222557,37.0457673],[128.1222547,37.0457669],[128.1222537,37.0457665],[128.1222527,37.0457661],[128.1222517,37.0457657],[128.1222507,37.0457652],[128.1222497,37.0457648],[128.1222487,37.0457644],[128.1222477,37.045764],[128.1222467,37.0457636],[128.1222457,37.0457632],[128.1222447,37.0457628],[128.1222437,37.0457624],[128.1222427,37.045762],[128.1222417,37.0457615],[128.1222407,37.0457611],[128.1222397,37.0457607],[128.1222387,37.0457603],[128.1222377,37.0457599],[128.1222367,37.0457595],[128.1222357,37.0457591],[128.1222347,37.0457587],[128.1222337,37.0457583],[128.1222327,37.0457579],[128.1222317,37.0457574],[128.1222307,37.045757],[128.1222297,37.0457566],[128.1222287,37.0457562],[128.1222277,37.0457558],[128.1222267,37.0457554],[128.1222257,37.045755],[128.1222247,37.0457546],[128.1222237,37.0457542],[128.1222227,37.0457538],[128.1222217,37.0457534],[128.1222207,37.045753],[128.1222197,37.0457526],[128.1222186,37.0457522],[128.1222176,37.0457518],[128.1222166,37.0457514],[128.1222156,37.045751],[128.1222146,37.0457506],[128.1222136,37.0457502],[128.1222126,37.0457498],[128.1222116,37.0457494],[128.1222106,37.045749],[128.1222096,37.0457486],[128.1222086,37.0457482],[128.1222076,37.0457478],[128.1222066,37.0457474],[128.1222056,37.0457469],[128.1222046,37.0457465],[128.1222036,37.0457461],[128.1222026,37.0457457],[128.1222015,37.0457454],[128.1222005,37.0457449],[128.1221995,37.0457446],[128.1221985,37.0457441],[128.1221975,37.0457438],[128.1221965,37.0457434],[128.1221955,37.045743],[128.1221945,37.0457426],[128.1221935,37.0457422],[128.1221925,37.0457418],[128.1221915,37.0457414],[128.1221905,37.045741],[128.1221894,37.0457406],[128.1221884,37.0457402],[128.1221874,37.0457398],[128.1221864,37.0457394],[128.1221854,37.045739],[128.1221844,37.0457386],[128.1221834,37.0457382],[128.1221824,37.0457378],[128.1221814,37.0457374],[128.1221804,37.045737],[128.1221793,37.0457366],[128.1221783,37.0457362],[128.1221773,37.0457358],[128.1221763,37.0457354],[128.1221753,37.0457351],[128.1221743,37.0457347],[128.1221733,37.0457343],[128.1221723,37.0457339],[128.1221712,37.0457335],[128.1221702,37.0457331],[128.1221692,37.0457327],[128.1221682,37.0457323],[128.1221672,37.0457319],[128.1221662,37.0457315],[128.1221652,37.0457311],[128.1221641,37.0457308],[128.1221631,37.0457304],[128.1221621,37.04573],[128.1221611,37.0457296],[128.1221601,37.0457292],[128.1221591,37.0457288],[128.1221581,37.0457284],[128.1221571,37.045728],[128.122156,37.0457276],[128.122155,37.0457273],[128.122154,37.0457269],[128.122153,37.0457265],[128.122152,37.0457261],[128.122151,37.0457257],[128.1221499,37.0457253],[128.1221489,37.0457249],[128.1221479,37.0457246],[128.1221469,37.0457242],[128.1221459,37.0457238],[128.1221449,37.0457234],[128.1221438,37.045723],[128.1221428,37.0457226],[128.1221418,37.0457222],[128.1221408,37.0457219],[128.1221398,37.0457215],[128.1221388,37.0457211],[128.1221377,37.0457207],[128.1221367,37.0457203],[128.1221357,37.0457199],[128.1221347,37.0457196],[128.1221337,37.0457192],[128.1221327,37.0457188],[128.1221316,37.0457184],[128.1221306,37.045718],[128.1221296,37.0457177],[128.1221286,37.0457173],[128.1221276,37.0457169],[128.1221265,37.0457165],[128.1221255,37.0457161],[128.1221245,37.0457158],[128.1221235,37.0457154],[128.1221225,37.045715],[128.1221215,37.0457146],[128.1221204,37.0457142],[128.1221194,37.0457139],[128.1221184,37.0457135],[128.1221174,37.0457131],[128.1221163,37.0457127],[128.1221153,37.0457124],[128.1221143,37.045712],[128.1221133,37.0457116],[128.1221122,37.0457112],[128.1221112,37.0457109],[128.1221102,37.0457105],[128.1221092,37.0457101],[128.1221082,37.0457097],[128.1221071,37.0457094],[128.1221061,37.045709],[128.1221051,37.0457086],[128.1221041,37.0457082],[128.1221031,37.0457079],[128.122102,37.0457075],[128.122101,37.0457071],[128.1221,37.0457067],[128.122099,37.0457064],[128.1220979,37.045706],[128.1220969,37.0457056],[128.1220959,37.0457053],[128.1220949,37.0457049],[128.1220938,37.0457045],[128.1220928,37.0457041],[128.1220918,37.0457038],[128.1220908,37.0457034],[128.1220897,37.045703],[128.1220887,37.0457027],[128.1220877,37.0457023],[128.1220867,37.0457019],[128.1220856,37.0457016],[128.1220846,37.0457012],[128.1220836,37.0457008],[128.1220826,37.0457005],[128.1220815,37.0457001],[128.1220805,37.0456997],[128.1220795,37.0456993],[128.1220785,37.045699],[128.1220774,37.0456986],[128.1220764,37.0456982],[128.1220754,37.0456979],[128.1220743,37.0456975],[128.1220733,37.0456971],[128.1220723,37.0456968],[128.1220713,37.0456964],[128.1220702,37.0456961],[128.1220692,37.0456957],[128.1220682,37.0456953],[128.1220672,37.045695],[128.1220661,37.0456946],[128.1220651,37.0456942],[128.1220641,37.0456939],[128.122063,37.0456935],[128.122062,37.0456931],[128.122061,37.0456928],[128.1220599,37.0456924],[128.1220589,37.0456921],[128.1220579,37.0456917],[128.1220569,37.0456913],[128.1220558,37.045691],[128.1220548,37.0456906],[128.1220538,37.0456903],[128.1220527,37.0456899],[128.1220517,37.0456895],[128.1220507,37.0456892],[128.1220496,37.0456888],[128.1220486,37.0456885],[128.1220476,37.0456881],[128.1220466,37.0456877],[128.1220455,37.0456874],[128.1220445,37.045687],[128.1220435,37.0456867],[128.1220424,37.0456863],[128.1220414,37.0456859],[128.1220404,37.0456856],[128.1220393,37.0456852],[128.1220383,37.0456849],[128.1220373,37.0456845],[128.1220362,37.0456842],[128.1220352,37.0456838],[128.1220342,37.0456834],[128.1220332,37.0456831],[128.1220322,37.0456827],[128.1220311,37.0456823],[128.1220301,37.0456819],[128.1220291,37.0456816],[128.1220281,37.0456812],[128.122027,37.0456808],[128.122026,37.0456805],[128.122025,37.0456801],[128.122024,37.0456797],[128.1220229,37.0456793],[128.1220219,37.045679],[128.1220209,37.0456786],[128.1220199,37.0456782],[128.1220188,37.0456779],[128.1220178,37.0456775],[128.1220168,37.0456772],[128.1220158,37.0456768],[128.1220147,37.0456764],[128.1220137,37.0456761],[128.1220127,37.0456757],[128.1220116,37.0456753],[128.1220106,37.045675],[128.1220096,37.0456746],[128.1220086,37.0456743],[128.1220075,37.0456739],[128.1220065,37.0456735],[128.1220055,37.0456732],[128.1220044,37.0456728],[128.1220034,37.0456725],[128.1220024,37.0456721],[128.1220013,37.0456717],[128.1220003,37.0456714],[128.1219993,37.045671],[128.1219982,37.0456707],[128.1219972,37.0456703],[128.1219962,37.04567],[128.1219951,37.0456696],[128.1219941,37.0456693],[128.1219931,37.0456689],[128.121992,37.0456686],[128.121991,37.0456682],[128.1219899,37.0456679],[128.1219889,37.0456675],[128.1219879,37.0456672],[128.1219868,37.0456668],[128.1219858,37.0456665],[128.1219848,37.0456661],[128.1219837,37.0456658],[128.1219827,37.0456655],[128.1219816,37.0456651],[128.1219806,37.0456648],[128.1219796,37.0456644],[128.1219785,37.0456641],[128.1219775,37.0456637],[128.1219764,37.0456634],[128.1219754,37.0456631],[128.1219744,37.0456627],[128.1219733,37.0456624],[128.1219723,37.045662],[128.1219712,37.0456617],[128.1219702,37.0456614],[128.1219691,37.045661],[128.1219681,37.0456607],[128.1219671,37.0456604],[128.121966,37.04566],[128.121965,37.0456597],[128.1219639,37.0456594],[128.1219629,37.045659],[128.1219618,37.0456587],[128.1219608,37.0456584],[128.1219598,37.045658],[128.1219587,37.0456577],[128.1219577,37.0456574],[128.1219566,37.0456571],[128.1219556,37.0456567],[128.1219545,37.0456564],[128.1219535,37.0456561],[128.1219524,37.0456557],[128.1219514,37.0456554],[128.1219503,37.0456551],[128.1219493,37.0456548],[128.1219482,37.0456544],[128.1219472,37.0456541],[128.1219461,37.0456538],[128.1219451,37.0456535],[128.121944,37.0456532],[128.121943,37.0456528],[128.1219419,37.0456525],[128.1219409,37.0456522],[128.1219398,37.0456519],[128.1219388,37.0456516],[128.1219377,37.0456512],[128.1219367,37.0456509],[128.1219356,37.0456506],[128.1219346,37.0456503],[128.1219335,37.04565],[128.1219325,37.0456497],[128.1219314,37.0456494],[128.1219303,37.0456491],[128.1219293,37.0456487],[128.1219282,37.0456484],[128.1219272,37.0456481],[128.1219261,37.0456478],[128.1219251,37.0456475],[128.121924,37.0456472],[128.121923,37.0456469],[128.1219219,37.0456466],[128.1219208,37.0456463],[128.1219198,37.045646],[128.1219187,37.0456457],[128.1219177,37.0456453],[128.1219166,37.0456451],[128.1219156,37.0456447],[128.1219145,37.0456444],[128.1219134,37.0456441],[128.1219124,37.0456438],[128.1219113,37.0456435],[128.1219103,37.0456432],[128.1219092,37.0456429],[128.1219081,37.0456426],[128.1219071,37.0456423],[128.121906,37.045642],[128.121905,37.0456417],[128.1219039,37.0456415],[128.1219028,37.0456412],[128.1219018,37.0456409],[128.1219007,37.0456406],[128.1218996,37.0456403],[128.1218986,37.04564],[128.1218975,37.0456397],[128.1218964,37.0456394],[128.1218954,37.0456391],[128.1218943,37.0456388],[128.1218933,37.0456385],[128.1218922,37.0456382],[128.1218911,37.045638],[128.1218901,37.0456377],[128.121889,37.0456374],[128.1218879,37.0456371],[128.1218869,37.0456368],[128.1218858,37.0456365],[128.1218847,37.0456362],[128.1218837,37.045636],[128.1218826,37.0456357],[128.1218815,37.0456354],[128.1218805,37.0456351],[128.1218794,37.0456348],[128.1218783,37.0456345],[128.1218773,37.0456343],[128.1218762,37.045634],[128.1218751,37.0456337],[128.1218741,37.0456334],[128.121873,37.0456332],[128.1218719,37.0456329],[128.1218708,37.0456326],[128.1218698,37.0456323],[128.1218687,37.045632],[128.1218676,37.0456318],[128.1218666,37.0456315],[128.1218655,37.0456312],[128.1218644,37.045631],[128.1218634,37.0456307],[128.1218623,37.0456304],[128.1218612,37.0456301],[128.1218601,37.0456299],[128.1218591,37.0456296],[128.121858,37.0456293],[128.1218569,37.0456291],[128.1218558,37.0456288],[128.1218548,37.0456285],[128.1218537,37.0456283],[128.1218526,37.045628],[128.1218515,37.0456277],[128.1218505,37.0456275],[128.1218494,37.0456272],[128.1218483,37.045627],[128.1218472,37.0456267],[128.1218462,37.0456264],[128.1218451,37.0456262],[128.121844,37.0456259],[128.1218429,37.0456257],[128.1218419,37.0456254],[128.1218408,37.0456251],[128.1218397,37.0456249],[128.1218386,37.0456246],[128.1218375,37.0456244],[128.1218365,37.0456241],[128.1218354,37.0456239],[128.1218343,37.0456236],[128.1218332,37.0456233],[128.1218321,37.0456231],[128.1218311,37.0456228],[128.12183,37.0456226],[128.1218289,37.0456224],[128.1218278,37.0456221],[128.1218268,37.0456219],[128.1218257,37.0456216],[128.1218246,37.0456214],[128.1218235,37.0456211],[128.1218224,37.0456209],[128.1218214,37.0456206],[128.1218203,37.0456204],[128.1218192,37.0456201],[128.1218181,37.0456199],[128.121817,37.0456196],[128.1218159,37.0456194],[128.1218149,37.0456192],[128.1218138,37.0456189],[128.1218127,37.0456187],[128.1218116,37.0456184],[128.1218105,37.0456182],[128.1218094,37.045618],[128.1218084,37.0456177],[128.1218073,37.0456175],[128.1218062,37.0456172],[128.1218051,37.045617],[128.121804,37.0456168],[128.1218029,37.0456165],[128.1218018,37.0456163],[128.1218008,37.0456161],[128.1217997,37.0456158],[128.1217986,37.0456156],[128.1217975,37.0456154],[128.1217964,37.0456151],[128.1217953,37.0456149],[128.1217942,37.0456147],[128.1217932,37.0456145],[128.1217921,37.0456142],[128.121791,37.045614],[128.1217899,37.0456138],[128.1216809,37.0455849],[128.1216811,37.0455807],[128.1216285,37.0455767],[128.1215894,37.045577],[128.1215291,37.0455582],[128.121507,37.0455604],[128.121416,37.0455696],[128.1212746,37.0456138],[128.1212656,37.0456166],[128.1212519,37.0456208],[128.1211874,37.0456263],[128.1211426,37.0456302],[128.1211427,37.0456265],[128.1211092,37.0456314],[128.1210583,37.0456363],[128.1210471,37.0456373],[128.1210407,37.0456385],[128.1209407,37.0456571],[128.1208961,37.0456737],[128.1208486,37.0456913],[128.1207829,37.045723],[128.1207827,37.0457232],[128.1207819,37.0457237],[128.1207814,37.045724],[128.120781,37.0457243],[128.1207802,37.0457249],[128.1207798,37.0457252],[128.1207793,37.0457255],[128.1207785,37.0457261],[128.1207781,37.0457264],[128.1207777,37.0457267],[128.1207768,37.0457273],[128.1207764,37.0457276],[128.120776,37.0457279],[128.1207752,37.0457285],[128.1207747,37.0457288],[128.1207743,37.0457292],[128.1207735,37.0457298],[128.1207731,37.0457301],[128.1207727,37.0457304],[128.1207719,37.045731],[128.1207714,37.0457313],[128.120771,37.0457316],[128.1207702,37.0457322],[128.1207698,37.0457325],[128.1207694,37.0457328],[128.1207686,37.0457335],[128.1207682,37.0457338],[128.1207678,37.0457341],[128.120767,37.0457347],[128.1207666,37.045735],[128.1207662,37.0457353],[128.1207654,37.045736],[128.120765,37.0457363],[128.1207646,37.0457366],[128.1207638,37.0457372],[128.1207634,37.0457376],[128.120763,37.0457379],[128.1207622,37.0457385],[128.1207618,37.0457388],[128.1207614,37.0457391],[128.1207606,37.0457398],[128.1207602,37.0457401],[128.1207598,37.0457404],[128.120759,37.0457411],[128.1207586,37.0457414],[128.1207582,37.0457417],[128.1207574,37.0457424],[128.1207571,37.0457427],[128.1207567,37.045743],[128.1207559,37.0457437],[128.1207555,37.045744],[128.1207551,37.0457443],[128.1207543,37.045745],[128.120754,37.0457453],[128.1207536,37.0457456],[128.1207528,37.0457463],[128.1207524,37.0457466],[128.1207521,37.045747],[128.1207513,37.0457476],[128.1207509,37.045748],[128.1207505,37.0457483],[128.1207498,37.045749],[128.1207494,37.0457493],[128.120749,37.0457496],[128.1207483,37.0457503],[128.1207479,37.0457506],[128.1207475,37.045751],[128.1207468,37.0457516],[128.1207464,37.045752],[128.120746,37.0457523],[128.1207453,37.045753],[128.1207449,37.0457533],[128.1207445,37.0457537],[128.1207438,37.0457543],[128.1207434,37.0457547],[128.1207431,37.045755],[128.1207423,37.0457557],[128.120742,37.045756],[128.1207416,37.0457564],[128.1207409,37.0457571],[128.1207405,37.0457574],[128.1207401,37.0457578],[128.1207394,37.0457585],[128.1207391,37.0457588],[128.1207387,37.0457592],[128.120738,37.0457598],[128.1207376,37.0457602],[128.1207373,37.0457605],[128.1207366,37.0457612],[128.1207362,37.0457616],[128.1207359,37.0457619],[128.1207351,37.0457626],[128.1207348,37.045763],[128.1207344,37.0457633],[128.1207337,37.045764],[128.1207334,37.0457644],[128.120733,37.0457647],[128.1207323,37.0457654],[128.120732,37.0457658],[128.1207316,37.0457662],[128.1207309,37.0457669],[128.1207306,37.0457672],[128.1207303,37.0457676],[128.1207296,37.0457683],[128.1207292,37.0457687],[128.1207289,37.045769],[128.1207282,37.0457697],[128.1207279,37.0457701],[128.1207275,37.0457704],[128.1207269,37.0457712],[128.1207265,37.0457715],[128.1207262,37.0457719],[128.1207255,37.0457726],[128.1207252,37.045773],[128.1207248,37.0457733],[128.1207242,37.0457741],[128.1207238,37.0457744],[128.1207235,37.0457748],[128.1207228,37.0457755],[128.1207225,37.0457759],[128.1207222,37.0457762],[128.1207215,37.045777],[128.1207212,37.0457773],[128.1207209,37.0457777],[128.1207202,37.0457784],[128.1207199,37.0457788],[128.1207196,37.0457792],[128.1207189,37.0457799],[128.1207186,37.0457803],[128.1207183,37.0457807],[128.1207177,37.0457814],[128.1207173,37.0457818],[128.120717,37.0457821],[128.1207164,37.0457829],[128.1207161,37.0457832],[128.1207158,37.0457836],[128.1207151,37.0457844],[128.1207148,37.0457847],[128.1207145,37.0457851],[128.1207139,37.0457859],[128.1207136,37.0457862],[128.1207133,37.0457866],[128.1207126,37.0457874],[128.1207123,37.0457878],[128.120712,37.0457881],[128.1207114,37.0457889],[128.1207111,37.0457893],[128.1207108,37.0457896],[128.1207102,37.0457904],[128.1207099,37.0457908],[128.1207096,37.0457912],[128.120709,37.0457919],[128.1207087,37.0457923],[128.1207084,37.0457927],[128.1207078,37.0457935],[128.1207075,37.0457938],[128.1207072,37.0457942],[128.1207066,37.045795],[128.1207063,37.0457954],[128.120706,37.0457957],[128.1207054,37.0457965],[128.1207051,37.0457969],[128.1207049,37.0457973],[128.1207043,37.0457981],[128.120704,37.0457984],[128.1207037,37.0457988],[128.1207031,37.0457996],[128.1207028,37.0458],[128.1207025,37.0458004],[128.120702,37.0458012],[128.1207017,37.0458016],[128.1207014,37.0458019],[128.1207009,37.0458027],[128.1207006,37.0458031],[128.1207003,37.0458035],[128.1206997,37.0458043],[128.1206995,37.0458047],[128.1206992,37.0458051],[128.1206986,37.0458059],[128.1206984,37.0458062],[128.1206981,37.0458066],[128.1206975,37.0458074],[128.1206973,37.0458078],[128.120697,37.0458082],[128.1206965,37.045809],[128.1206962,37.0458094],[128.1206959,37.0458098],[128.1206954,37.0458106],[128.1206951,37.045811],[128.1206949,37.0458114],[128.1206943,37.0458122],[128.1206941,37.0458126],[128.1206938,37.045813],[128.1206933,37.0458138],[128.120693,37.0458142],[128.1206928,37.0458146],[128.1206922,37.0458154],[128.120692,37.0458158],[128.1206917,37.0458162],[128.1206912,37.045817],[128.120691,37.0458174],[128.1206907,37.0458178],[128.1206902,37.0458186],[128.12069,37.045819],[128.1206897,37.0458194],[128.1206892,37.0458202],[128.120689,37.0458206],[128.1206887,37.045821],[128.1206882,37.0458218],[128.1206877,37.0458226],[128.1206877,37.0458227],[128.1206872,37.0458234],[128.1206868,37.0458243],[128.1206863,37.0458251],[128.1206858,37.0458259],[128.1206853,37.0458267],[128.1206848,37.0458275],[128.1206844,37.0458283],[128.1206839,37.0458292],[128.1206834,37.04583],[128.120683,37.0458308],[128.1206825,37.0458316],[128.1206821,37.0458324],[128.1206816,37.0458333],[128.1206812,37.0458341],[128.1206807,37.0458349],[128.1206803,37.0458358],[128.1206799,37.0458366],[128.1206795,37.0458374],[128.1206792,37.0458382],[128.1206789,37.0458391],[128.1206786,37.04584],[128.1206783,37.0458408],[128.1206781,37.0458417],[128.1206779,37.0458426],[128.1206777,37.0458435],[128.1206775,37.0458444],[128.1206773,37.0458453],[128.1206771,37.0458462],[128.120677,37.0458471],[128.1206769,37.045848],[128.1206768,37.0458489],[128.1206768,37.0458498],[128.1206767,37.0458507],[128.1206767,37.0458516],[128.1206767,37.0458525],[128.1206767,37.0458534],[128.1206767,37.0458542],[128.1206768,37.0458551],[128.1206769,37.0458561],[128.1206769,37.0458569],[128.1206771,37.0458578],[128.1206772,37.0458587],[128.1206773,37.0458596],[128.1206775,37.0458605],[128.1206777,37.0458614],[128.1206779,37.0458623],[128.1206782,37.0458632],[128.1206783,37.0458636],[128.1206812,37.0458726],[128.1206831,37.0458787],[128.1206849,37.0458849],[128.1206867,37.045891],[128.1206884,37.0458972],[128.1206901,37.0459033],[128.1206917,37.0459095],[128.1206932,37.0459157],[128.1206947,37.0459219],[128.1206963,37.0459284],[128.1206972,37.0459329],[128.1206981,37.0459391],[128.1206985,37.0459457],[128.1206986,37.0459987],[128.1206985,37.0459989],[128.1206984,37.0459998],[128.1206983,37.0460007],[128.1206982,37.0460016],[128.1206981,37.0460025],[128.120698,37.0460034],[128.120698,37.0460043],[128.120698,37.0460052],[128.1206979,37.0460061],[128.120698,37.046007],[128.120698,37.0460079],[128.120698,37.0460088],[128.1206981,37.0460097],[128.1206981,37.0460106],[128.1206982,37.0460115],[128.1206983,37.0460124],[128.1206985,37.0460133],[128.1206986,37.0460142],[128.1206988,37.0460151],[128.1206989,37.046016],[128.1206991,37.0460169],[128.1206993,37.0460178],[128.1206996,37.0460187],[128.1206998,37.0460195],[128.1207,37.0460204],[128.1207003,37.0460213],[128.1207006,37.0460222],[128.1207009,37.046023],[128.1207012,37.0460239],[128.1207016,37.0460247],[128.1207332,37.046103],[128.1208339,37.0463557],[128.120836,37.0463611],[128.1208383,37.0463671],[128.1208405,37.0463731],[128.1208428,37.0463792],[128.1208475,37.0464157],[128.1208478,37.0464234],[128.1208479,37.0464297],[128.1208476,37.046436],[128.1208471,37.0464423],[128.1208463,37.0464486],[128.1208448,37.0464561],[128.1208434,37.0464623],[128.1208421,37.0464685],[128.1208406,37.0464747],[128.1208391,37.0464809],[128.1208376,37.0464871],[128.120836,37.0464933],[128.1208343,37.0464994],[128.1208325,37.0465056],[128.1208308,37.0465113],[128.1207976,37.0465905],[128.1207424,37.046658],[128.1206824,37.04671],[128.1205653,37.0468998],[128.1205229,37.0469639],[128.1204313,37.0470548],[128.1203887,37.047097],[128.1203104,37.0471219],[128.120276,37.0471328],[128.1202596,37.0471669],[128.1201945,37.0472156],[128.1201813,37.0472186],[128.120123,37.0472317],[128.1201114,37.0472407],[128.120073,37.0472702],[128.1200632,37.0472879],[128.1199821,37.0473339],[128.1199708,37.0473365],[128.1199558,37.0473452],[128.1199202,37.047366],[128.1194435,37.0474482],[128.1191984,37.0474835],[128.1190556,37.047504],[128.1189813,37.0475041],[128.1189145,37.0475042],[128.118613,37.0475625],[128.1185193,37.0475093],[128.1183234,37.0473906],[128.1183143,37.0473843],[128.1183084,37.0473802],[128.1183025,37.047376],[128.1182966,37.0473718],[128.1182908,37.0473675],[128.118285,37.0473633],[128.1182792,37.047359],[128.1182734,37.0473547],[128.1182677,37.0473504],[128.118262,37.0473461],[128.1182563,37.0473417],[128.1182506,37.0473373],[128.118245,37.0473329],[128.1182394,37.0473285],[128.1182338,37.0473241],[128.1182282,37.0473196],[128.1182227,37.0473151],[128.1182172,37.0473106],[128.1182117,37.0473061],[128.1182063,37.0473015],[128.1182009,37.0472969],[128.1181955,37.0472923],[128.1181901,37.0472877],[128.1181848,37.0472831],[128.1181795,37.0472784],[128.1181742,37.0472738],[128.118169,37.047269],[128.1181638,37.0472643],[128.1181586,37.0472596],[128.1181534,37.0472548],[128.1181483,37.0472501],[128.1181432,37.0472453],[128.1181381,37.0472404],[128.118133,37.0472356],[128.118128,37.0472307],[128.1181229,37.0472258],[128.1180412,37.0471491],[128.1180343,37.047142],[128.1180295,37.0471371],[128.1180247,37.0471321],[128.1180198,37.0471271],[128.118015,37.0471221],[128.1180102,37.0471171],[128.1180054,37.0471121],[128.1180006,37.0471071],[128.1179958,37.0471021],[128.117991,37.0470971],[128.1179862,37.0470921],[128.1179815,37.0470871],[128.1179767,37.0470821],[128.1179719,37.0470771],[128.1179672,37.047072],[128.1179625,37.047067],[128.1179577,37.047062],[128.117953,37.0470569],[128.1179483,37.0470519],[128.1179436,37.0470468],[128.1179388,37.0470418],[128.1179341,37.0470367],[128.1179294,37.0470317],[128.1179248,37.0470266],[128.1179201,37.0470215],[128.1179154,37.0470164],[128.1179107,37.0470114],[128.1179061,37.0470063],[128.1179014,37.0470012],[128.1178968,37.0469961],[128.1178922,37.046991],[128.1178875,37.0469859],[128.1178829,37.0469808],[128.1178783,37.0469757],[128.1178737,37.0469706],[128.1178691,37.0469655],[128.1178645,37.0469603],[128.1178599,37.0469552],[128.1178553,37.0469501],[128.1178507,37.046945],[128.1178462,37.0469398],[128.1178416,37.0469347],[128.1178371,37.0469295],[128.1178325,37.0469244],[128.117828,37.0469192],[128.1178234,37.0469141],[128.1178189,37.0469089],[128.1178144,37.0469038],[128.1178099,37.0468986],[128.1178054,37.0468934],[128.1178009,37.0468882],[128.1177964,37.0468831],[128.1177919,37.0468779],[128.1177875,37.0468727],[128.1177831,37.0468676],[128.1177714,37.0468425],[128.117771,37.0468416],[128.1177705,37.0468408],[128.11777,37.04684],[128.1177696,37.0468392],[128.1177691,37.0468384],[128.1177686,37.0468376],[128.1177681,37.0468368],[128.1177676,37.046836],[128.1177671,37.0468352],[128.1177666,37.0468343],[128.117766,37.0468335],[128.1177655,37.0468328],[128.1177547,37.0468186],[128.1177346,37.0467966],[128.117732,37.0467937],[128.1177293,37.0467908],[128.1177267,37.0467879],[128.117724,37.0467849],[128.1177214,37.046782],[128.1177187,37.0467791],[128.117716,37.0467762],[128.1177134,37.0467733],[128.1177128,37.0467727],[128.117711,37.0467708],[128.1177077,37.0467672],[128.1177044,37.0467635],[128.117701,37.0467599],[128.1176977,37.0467563],[128.1176943,37.0467527],[128.117691,37.0467491],[128.1176876,37.0467454],[128.1176843,37.0467418],[128.1176809,37.0467382],[128.1176776,37.0467346],[128.1176742,37.046731],[128.1176709,37.0467274],[128.1176675,37.0467238],[128.1176641,37.0467202],[128.1176607,37.0467165],[128.1176574,37.046713],[128.117654,37.0467093],[128.1176506,37.0467058],[128.1176472,37.0467021],[128.1176439,37.0466985],[128.1176405,37.046695],[128.1176371,37.0466914],[128.1176337,37.0466878],[128.1176303,37.0466842],[128.1176269,37.0466806],[128.1176235,37.046677],[128.1176201,37.0466734],[128.1176167,37.0466698],[128.1176133,37.0466662],[128.1176099,37.0466626],[128.1176065,37.0466591],[128.1176031,37.0466555],[128.1175997,37.0466519],[128.1175963,37.0466483],[128.1175928,37.0466448],[128.1175894,37.0466412],[128.117586,37.0466376],[128.1175826,37.046634],[128.1175791,37.0466305],[128.1175757,37.0466269],[128.1175723,37.0466233],[128.1175688,37.0466198],[128.1175654,37.0466162],[128.117562,37.0466126],[128.1175585,37.0466091],[128.1175551,37.0466055],[128.1175516,37.046602],[128.1175482,37.0465984],[128.1175447,37.0465949],[128.1175413,37.0465913],[128.1175378,37.0465877],[128.1175344,37.0465842],[128.1175309,37.0465806],[128.1175274,37.0465771],[128.117524,37.0465736],[128.1175205,37.04657],[128.117517,37.0465665],[128.1175136,37.0465629],[128.1175101,37.0465594],[128.1175066,37.0465558],[128.1175031,37.0465523],[128.1174996,37.0465488],[128.1174961,37.0465452],[128.1174927,37.0465417],[128.1174892,37.0465382],[128.1174857,37.0465346],[128.1174822,37.0465311],[128.1174787,37.0465276],[128.1174752,37.0465241],[128.1174717,37.0465205],[128.1174682,37.046517],[128.1174647,37.0465135],[128.1174612,37.04651],[128.1174576,37.0465065],[128.1174541,37.0465029],[128.1174537,37.0465025],[128.1174535,37.0465023],[128.117453,37.0465017],[128.1174523,37.046501],[128.1174516,37.0465003],[128.1174509,37.0464996],[128.1174503,37.0464989],[128.1174496,37.0464981],[128.1174489,37.0464974],[128.1174482,37.0464967],[128.1174475,37.046496],[128.1174469,37.0464953],[128.1174462,37.0464945],[128.1174455,37.0464938],[128.1174448,37.0464931],[128.1174442,37.0464924],[128.1174435,37.0464917],[128.1174428,37.046491],[128.1174421,37.0464902],[128.1174414,37.0464895],[128.1174408,37.0464888],[128.1174401,37.0464881],[128.1174394,37.0464874],[128.1174387,37.0464867],[128.117438,37.0464859],[128.1174374,37.0464852],[128.1174367,37.0464845],[128.117436,37.0464838],[128.1174353,37.0464831],[128.1174346,37.0464823],[128.117434,37.0464816],[128.1174333,37.0464809],[128.1174326,37.0464802],[128.1174319,37.0464795],[128.1174312,37.0464787],[128.1174306,37.046478],[128.1174299,37.0464773],[128.1174292,37.0464766],[128.1174285,37.0464759],[128.1174279,37.0464752],[128.1174272,37.0464744],[128.1174265,37.0464737],[128.1174258,37.046473],[128.1174251,37.0464723],[128.1174245,37.0464716],[128.1174238,37.0464708],[128.1174231,37.0464701],[128.1174224,37.0464694],[128.1174217,37.0464687],[128.1174211,37.046468],[128.1174204,37.0464673],[128.1174197,37.0464665],[128.117419,37.0464658],[128.1174184,37.0464651],[128.1174177,37.0464644],[128.117417,37.0464637],[128.1174163,37.0464629],[128.1174156,37.0464622],[128.1174149,37.0464615],[128.1174143,37.0464608],[128.1174136,37.0464601],[128.1174129,37.0464594],[128.1174122,37.0464586],[128.1174116,37.0464579],[128.1174109,37.0464572],[128.1174102,37.0464565],[128.1174095,37.0464558],[128.1174088,37.0464551],[128.1174081,37.0464543],[128.1174075,37.0464536],[128.1174068,37.0464529],[128.1174061,37.0464522],[128.1174054,37.0464515],[128.1174048,37.0464508],[128.1174041,37.04645],[128.1174034,37.0464493],[128.1174027,37.0464486],[128.117402,37.0464479],[128.1174014,37.0464472],[128.1174007,37.0464465],[128.1174,37.0464457],[128.1173993,37.046445],[128.1173986,37.0464443],[128.117398,37.0464436],[128.1173973,37.0464429],[128.1173966,37.0464421],[128.1173959,37.0464414],[128.1173952,37.0464407],[128.1173946,37.04644],[128.1173939,37.0464393],[128.1173932,37.0464386],[128.1173925,37.0464378],[128.1173918,37.0464371],[128.1173912,37.0464364],[128.1173905,37.0464357],[128.1173898,37.046435],[128.1173891,37.0464343],[128.1173884,37.0464335],[128.1173878,37.0464328],[128.1173871,37.0464321],[128.1173864,37.0464314],[128.1173857,37.0464307],[128.117385,37.0464299],[128.1173844,37.0464292],[128.1173837,37.0464285],[128.117383,37.0464278],[128.1173823,37.0464271],[128.1173816,37.0464264],[128.117381,37.0464256],[128.1173803,37.0464249],[128.1173796,37.0464242],[128.1173789,37.0464235],[128.1173782,37.0464228],[128.1173776,37.0464221],[128.1173769,37.0464213],[128.1173762,37.0464206],[128.1173755,37.0464199],[128.1173748,37.0464192],[128.1173741,37.0464185],[128.1173735,37.0464178],[128.1173728,37.046417],[128.1173721,37.0464163],[128.1173714,37.0464156],[128.1173707,37.0464149],[128.1173701,37.0464142],[128.1173694,37.0464135],[128.1173687,37.0464127],[128.117368,37.046412],[128.1173673,37.0464113],[128.1173667,37.0464106],[128.117366,37.0464099],[128.1173653,37.0464092],[128.1173646,37.0464084],[128.1173639,37.0464077],[128.1173633,37.046407],[128.1173626,37.0464063],[128.1173619,37.0464056],[128.1173612,37.0464049],[128.1173605,37.0464041],[128.1173599,37.0464034],[128.1173592,37.0464027],[128.1173585,37.046402],[128.1173578,37.0464013],[128.1173571,37.0464006],[128.1173564,37.0463998],[128.1173558,37.0463991],[128.1173551,37.0463984],[128.1173544,37.0463977],[128.1173537,37.046397],[128.117353,37.0463963],[128.1173524,37.0463955],[128.1173517,37.0463948],[128.117351,37.0463941],[128.1173503,37.0463934],[128.1173496,37.0463927],[128.1173489,37.046392],[128.1173483,37.0463912],[128.1173476,37.0463905],[128.1173469,37.0463898],[128.1173462,37.0463891],[128.1173455,37.0463884],[128.1173449,37.0463877],[128.1173442,37.0463869],[128.1173435,37.0463862],[128.1173428,37.0463855],[128.1173421,37.0463848],[128.1173415,37.0463841],[128.1173408,37.0463834],[128.1173401,37.0463826],[128.1173394,37.0463819],[128.1173387,37.0463812],[128.117338,37.0463805],[128.1173374,37.0463798],[128.1173367,37.0463791],[128.117336,37.0463783],[128.1173353,37.0463776],[128.1173346,37.0463769],[128.117334,37.0463762],[128.1173333,37.0463755],[128.1173326,37.0463748],[128.1173319,37.046374],[128.1173312,37.0463733],[128.1173305,37.0463726],[128.1173299,37.0463719],[128.1173292,37.0463712],[128.1173285,37.0463705],[128.1173278,37.0463697],[128.1173271,37.046369],[128.1173264,37.0463683],[128.1173258,37.0463676],[128.1173251,37.0463669],[128.1173244,37.0463662],[128.1173237,37.0463655],[128.117323,37.0463647],[128.1173224,37.046364],[128.1173217,37.0463633],[128.117321,37.0463626],[128.1173203,37.0463619],[128.1173196,37.0463612],[128.117319,37.0463604],[128.1173183,37.0463597],[128.1173176,37.046359],[128.1173169,37.0463583],[128.1173162,37.0463576],[128.1173155,37.0463569],[128.1173149,37.0463561],[128.1173142,37.0463554],[128.1173135,37.0463547],[128.1173128,37.046354],[128.1173121,37.0463533],[128.1173114,37.0463526],[128.1173108,37.0463518],[128.1173101,37.0463511],[128.1173094,37.0463504],[128.1173087,37.0463497],[128.117308,37.046349],[128.1173073,37.0463483],[128.1173067,37.0463476],[128.117306,37.0463468],[128.1173053,37.0463461],[128.1173046,37.0463454],[128.1173039,37.0463447],[128.1173032,37.046344],[128.1173026,37.0463433],[128.1173019,37.0463425],[128.1173012,37.0463418],[128.1173005,37.0463411],[128.1172998,37.0463404],[128.1172992,37.0463397],[128.1172985,37.046339],[128.1172978,37.0463382],[128.1172971,37.0463375],[128.1172964,37.0463368],[128.1172957,37.0463361],[128.1172951,37.0463354],[128.1172944,37.0463347],[128.1172937,37.046334],[128.117293,37.0463332],[128.1172923,37.0463325],[128.1172916,37.0463318],[128.117291,37.0463311],[128.1172903,37.0463304],[128.1172896,37.0463297],[128.1172889,37.0463289],[128.1172882,37.0463282],[128.1172875,37.0463275],[128.1172869,37.0463268],[128.1172862,37.0463261],[128.1172855,37.0463254],[128.1172848,37.0463247],[128.1172841,37.0463239],[128.1172834,37.0463232],[128.1172828,37.0463225],[128.1172821,37.0463218],[128.1172814,37.0463211],[128.1172807,37.0463204],[128.11728,37.0463196],[128.1172793,37.0463189],[128.1172787,37.0463182],[128.117278,37.0463175],[128.1172773,37.0463168],[128.1172766,37.0463161],[128.1172759,37.0463153],[128.1172752,37.0463146],[128.1172746,37.0463139],[128.1172739,37.0463132],[128.1172732,37.0463125],[128.1172725,37.0463118],[128.1172718,37.0463111],[128.1172711,37.0463103],[128.1172705,37.0463096],[128.1172698,37.0463089],[128.1172691,37.0463082],[128.1172684,37.0463075],[128.1172677,37.0463068],[128.117267,37.0463061],[128.1172664,37.0463053],[128.1172657,37.0463046],[128.117265,37.0463039],[128.1172643,37.0463032],[128.1172636,37.0463025],[128.1172629,37.0463018],[128.1172622,37.046301],[128.1172616,37.0463003],[128.1172609,37.0462996],[128.1172602,37.0462989],[128.1172595,37.0462982],[128.1172588,37.0462975],[128.1172581,37.0462968],[128.1172575,37.046296],[128.1172568,37.0462953],[128.1172561,37.0462946],[128.1172554,37.0462939],[128.1172547,37.0462932],[128.117254,37.0462925],[128.1172534,37.0462918],[128.1172527,37.046291],[128.117252,37.0462903],[128.1172513,37.0462896],[128.1172506,37.0462889],[128.1172499,37.0462882],[128.1172493,37.0462875],[128.1172486,37.0462868],[128.1172479,37.046286],[128.1172472,37.0462853],[128.1172465,37.0462846],[128.1172458,37.0462839],[128.1172451,37.0462832],[128.1172445,37.0462825],[128.1172438,37.0462818],[128.1172431,37.046281],[128.1172424,37.0462803],[128.1172417,37.0462796],[128.117241,37.0462789],[128.1172404,37.0462782],[128.1172397,37.0462775],[128.117239,37.0462767],[128.1172383,37.046276],[128.1172376,37.0462753],[128.1172369,37.0462746],[128.1172362,37.0462739],[128.1172356,37.0462732],[128.1172349,37.0462725],[128.1172342,37.0462717],[128.1172335,37.046271],[128.1172328,37.0462703],[128.1172321,37.0462696],[128.1172314,37.0462689],[128.1172308,37.0462682],[128.1172301,37.0462675],[128.1172294,37.0462667],[128.1172287,37.046266],[128.117228,37.0462653],[128.1172273,37.0462646],[128.1172267,37.0462639],[128.117226,37.0462632],[128.1172253,37.0462625],[128.1172246,37.0462617],[128.1172239,37.046261],[128.1172232,37.0462603],[128.1172225,37.0462596],[128.1172219,37.0462589],[128.1172212,37.0462582],[128.1172205,37.0462575],[128.1172198,37.0462567],[128.1172191,37.046256],[128.1172184,37.0462553],[128.1172178,37.0462546],[128.1172171,37.0462539],[128.1172164,37.0462532],[128.1172157,37.0462525],[128.117215,37.0462517],[128.1172143,37.046251],[128.1172136,37.0462503],[128.117213,37.0462496],[128.1172123,37.0462489],[128.1172116,37.0462482],[128.1172109,37.0462475],[128.1172102,37.0462467],[128.1172095,37.046246],[128.1172088,37.0462453],[128.1172082,37.0462446],[128.1172075,37.0462439],[128.1172068,37.0462432],[128.1172061,37.0462425],[128.1172054,37.0462417],[128.1172047,37.046241],[128.117204,37.0462403],[128.1172033,37.0462396],[128.1172027,37.0462389],[128.117202,37.0462382],[128.1172013,37.0462375],[128.1172006,37.0462367],[128.1171999,37.046236],[128.1171992,37.0462353],[128.1171985,37.0462346],[128.1171979,37.0462339],[128.1171972,37.0462332],[128.1171965,37.0462325],[128.1171958,37.0462317],[128.1171951,37.046231],[128.1171944,37.0462303],[128.1171938,37.0462296],[128.1171931,37.0462289],[128.1171924,37.0462282],[128.1171917,37.0462275],[128.117191,37.0462268],[128.1171903,37.046226],[128.1171896,37.0462253],[128.117189,37.0462246],[128.1171883,37.0462239],[128.1171876,37.0462232],[128.1171869,37.0462225],[128.1171862,37.0462218],[128.1171855,37.046221],[128.1171848,37.0462203],[128.1171841,37.0462196],[128.1171835,37.0462189],[128.1171828,37.0462182],[128.1171821,37.0462175],[128.1171814,37.0462168],[128.1171807,37.0462161],[128.11718,37.0462153],[128.1171793,37.0462146],[128.1171787,37.0462139],[128.117178,37.0462132],[128.1171773,37.0462125],[128.1171766,37.0462118],[128.1171759,37.0462111],[128.1171752,37.0462103],[128.1171745,37.0462096],[128.1171738,37.0462089],[128.1171732,37.0462082],[128.1171725,37.0462075],[128.1171718,37.0462068],[128.1171711,37.0462061],[128.1171704,37.0462053],[128.1171697,37.0462046],[128.1171691,37.0462039],[128.1171684,37.0462032],[128.1171677,37.0462025],[128.117167,37.0462018],[128.1171663,37.0462011],[128.1171656,37.0462004],[128.1171649,37.0461996],[128.1171642,37.0461989],[128.1171636,37.0461982],[128.1171629,37.0461975],[128.1171622,37.0461968],[128.1171615,37.0461961],[128.1171608,37.0461954],[128.1171601,37.0461946],[128.1171594,37.0461939],[128.1171587,37.0461932],[128.1171581,37.0461925],[128.1171574,37.0461918],[128.1171567,37.0461911],[128.117156,37.0461904],[128.1171553,37.0461897],[128.1171546,37.0461889],[128.1171539,37.0461882],[128.1171532,37.0461875],[128.1171526,37.0461868],[128.1171519,37.0461861],[128.1171512,37.0461854],[128.1171505,37.0461847],[128.1171498,37.046184],[128.1171491,37.0461832],[128.1171484,37.0461825],[128.1171477,37.0461818],[128.1171471,37.0461811],[128.1171464,37.0461804],[128.1171457,37.0461797],[128.117145,37.046179],[128.1171443,37.0461782],[128.1171436,37.0461775],[128.1171429,37.0461768],[128.1171422,37.0461761],[128.1171416,37.0461754],[128.1171409,37.0461747],[128.1171402,37.046174],[128.1171395,37.0461733],[128.1171388,37.0461725],[128.1171381,37.0461718],[128.1171374,37.0461711],[128.1171368,37.0461704],[128.1171361,37.0461697],[128.1171354,37.046169],[128.1171347,37.0461683],[128.117134,37.0461676],[128.1171333,37.0461668],[128.1171326,37.0461661],[128.1171319,37.0461654],[128.1171312,37.0461647],[128.1171306,37.046164],[128.1171299,37.0461633],[128.1171292,37.0461626],[128.1171285,37.0461619],[128.1171278,37.0461612],[128.1171271,37.0461604],[128.1171264,37.0461597],[128.1171257,37.046159],[128.1171251,37.0461583],[128.1171244,37.0461576],[128.1171237,37.0461569],[128.117123,37.0461562],[128.1171223,37.0461555],[128.1171216,37.0461547],[128.1171209,37.046154],[128.1171202,37.0461533],[128.1171196,37.0461526],[128.1171189,37.0461519],[128.1171182,37.0461512],[128.1171175,37.0461505],[128.1171168,37.0461498],[128.1171161,37.046149],[128.1171154,37.0461483],[128.117112,37.0461448],[128.1168826,37.0457448],[128.1168768,37.0457376],[128.1168713,37.0457308],[128.1168658,37.045724],[128.1168604,37.0457171],[128.116855,37.0457103],[128.1168497,37.0457034],[128.1168443,37.0456965],[128.1168391,37.0456896],[128.1168338,37.0456826],[128.1168286,37.0456757],[128.1168234,37.0456687],[128.1168183,37.0456617],[128.1168132,37.0456547],[128.1168081,37.0456477],[128.1168031,37.0456407],[128.1167981,37.0456336],[128.1167931,37.0456266],[128.1167881,37.0456195],[128.1167833,37.0456124],[128.1167784,37.0456053],[128.1167736,37.0455982],[128.1167688,37.045591],[128.116764,37.0455839],[128.1167593,37.0455767],[128.1167546,37.0455695],[128.11675,37.0455623],[128.1167453,37.0455551],[128.1167408,37.0455478],[128.1167362,37.0455406],[128.1167317,37.0455333],[128.1167273,37.0455261],[128.1167228,37.0455188],[128.1167184,37.0455115],[128.1167141,37.0455042],[128.1167098,37.0454968],[128.1167055,37.0454895],[128.1167012,37.0454821],[128.116697,37.0454747],[128.1166928,37.0454674],[128.1166887,37.04546],[128.1166846,37.0454525],[128.1166805,37.0454451],[128.1166765,37.0454377],[128.1166725,37.0454302],[128.1166686,37.0454228],[128.1166647,37.0454153],[128.1166608,37.0454078],[128.1166569,37.0454003],[128.1166531,37.0453928],[128.1166494,37.0453852],[128.1166457,37.0453777],[128.116642,37.0453702],[128.1166383,37.0453626],[128.1166368,37.0452477],[128.1166229,37.0452079],[128.1166136,37.0451844],[128.1166131,37.0451832],[128.1165809,37.044969],[128.1165707,37.044913],[128.1165607,37.0448579],[128.1165565,37.0448073],[128.1165435,37.0447544],[128.1165302,37.0447416],[128.1165291,37.0447121],[128.1164914,37.0446199],[128.1164588,37.0445556],[128.1164588,37.0445555],[128.1164409,37.0445029],[128.1164073,37.0444492],[128.1163515,37.0444032],[128.1163391,37.044393],[128.116253,37.0443348],[128.1161548,37.0443184],[128.1160625,37.0442949],[128.1159022,37.0443176],[128.1158253,37.0443207],[128.115762,37.0443613],[128.1157986,37.0443991],[128.1158184,37.0444196],[128.1157472,37.0444296],[128.1156388,37.0444432],[128.1155395,37.0444978],[128.1154398,37.0445584],[128.1154397,37.0445584],[128.1154156,37.0445754],[128.1153833,37.044592],[128.1153473,37.0446188],[128.1153407,37.0446292],[128.1153242,37.0446424],[128.1153101,37.0446508],[128.1152527,37.044685],[128.1152202,37.0447862],[128.1151901,37.0448193],[128.1151471,37.0448507],[128.1150642,37.0448773],[128.1150286,37.0448755],[128.1150126,37.0448614],[128.1150585,37.0448471],[128.1149965,37.0448214],[128.114958,37.0448411],[128.1149243,37.0448418],[128.1147148,37.0447563],[128.1146862,37.0447287],[128.1146846,37.0447003],[128.1146559,37.0446681],[128.1146,37.0446247],[128.1145529,37.0445847],[128.1145258,37.0445778],[128.1144879,37.0445223],[128.1144576,37.0444628],[128.1144314,37.0444182],[128.1144195,37.0443978],[128.1143707,37.0442913],[128.1143537,37.0442563],[128.1143186,37.0441841],[128.1142795,37.0441046],[128.1142332,37.044005],[128.1142171,37.0439625],[128.114185,37.0439272],[128.1141293,37.0438915],[128.1140971,37.0438622],[128.114051,37.0438203],[128.1139808,37.0437755],[128.1139647,37.0437492],[128.1139033,37.0436521],[128.1138801,37.0435947],[128.1138349,37.0435681],[128.1138081,37.0435125],[128.1137663,37.0434423],[128.1137194,37.0433813],[128.1136764,37.0433222],[128.1136291,37.0432491],[128.1135832,37.0431824],[128.1135737,37.0431774],[128.1135701,37.043171],[128.1135531,37.043141],[128.1135212,37.0431087],[128.1135121,37.0430374],[128.1134516,37.0429877],[128.1133645,37.0428127],[128.1133271,37.0426862],[128.1133267,37.0426849],[128.1133172,37.0426489],[128.1133087,37.0423679],[128.1133002,37.0420843],[128.113299,37.0419503],[128.1132985,37.0419479],[128.1132965,37.0419021],[128.1132935,37.0418439],[128.1132928,37.0418318],[128.1132783,37.0417538],[128.1132788,37.0417538],[128.1132549,37.0416521],[128.1132401,37.0415937],[128.1132156,37.0415469],[128.1132098,37.0415419],[128.1132,37.0415267],[128.1131972,37.0415261],[128.1131917,37.0415173],[128.1131319,37.0413201],[128.1131343,37.0412545],[128.1131483,37.0411711],[128.1131577,37.0411364],[128.1131893,37.0410528],[128.1132276,37.040987],[128.1132526,37.0409423],[128.1132712,37.0409091],[128.1132815,37.0409128],[128.1133235,37.040879],[128.1133579,37.0408431],[128.113417,37.040784],[128.1134505,37.0407453],[128.1134922,37.0406925],[128.1135026,37.0406751],[128.1135158,37.0406517],[128.1135545,37.0405527],[128.1135618,37.0405344],[128.1135742,37.0405031],[128.113593,37.0404414],[128.1135959,37.0404044],[128.1135453,37.0403257],[128.1135258,37.0402798],[128.1135232,37.0402456],[128.1135028,37.0402174],[128.1134815,37.040199],[128.1134572,37.040182],[128.1134331,37.0401739],[128.1134317,37.0401734],[128.1134005,37.0401568],[128.113371,37.040146],[128.1132916,37.0401313],[128.1132117,37.0401222],[128.1131661,37.040117],[128.1131119,37.0401108],[128.1130968,37.0401033],[128.1130297,37.0401043],[128.1129926,37.0401048],[128.1129054,37.0401133],[128.1128341,37.0401246],[128.1128123,37.04013],[128.1127717,37.0401348],[128.1126922,37.0401376],[128.112682,37.0401423],[128.1125616,37.0401369],[128.1125153,37.0401305],[128.1124146,37.0401117],[128.112414,37.0401116],[128.1123332,37.0400964],[128.1123118,37.0401072],[128.1121835,37.0399896],[128.1121423,37.0399519],[128.1120979,37.0399112],[128.1120998,37.0399104],[128.1120938,37.0398966],[128.1120772,37.0398582],[128.1120699,37.0398445],[128.1119866,37.039689],[128.1118911,37.0393996],[128.1118843,37.039379],[128.1118238,37.0392588],[128.1118056,37.039263],[128.1116565,37.039297],[128.1116567,37.0392974],[128.1116847,37.0393721],[128.1117219,37.0394874],[128.1117468,37.0395843],[128.1117957,37.0397545],[128.1118343,37.0398443],[128.1118773,37.0399132],[128.1119134,37.0399534],[128.1120078,37.040044],[128.1120751,37.0400984],[128.1120951,37.0401145],[128.1121525,37.0401656],[128.1122498,37.0402364],[128.1123222,37.0402683],[128.1124461,37.0402954],[128.1125283,37.0403127],[128.1125313,37.0403125],[128.1125324,37.0403124],[128.1125336,37.0403123],[128.1125347,37.0403123],[128.1125358,37.0403122],[128.1125369,37.0403121],[128.112538,37.040312],[128.1125391,37.0403119],[128.1125403,37.0403119],[128.1125414,37.0403118],[128.1125425,37.0403117],[128.1125436,37.0403116],[128.1125447,37.0403115],[128.1125459,37.0403115],[128.112547,37.0403114],[128.1125481,37.0403113],[128.1125492,37.0403112],[128.1125503,37.0403111],[128.1125515,37.0403111],[128.1125526,37.040311],[128.1125537,37.0403109],[128.1125548,37.0403108],[128.1125559,37.0403107],[128.1125571,37.0403107],[128.1125582,37.0403106],[128.1125593,37.0403105],[128.1125604,37.0403104],[128.1125615,37.0403103],[128.1125627,37.0403103],[128.1125638,37.0403102],[128.1125649,37.0403101],[128.112566,37.04031],[128.1125671,37.04031],[128.1125683,37.0403099],[128.1125694,37.0403098],[128.1125705,37.0403097],[128.1125716,37.0403097],[128.1125727,37.0403096],[128.1125739,37.0403095],[128.112575,37.0403094],[128.1125761,37.0403093],[128.1125772,37.0403093],[128.1125783,37.0403092],[128.1125794,37.0403091],[128.1125806,37.040309],[128.1125817,37.040309],[128.1125828,37.0403089],[128.1125839,37.0403088],[128.112585,37.0403087],[128.1125862,37.0403087],[128.1125873,37.0403086],[128.1125884,37.0403085],[128.1125895,37.0403084],[128.1125907,37.0403084],[128.1125918,37.0403083],[128.1125929,37.0403082],[128.112594,37.0403082],[128.1125951,37.0403081],[128.1125963,37.040308],[128.1125974,37.0403079],[128.1125985,37.0403079],[128.1125996,37.0403078],[128.1126007,37.0403077],[128.1126019,37.0403076],[128.112603,37.0403076],[128.1126041,37.0403075],[128.1126052,37.0403074],[128.1126063,37.0403074],[128.1126075,37.0403073],[128.1126086,37.0403072],[128.1126097,37.0403071],[128.1126108,37.0403071],[128.1126119,37.040307],[128.1126131,37.0403069],[128.1126142,37.0403069],[128.1126153,37.0403068],[128.1126164,37.0403067],[128.1126175,37.0403067],[128.1126187,37.0403066],[128.1126198,37.0403065],[128.1126209,37.0403064],[128.112622,37.0403064],[128.1126231,37.0403063],[128.1126243,37.0403062],[128.1126254,37.0403062],[128.1126265,37.0403061],[128.1126276,37.040306],[128.1126287,37.040306],[128.1126299,37.0403059],[128.112631,37.0403058],[128.1126321,37.0403058],[128.1126332,37.0403057],[128.1126343,37.0403056],[128.1126355,37.0403056],[128.1126366,37.0403055],[128.1126377,37.0403054],[128.1126388,37.0403054],[128.11264,37.0403053],[128.1126411,37.0403052],[128.1127705,37.0402976],[128.1127733,37.0402969],[128.1127765,37.0402961],[128.1127798,37.0402954],[128.112783,37.0402946],[128.1127862,37.0402939],[128.1127895,37.0402931],[128.1127927,37.0402924],[128.112796,37.0402916],[128.1127992,37.0402909],[128.1128025,37.0402901],[128.1128057,37.0402894],[128.1128089,37.0402887],[128.1128122,37.040288],[128.1128154,37.0402872],[128.1128187,37.0402865],[128.1128219,37.0402858],[128.1128252,37.0402851],[128.1128285,37.0402844],[128.1128317,37.0402837],[128.1128318,37.0402837],[128.112835,37.040283],[128.1128382,37.0402823],[128.1128415,37.0402816],[128.1128447,37.0402809],[128.112848,37.0402802],[128.1128513,37.0402796],[128.1128545,37.0402789],[128.1128578,37.0402782],[128.1128611,37.0402775],[128.1128643,37.0402769],[128.1128676,37.0402762],[128.1128709,37.0402756],[128.1128742,37.0402749],[128.1128774,37.0402743],[128.1128807,37.0402736],[128.112884,37.040273],[128.1128873,37.0402723],[128.1128905,37.0402717],[128.1128938,37.0402711],[128.1128971,37.0402705],[128.1129004,37.0402698],[128.1129037,37.0402692],[128.1129069,37.0402686],[128.1129102,37.040268],[128.1129135,37.0402674],[128.1129168,37.0402668],[128.1129201,37.0402662],[128.1129234,37.0402656],[128.1129267,37.040265],[128.11293,37.0402644],[128.1129332,37.0402638],[128.1129365,37.0402633],[128.1129398,37.0402627],[128.1129431,37.0402621],[128.1129464,37.0402616],[128.1129497,37.040261],[128.112953,37.0402604],[128.1129563,37.0402599],[128.1129596,37.0402593],[128.1129629,37.0402588],[128.1129662,37.0402582],[128.1129695,37.0402577],[128.1129728,37.0402572],[128.1129762,37.0402566],[128.1129795,37.0402561],[128.1129828,37.0402556],[128.1129861,37.0402551],[128.1129891,37.0402546],[128.1129905,37.0402544],[128.1129916,37.0402542],[128.1129927,37.040254],[128.1129938,37.0402539],[128.1129949,37.0402537],[128.112996,37.0402535],[128.1129971,37.0402533],[128.1129982,37.0402532],[128.1129993,37.040253],[128.1130004,37.0402529],[128.1130015,37.0402527],[128.1130026,37.0402525],[128.1130037,37.0402524],[128.1130048,37.0402522],[128.1130059,37.040252],[128.1130071,37.0402519],[128.1130082,37.0402517],[128.1130093,37.0402515],[128.1130104,37.0402514],[128.1130115,37.0402512],[128.1130126,37.040251],[128.1130137,37.0402509],[128.1130148,37.0402507],[128.1130159,37.0402506],[128.113017,37.0402504],[128.1130181,37.0402502],[128.1130192,37.0402501],[128.1130203,37.0402499],[128.1130214,37.0402497],[128.1130225,37.0402496],[128.1130236,37.0402494],[128.1130247,37.0402493],[128.1130259,37.0402491],[128.113027,37.040249],[128.1130281,37.0402488],[128.1130292,37.0402487],[128.1130303,37.0402485],[128.1130314,37.0402483],[128.1130325,37.0402482],[128.1130336,37.040248],[128.1130347,37.0402479],[128.1130358,37.0402477],[128.1130369,37.0402476],[128.113038,37.0402474],[128.1130391,37.0402473],[128.1130402,37.0402471],[128.1130414,37.040247],[128.1130425,37.0402468],[128.1130436,37.0402467],[128.1130447,37.0402465],[128.1130458,37.0402464],[128.1130469,37.0402462],[128.113048,37.0402461],[128.1130491,37.0402459],[128.1130502,37.0402458],[128.1130513,37.0402456],[128.1130524,37.0402455],[128.1130536,37.0402453],[128.1130547,37.0402452],[128.1130558,37.040245],[128.1130569,37.0402449],[128.113058,37.0402447],[128.1130591,37.0402446],[128.1130602,37.0402445],[128.1130613,37.0402443],[128.1130624,37.0402442],[128.1130635,37.040244],[128.1130646,37.0402439],[128.1130658,37.0402437],[128.1130669,37.0402436],[128.113068,37.0402435],[128.1130691,37.0402433],[128.1130702,37.0402432],[128.1130713,37.040243],[128.1130724,37.0402429],[128.1130735,37.0402428],[128.1130746,37.0402426],[128.1130757,37.0402425],[128.1130769,37.0402423],[128.113078,37.0402422],[128.1130791,37.0402421],[128.1130802,37.0402419],[128.1130813,37.0402418],[128.1130824,37.0402417],[128.1130835,37.0402415],[128.1130846,37.0402414],[128.1130857,37.0402413],[128.1130869,37.0402411],[128.113088,37.040241],[128.1130891,37.0402409],[128.1130902,37.0402407],[128.1130913,37.0402406],[128.1130924,37.0402405],[128.1130935,37.0402403],[128.1130946,37.0402402],[128.1130957,37.0402401],[128.1130969,37.0402399],[128.113098,37.0402398],[128.1130991,37.0402397],[128.1131002,37.0402396],[128.1131013,37.0402394],[128.1131024,37.0402393],[128.1131035,37.0402392],[128.1131047,37.0402391],[128.1131058,37.0402389],[128.1131069,37.0402388],[128.113108,37.0402387],[128.1131091,37.0402385],[128.1131102,37.0402384],[128.1131113,37.0402383],[128.1131125,37.0402382],[128.1131136,37.0402381],[128.1131147,37.0402379],[128.1131158,37.0402378],[128.1131169,37.0402377],[128.113118,37.0402376],[128.1131191,37.0402374],[128.1131202,37.0402373],[128.1131214,37.0402372],[128.1131225,37.0402371],[128.1131236,37.040237],[128.1131247,37.0402368],[128.1131258,37.0402367],[128.1131269,37.0402366],[128.113128,37.0402365],[128.1131292,37.0402364],[128.1131303,37.0402363],[128.1131314,37.0402361],[128.1131325,37.040236],[128.1131336,37.0402359],[128.1131347,37.0402358],[128.1131358,37.0402357],[128.113137,37.0402356],[128.1131381,37.0402355],[128.1131392,37.0402353],[128.1131403,37.0402352],[128.1131414,37.0402351],[128.1131425,37.040235],[128.1131436,37.0402349],[128.1131448,37.0402348],[128.1131459,37.0402347],[128.113147,37.0402346],[128.1131481,37.0402344],[128.1131492,37.0402343],[128.1131503,37.0402342],[128.1131515,37.0402341],[128.1131526,37.040234],[128.1131537,37.0402339],[128.1131548,37.0402338],[128.1131559,37.0402337],[128.1131572,37.0402336],[128.1131583,37.0402336],[128.1131595,37.0402335],[128.1131606,37.0402335],[128.1131617,37.0402334],[128.1131628,37.0402334],[128.113164,37.0402334],[128.1131651,37.0402334],[128.1131662,37.0402334],[128.1131673,37.0402334],[128.1131684,37.0402334],[128.1131696,37.0402334],[128.1131707,37.0402334],[128.1131718,37.0402335],[128.1131729,37.0402335],[128.1131741,37.0402335],[128.1131752,37.0402336],[128.1131763,37.0402337],[128.1131774,37.0402337],[128.1131785,37.0402338],[128.1131797,37.0402339],[128.1131808,37.040234],[128.1131819,37.0402341],[128.113183,37.0402342],[128.1131841,37.0402343],[128.1131853,37.0402344],[128.1131864,37.0402345],[128.1131875,37.0402346],[128.1131886,37.0402348],[128.1131897,37.0402349],[128.1131908,37.0402351],[128.1131919,37.0402352],[128.1132429,37.0402438],[128.1132687,37.0402532],[128.1133388,37.0402849],[128.1133557,37.0402925],[128.1133568,37.0402933],[128.1133577,37.0402939],[128.1133585,37.0402944],[128.1133594,37.040295],[128.1133602,37.0402956],[128.1133611,37.0402962],[128.1133619,37.0402968],[128.1133627,37.0402975],[128.1133635,37.0402981],[128.1133643,37.0402987],[128.1133652,37.0402993],[128.1133659,37.0403],[128.1133667,37.0403006],[128.1133675,37.0403012],[128.1133683,37.0403019],[128.1133691,37.0403025],[128.1133699,37.0403032],[128.1133706,37.0403039],[128.1133714,37.0403045],[128.1133721,37.0403052],[128.1133729,37.0403059],[128.1133736,37.0403066],[128.1133743,37.0403072],[128.113375,37.0403079],[128.1133758,37.0403086],[128.1133765,37.0403093],[128.1133772,37.04031],[128.1133779,37.0403107],[128.1133786,37.0403115],[128.1133792,37.0403122],[128.1133799,37.0403129],[128.1133806,37.0403136],[128.1133812,37.0403143],[128.1133819,37.0403151],[128.1133825,37.0403158],[128.1133832,37.0403166],[128.1133838,37.0403173],[128.1133844,37.0403181],[128.113385,37.0403188],[128.1133857,37.0403196],[128.1133863,37.0403203],[128.1133869,37.0403211],[128.1133875,37.0403219],[128.113388,37.0403226],[128.1133886,37.0403234],[128.1133892,37.0403242],[128.1133897,37.040325],[128.1133903,37.0403257],[128.1133908,37.0403265],[128.1133914,37.0403273],[128.1133919,37.0403281],[128.1133924,37.0403289],[128.1133929,37.0403297],[128.1133934,37.0403305],[128.1133939,37.0403313],[128.1133944,37.0403322],[128.1133949,37.040333],[128.1133953,37.0403338],[128.1133958,37.0403346],[128.1133963,37.0403354],[128.1133967,37.0403363],[128.1133972,37.0403371],[128.1133976,37.0403379],[128.113398,37.0403387],[128.1133984,37.0403396],[128.1133988,37.0403404],[128.1133992,37.0403413],[128.1133996,37.0403421],[128.1134,37.040343],[128.1134004,37.0403438],[128.1134008,37.0403447],[128.1134011,37.0403455],[128.1134015,37.0403464],[128.1134018,37.0403472],[128.1134021,37.0403481],[128.1134025,37.040349],[128.1134028,37.0403498],[128.1134031,37.0403507],[128.1134034,37.0403515],[128.1134037,37.0403524],[128.113404,37.0403533],[128.1134042,37.0403542],[128.1134045,37.040355],[128.1134048,37.0403559],[128.113405,37.0403568],[128.1134053,37.0403577],[128.1134055,37.0403586],[128.1134057,37.0403594],[128.1134059,37.0403603],[128.1134061,37.0403612],[128.1134063,37.0403621],[128.1134065,37.040363],[128.1134067,37.0403639],[128.1134069,37.0403648],[128.113407,37.0403657],[128.1134072,37.0403666],[128.1134073,37.0403674],[128.1134075,37.0403683],[128.1134076,37.0403692],[128.1134077,37.0403701],[128.1134078,37.040371],[128.1134079,37.0403719],[128.113408,37.0403728],[128.1134081,37.0403737],[128.1134082,37.0403746],[128.1134083,37.0403755],[128.1134083,37.0403764],[128.1134084,37.0403773],[128.1134084,37.0403782],[128.1134084,37.0403791],[128.1134085,37.04038],[128.1134085,37.0403809],[128.1134085,37.0403818],[128.1134085,37.0403827],[128.1134085,37.0403836],[128.1134084,37.0403845],[128.1134084,37.0403854],[128.1134084,37.0403863],[128.1134083,37.0403872],[128.1134083,37.0403881],[128.1134082,37.040389],[128.1134082,37.0403899],[128.1134081,37.0403908],[128.1133978,37.0405137],[128.1133975,37.0405145],[128.1133973,37.0405154],[128.1133971,37.0405163],[128.1133969,37.0405172],[128.1133966,37.040518],[128.1133964,37.0405189],[128.1133961,37.0405198],[128.1133959,37.0405207],[128.1133956,37.0405215],[128.1133954,37.0405224],[128.1133951,37.0405233],[128.1133948,37.0405242],[128.1133946,37.0405251],[128.1133943,37.0405259],[128.113394,37.0405268],[128.1133937,37.0405277],[128.1133935,37.0405285],[128.1133932,37.0405294],[128.1133929,37.0405303],[128.1133926,37.0405312],[128.1133923,37.040532],[128.113392,37.0405329],[128.1133916,37.0405338],[128.1133913,37.0405346],[128.113391,37.0405355],[128.1133907,37.0405363],[128.1133904,37.0405372],[128.11339,37.0405381],[128.1133897,37.0405389],[128.1133894,37.0405398],[128.113389,37.0405406],[128.1133887,37.0405415],[128.1133883,37.0405424],[128.113388,37.0405432],[128.1133876,37.0405441],[128.1133873,37.0405449],[128.1133869,37.0405458],[128.1133865,37.0405466],[128.1133862,37.0405475],[128.1133858,37.0405483],[128.1133854,37.0405492],[128.113385,37.04055],[128.1133846,37.0405509],[128.1133842,37.0405517],[128.1133838,37.0405526],[128.1133835,37.0405534],[128.113383,37.0405542],[128.1133826,37.0405551],[128.1133822,37.0405559],[128.1133818,37.0405568],[128.1133814,37.0405576],[128.113381,37.0405584],[128.1133806,37.0405593],[128.1133801,37.0405601],[128.1133797,37.0405609],[128.1133792,37.0405618],[128.1133788,37.0405626],[128.1133784,37.0405634],[128.1133779,37.0405642],[128.1133775,37.0405651],[128.113377,37.0405659],[128.1133765,37.0405667],[128.1133761,37.0405675],[128.1133756,37.0405683],[128.1133751,37.0405692],[128.1133747,37.04057],[128.1133742,37.0405708],[128.1133737,37.0405716],[128.1133732,37.0405724],[128.1133727,37.0405732],[128.1133728,37.0405732],[128.1133695,37.0405785],[128.1133663,37.0405832],[128.1133631,37.0405878],[128.1131415,37.0408912],[128.1131366,37.0408977],[128.1130819,37.040972],[128.1130818,37.0409721],[128.1130814,37.0409729],[128.1130809,37.0409737],[128.1130804,37.0409746],[128.1130799,37.0409754],[128.1130794,37.0409762],[128.113079,37.040977],[128.1130785,37.0409778],[128.113078,37.0409786],[128.1130775,37.0409794],[128.1130771,37.0409803],[128.1130766,37.0409811],[128.1130761,37.0409819],[128.1130757,37.0409827],[128.1130752,37.0409836],[128.1130747,37.0409844],[128.1130743,37.0409852],[128.1130738,37.040986],[128.1130734,37.0409868],[128.1130729,37.0409877],[128.1130725,37.0409885],[128.113072,37.0409893],[128.1130716,37.0409901],[128.1130711,37.040991],[128.1130707,37.0409918],[128.1130702,37.0409926],[128.1130698,37.0409934],[128.1130693,37.0409943],[128.1130689,37.0409951],[128.1130685,37.0409959],[128.113068,37.0409968],[128.1130676,37.0409976],[128.1130672,37.0409984],[128.1130667,37.0409993],[128.1130663,37.0410001],[128.1130659,37.0410009],[128.1130654,37.0410018],[128.113065,37.0410026],[128.1130646,37.0410034],[128.1130642,37.0410043],[128.1130638,37.0410051],[128.1130633,37.0410059],[128.1130629,37.0410068],[128.1130625,37.0410076],[128.1130621,37.0410084],[128.1130617,37.0410093],[128.1130613,37.0410101],[128.1130609,37.041011],[128.1130605,37.0410118],[128.1130601,37.0410126],[128.1130597,37.0410135],[128.1130593,37.0410143],[128.1130589,37.0410152],[128.1130585,37.041016],[128.1130581,37.0410169],[128.1130577,37.0410177],[128.1130573,37.0410185],[128.1130569,37.0410194],[128.1130565,37.0410202],[128.1130561,37.0410211],[128.1130557,37.0410219],[128.1130554,37.0410228],[128.113055,37.0410236],[128.1130546,37.0410245],[128.1130542,37.0410253],[128.1130538,37.0410262],[128.1130535,37.041027],[128.1130531,37.0410279],[128.1130527,37.0410287],[128.1130524,37.0410296],[128.113052,37.0410304],[128.1130516,37.0410313],[128.1130513,37.0410321],[128.1130509,37.041033],[128.1130505,37.0410338],[128.1130502,37.0410347],[128.1130498,37.0410355],[128.1130495,37.0410364],[128.1130491,37.0410373],[128.1130488,37.0410381],[128.1130484,37.041039],[128.1130481,37.0410398],[128.1130477,37.0410407],[128.1130474,37.0410415],[128.113047,37.0410424],[128.1130467,37.0410433],[128.1130464,37.0410441],[128.113046,37.041045],[128.1130457,37.0410458],[128.1130454,37.0410467],[128.113045,37.0410476],[128.1130447,37.0410484],[128.1130444,37.0410493],[128.113044,37.0410501],[128.1130437,37.041051],[128.1130434,37.0410519],[128.1130431,37.0410527],[128.1130428,37.0410536],[128.1130424,37.0410545],[128.1130421,37.0410553],[128.1130418,37.0410562],[128.1130415,37.0410571],[128.1130412,37.0410579],[128.1130409,37.0410588],[128.1130406,37.0410597],[128.1130403,37.0410605],[128.11304,37.0410614],[128.1130397,37.0410623],[128.1130394,37.0410631],[128.1130391,37.041064],[128.1130388,37.0410649],[128.1130385,37.0410657],[128.1130382,37.0410666],[128.1130379,37.0410675],[128.1130376,37.0410683],[128.1130373,37.0410692],[128.113037,37.0410701],[128.1130367,37.041071],[128.1130365,37.0410718],[128.1130362,37.0410727],[128.1130359,37.0410736],[128.1130356,37.0410744],[128.1130354,37.0410753],[128.1130351,37.0410762],[128.1130348,37.0410771],[128.1130345,37.041078],[128.1130343,37.0410788],[128.113034,37.0410797],[128.1130337,37.0410806],[128.1130335,37.0410815],[128.1130332,37.0410823],[128.113033,37.0410832],[128.1130327,37.0410841],[128.1130325,37.041085],[128.1130322,37.0410858],[128.113032,37.0410867],[128.1130317,37.0410876],[128.1130315,37.0410885],[128.1130312,37.0410894],[128.113031,37.0410902],[128.1130307,37.0410911],[128.1130305,37.041092],[128.1130303,37.0410929],[128.11303,37.0410938],[128.1130298,37.0410946],[128.1130295,37.0410955],[128.1130293,37.0410964],[128.1130291,37.0410973],[128.1130289,37.0410982],[128.1130286,37.041099],[128.1130284,37.0410999],[128.1130282,37.0411008],[128.113028,37.0411017],[128.1130277,37.0411026],[128.1130275,37.0411035],[128.1130273,37.0411043],[128.1130273,37.0411044],[128.1130271,37.0411052],[128.1130269,37.0411061],[128.1130267,37.041107],[128.1130265,37.0411079],[128.1130263,37.0411088],[128.1130261,37.0411097],[128.1130259,37.0411106],[128.1130257,37.0411114],[128.1130255,37.0411123],[128.1130253,37.0411132],[128.1130251,37.0411141],[128.1130249,37.041115],[128.1130247,37.0411159],[128.1130245,37.0411168],[128.1130243,37.0411176],[128.1130241,37.0411185],[128.1130239,37.0411194],[128.1130238,37.0411203],[128.1130236,37.0411212],[128.1130234,37.0411221],[128.1130232,37.041123],[128.1130231,37.0411239],[128.1130229,37.0411248],[128.1130227,37.0411257],[128.1130225,37.0411265],[128.1130224,37.0411274],[128.1130222,37.0411283],[128.1130221,37.0411292],[128.1130219,37.0411301],[128.1130217,37.041131],[128.1130216,37.0411319],[128.1130214,37.0411328],[128.1130213,37.0411337],[128.1130211,37.0411346],[128.113021,37.0411355],[128.1130208,37.0411364],[128.1130207,37.0411372],[128.1130205,37.0411381],[128.1130204,37.041139],[128.1130202,37.0411399],[128.1130201,37.0411408],[128.11302,37.0411417],[128.1130198,37.0411426],[128.1130197,37.0411435],[128.1130195,37.0411444],[128.1130194,37.0411453],[128.1130193,37.0411462],[128.1130192,37.0411471],[128.113019,37.041148],[128.1130189,37.0411489],[128.1130188,37.0411498],[128.1130187,37.0411507],[128.1130186,37.0411513],[128.1130182,37.0411544],[128.1130181,37.0411553],[128.113018,37.0411562],[128.1130179,37.0411571],[128.1130178,37.041158],[128.1130177,37.0411589],[128.1130176,37.0411598],[128.1130175,37.0411607],[128.1130174,37.0411616],[128.1130173,37.0411624],[128.1130171,37.0411638],[128.1130171,37.0411643],[128.113017,37.0411652],[128.1130169,37.041166],[128.1130168,37.0411669],[128.1130167,37.0411678],[128.1130166,37.0411687],[128.1130166,37.0411696],[128.1130165,37.0411705],[128.1130164,37.0411714],[128.1130163,37.0411723],[128.1130162,37.0411732],[128.1130162,37.0411741],[128.1130161,37.041175],[128.113016,37.0411759],[128.1130159,37.0411768],[128.1130159,37.0411777],[128.1130158,37.0411786],[128.1130157,37.0411795],[128.1130157,37.0411804],[128.1130156,37.0411813],[128.1130155,37.0411822],[128.1130155,37.0411831],[128.1130154,37.041184],[128.1130154,37.0411849],[128.1130153,37.0411858],[128.1130153,37.0411867],[128.1130152,37.0411876],[128.1130151,37.0411885],[128.1130151,37.0411894],[128.113015,37.0411903],[128.113015,37.0411912],[128.113015,37.0411921],[128.1130149,37.041193],[128.1130149,37.0411939],[128.1130148,37.0411948],[128.1130148,37.0411957],[128.1130147,37.0411966],[128.1130147,37.0411975],[128.1130147,37.0411984],[128.1130146,37.0411993],[128.1130146,37.0412002],[128.1130146,37.0412011],[128.1130146,37.041202],[128.1130145,37.0412029],[128.1130145,37.0412038],[128.1130145,37.0412047],[128.1130145,37.0412056],[128.1130144,37.0412065],[128.1130144,37.0412074],[128.1130144,37.0412083],[128.1130144,37.0412092],[128.1130144,37.0412101],[128.1130144,37.041211],[128.1130144,37.0412119],[128.1130143,37.0412128],[128.1130143,37.0412137],[128.1130143,37.0412146],[128.1130143,37.0412155],[128.1130143,37.0412164],[128.1130143,37.0412173],[128.1130143,37.0412182],[128.1130143,37.0412191],[128.1130143,37.04122],[128.1130143,37.041221],[128.1130143,37.0412219],[128.1130143,37.0412228],[128.1130144,37.0412237],[128.1130144,37.0412246],[128.1130144,37.0412255],[128.1130144,37.0412264],[128.1130144,37.0412273],[128.1130144,37.0412282],[128.1130144,37.0412291],[128.1130145,37.04123],[128.1130145,37.0412309],[128.1130145,37.0412318],[128.1130145,37.0412327],[128.1130146,37.0412336],[128.1130146,37.0412345],[128.1130146,37.0412354],[128.1130146,37.0412363],[128.1130147,37.0412372],[128.1130147,37.0412381],[128.1130147,37.041239],[128.1130148,37.0412399],[128.1130148,37.0412408],[128.1130149,37.0412417],[128.1130149,37.0412426],[128.113015,37.0412435],[128.113015,37.0412444],[128.113015,37.0412453],[128.1130151,37.0412462],[128.1130151,37.0412471],[128.1130152,37.041248],[128.1130153,37.0412489],[128.1130153,37.0412498],[128.1130154,37.0412507],[128.1130154,37.0412516],[128.1130155,37.0412525],[128.1130155,37.0412534],[128.1130156,37.0412543],[128.1130157,37.0412552],[128.1130157,37.0412561],[128.1130158,37.041257],[128.1130159,37.0412579],[128.1130159,37.0412588],[128.113016,37.0412597],[128.1130161,37.0412606],[128.1130162,37.0412615],[128.1130162,37.0412624],[128.1130163,37.0412633],[128.1130164,37.0412642],[128.1130165,37.0412651],[128.1130166,37.041266],[128.1130166,37.0412669],[128.1130167,37.0412678],[128.1130168,37.0412687],[128.1130169,37.0412695],[128.113017,37.0412704],[128.1130171,37.0412713],[128.1130172,37.0412722],[128.1130173,37.0412731],[128.1130174,37.041274],[128.1130175,37.0412749],[128.1130176,37.0412758],[128.1130177,37.0412767],[128.1130178,37.0412776],[128.1130179,37.0412785],[128.113018,37.0412794],[128.1130181,37.0412803],[128.1130182,37.0412812],[128.1130183,37.0412821],[128.1130184,37.041283],[128.1130186,37.0412839],[128.1130187,37.0412848],[128.1130188,37.0412857],[128.1130189,37.0412866],[128.113019,37.0412875],[128.1130192,37.0412884],[128.1130193,37.0412893],[128.1130194,37.0412902],[128.1130195,37.0412911],[128.1130197,37.041292],[128.1130198,37.0412929],[128.1130199,37.0412938],[128.1130201,37.0412947],[128.1130202,37.0412955],[128.1130203,37.0412963],[128.1130203,37.0412964],[128.1130205,37.0412973],[128.1130206,37.0412982],[128.1130207,37.0412991],[128.1130209,37.0413],[128.1130376,37.0413161],[128.1130484,37.04134],[128.1130492,37.0413464],[128.1130533,37.0414084],[128.112994,37.0414326],[128.1129985,37.0414397],[128.1130277,37.0414948],[128.1130919,37.0414774],[128.1131106,37.0415104],[128.1131242,37.0415344],[128.1131273,37.0415499],[128.1131559,37.0416889],[128.1131797,37.0417495],[128.1131782,37.0417774],[128.1131774,37.0417925],[128.1131877,37.0418274],[128.1131838,37.0419172],[128.1131705,37.0420344],[128.1131876,37.0421411],[128.1131749,37.0421978],[128.1131858,37.0422443],[128.113179,37.0423292],[128.1131592,37.0425645],[128.113159,37.0425669],[128.1131624,37.0425725],[128.1131636,37.0425816],[128.1131718,37.0425945],[128.1131793,37.0426663],[128.1131861,37.0426965],[128.1131996,37.0427564],[128.1132045,37.0427711],[128.1132286,37.0428145],[128.1132391,37.0428376],[128.1132749,37.0428883],[128.1133004,37.0429293],[128.1133029,37.0429333],[128.1133157,37.0429797],[128.1133433,37.0430333],[128.1133909,37.0430995],[128.113554,37.0433551],[128.1135822,37.0433991],[128.1135854,37.0434071],[128.1136031,37.0434517],[128.1136399,37.0435213],[128.1136536,37.0435471],[128.1137367,37.043704],[128.1138691,37.0438737],[128.113914,37.0439364],[128.1139191,37.0439436],[128.1139872,37.0440091],[128.1140106,37.044029],[128.1140419,37.0440558],[128.1140726,37.0441206],[128.1140691,37.0442216],[128.114125,37.0443314],[128.1141563,37.0443868],[128.1141751,37.0444257],[128.1141944,37.0444878],[128.1142309,37.0445607],[128.1142222,37.0445789],[128.1142438,37.0446329],[128.1142676,37.0446792],[128.1144011,37.0448603],[128.1145973,37.044959],[128.1147331,37.0450114],[128.1147556,37.0450117],[128.1147848,37.045012],[128.1148459,37.0450126],[128.1149179,37.0450155],[128.1149648,37.0450095],[128.1149699,37.0450107],[128.1150532,37.0450307],[128.1150793,37.0450314],[128.1151467,37.0450006],[128.1152239,37.0449578],[128.1152245,37.0449574],[128.1152694,37.0449281],[128.1153004,37.0448992],[128.1153285,37.0448631],[128.1153366,37.0448505],[128.115378,37.0447861],[128.1154265,37.0447191],[128.1154554,37.044686],[128.115487,37.0446624],[128.1155555,37.0446268],[128.1155704,37.0446181],[128.1156363,37.0445852],[128.1157182,37.0445557],[128.1157863,37.0445372],[128.1158672,37.0445189],[128.1158736,37.0445165],[128.115894,37.0445324],[128.1159768,37.0445128],[128.116082,37.0445055],[128.1160975,37.0445182],[128.1161614,37.0445709],[128.1162072,37.0446702],[128.1162429,37.0447575],[128.1164783,37.0453332],[128.1164925,37.0454856],[128.1165357,37.0455806],[128.1166048,37.0456711],[128.1166184,37.0456863],[128.1166364,37.0457327],[128.116684,37.0458308],[128.1167218,37.0458881],[128.1167898,37.045983],[128.1168443,37.0460457],[128.1168497,37.0460546],[128.1168539,37.0460699],[128.1168584,37.0460748],[128.1168671,37.0460826],[128.1169972,37.0462129],[128.1169997,37.0462156],[128.1170954,37.0463181],[128.1171886,37.0464209],[128.1172641,37.0464939],[128.1173418,37.046569],[128.1174277,37.0466525],[128.117514,37.046758],[128.1175571,37.0467944],[128.1176017,37.046855],[128.1176303,37.0468938],[128.1176639,37.0469383],[128.1177,37.0469861],[128.1177087,37.0470003],[128.1177098,37.0470021],[128.1178057,37.0471594],[128.1178616,37.0472151],[128.1179231,37.0472517],[128.118037,37.0473077],[128.118113,37.0473637],[128.1181816,37.0474362],[128.1181839,37.0474725],[128.1182807,37.0475751],[128.1182846,37.0475776],[128.1183528,37.0476474],[128.1184188,37.0476896],[128.1184192,37.0476898],[128.1184202,37.0476903],[128.1184211,37.0476907],[128.1184221,37.0476912],[128.1184231,37.0476917],[128.118424,37.0476922],[128.118425,37.0476926],[128.1184259,37.0476931],[128.1184269,37.0476936],[128.1184278,37.0476941],[128.1184288,37.0476945],[128.1184298,37.047695],[128.1184307,37.0476955],[128.1184317,37.0476959],[128.1184326,37.0476964],[128.1184336,37.0476969],[128.1184346,37.0476973],[128.1184355,37.0476978],[128.1184365,37.0476983],[128.1184374,37.0476987],[128.1184384,37.0476992],[128.1184394,37.0476997],[128.1184403,37.0477001],[128.1184413,37.0477006],[128.1184423,37.047701],[128.1184433,37.0477015],[128.1184442,37.047702],[128.1184452,37.0477024],[128.1184461,37.0477029],[128.1184471,37.0477033],[128.1184481,37.0477038],[128.1184491,37.0477042],[128.11845,37.0477047],[128.118451,37.0477051],[128.118452,37.0477056],[128.1184529,37.047706],[128.1184539,37.0477065],[128.1184549,37.0477069],[128.1184559,37.0477074],[128.1184568,37.0477078],[128.1184578,37.0477083],[128.1184588,37.0477087],[128.1184598,37.0477092],[128.1184607,37.0477096],[128.1184617,37.0477101],[128.1184627,37.0477105],[128.1184637,37.0477109],[128.1184647,37.0477114],[128.1184656,37.0477118],[128.1184666,37.0477123],[128.1184676,37.0477127],[128.1184686,37.0477131],[128.1184696,37.0477136],[128.1184706,37.047714],[128.1184715,37.0477145],[128.1184725,37.0477149],[128.1184735,37.0477153],[128.1184745,37.0477158],[128.1184755,37.0477162],[128.1184765,37.0477166],[128.1184775,37.0477171],[128.1184785,37.0477175],[128.1184794,37.0477179],[128.1184804,37.0477183],[128.1184814,37.0477188],[128.1184824,37.0477192],[128.1184834,37.0477196],[128.1184844,37.0477201],[128.1184854,37.0477205],[128.1184864,37.0477209],[128.1184874,37.0477213],[128.1184884,37.0477217],[128.1184893,37.0477222],[128.1184903,37.0477226],[128.1184913,37.047723],[128.1184923,37.0477234],[128.1184933,37.0477238],[128.1184943,37.0477243],[128.1184953,37.0477247],[128.1184963,37.0477251],[128.1184973,37.0477255],[128.1184983,37.0477259],[128.1184993,37.0477263],[128.1185003,37.0477268],[128.1185013,37.0477272],[128.1185023,37.0477276],[128.1185033,37.047728],[128.1185043,37.0477284],[128.1185053,37.0477288],[128.1185063,37.0477292],[128.1185073,37.0477296],[128.1185083,37.04773],[128.1185093,37.0477304],[128.1185103,37.0477308],[128.1185107,37.047731],[128.1185113,37.0477312],[128.1185123,37.0477316],[128.1185133,37.047732],[128.1185144,37.0477324],[128.1185154,37.0477329],[128.1185164,37.0477332],[128.1185174,37.0477336],[128.1185184,37.047734],[128.1185194,37.0477344],[128.1185204,37.0477348],[128.1185214,37.0477352],[128.1185224,37.0477356],[128.1185234,37.047736],[128.1185244,37.0477364],[128.1185255,37.0477368],[128.1185265,37.0477372],[128.1185275,37.0477376],[128.1185285,37.047738],[128.1185295,37.0477384],[128.1185305,37.0477388],[128.1185315,37.0477391],[128.1185326,37.0477395],[128.1185336,37.0477399],[128.1185346,37.0477403],[128.1185356,37.0477407],[128.1185366,37.0477411],[128.1185376,37.0477414],[128.1185387,37.0477418],[128.1185397,37.0477422],[128.1185407,37.0477426],[128.1185417,37.047743],[128.1185427,37.0477433],[128.1185438,37.0477437],[128.1185448,37.0477441],[128.1185458,37.0477445],[128.1185468,37.0477449],[128.1185478,37.0477452],[128.1185489,37.0477456],[128.1185499,37.047746],[128.1185509,37.0477463],[128.1185519,37.0477467],[128.118553,37.0477471],[128.118554,37.0477474],[128.118555,37.0477478],[128.118556,37.0477482],[128.1185571,37.0477486],[128.1185581,37.0477489],[128.1185591,37.0477493],[128.1185602,37.0477496],[128.1185612,37.04775],[128.1185622,37.0477504],[128.1185632,37.0477507],[128.1185643,37.0477511],[128.1185653,37.0477515],[128.1185658,37.0477516],[128.1185668,37.0477519],[128.1185679,37.0477522],[128.1185689,37.0477525],[128.11857,37.0477528],[128.1185711,37.0477531],[128.1185721,37.0477534],[128.1185732,37.0477537],[128.1185743,37.047754],[128.1185753,37.0477542],[128.1185764,37.0477545],[128.1185775,37.0477548],[128.1185785,37.047755],[128.1185796,37.0477553],[128.1185807,37.0477556],[128.1185818,37.0477558],[128.1185829,37.0477561],[128.1185839,37.0477563],[128.118585,37.0477566],[128.1185861,37.0477568],[128.1185872,37.047757],[128.1185883,37.0477573],[128.1185894,37.0477575],[128.1185904,37.0477577],[128.1185915,37.0477579],[128.1185926,37.0477581],[128.1185937,37.0477584],[128.1185948,37.0477586],[128.1185959,37.0477588],[128.118597,37.047759],[128.1185981,37.0477592],[128.1185992,37.0477593],[128.1186003,37.0477595],[128.1186014,37.0477597],[128.1186025,37.0477599],[128.1186036,37.0477601],[128.1186047,37.0477602],[128.1186058,37.0477604],[128.1186069,37.0477606],[128.118608,37.0477607],[128.1186091,37.0477609],[128.1186102,37.047761],[128.1186114,37.0477612],[128.1186125,37.0477613],[128.1186136,37.0477615],[128.1186147,37.0477616],[128.1186158,37.0477617],[128.1186169,37.0477618],[128.118618,37.047762],[128.1186191,37.0477621],[128.1186203,37.0477622],[128.1186214,37.0477623],[128.1186225,37.0477624],[128.1186236,37.0477625],[128.1186247,37.0477626],[128.1186258,37.0477627],[128.118627,37.0477628],[128.1186281,37.0477629],[128.1186292,37.047763],[128.1186303,37.047763],[128.1188282,37.0477562],[128.1189689,37.0477502],[128.1189695,37.0477501],[128.1189706,37.0477499],[128.1189717,37.0477497],[128.1189728,37.0477495],[128.1189739,37.0477493],[128.118975,37.0477491],[128.1189761,37.0477489],[128.1189772,37.0477487],[128.1189783,37.0477485],[128.1189794,37.0477483],[128.1189805,37.0477482],[128.1189816,37.047748],[128.1189827,37.0477478],[128.1189838,37.0477476],[128.1189849,37.0477474],[128.118986,37.0477472],[128.1189871,37.047747],[128.1189882,37.0477468],[128.1189893,37.0477466],[128.1189904,37.0477464],[128.1189915,37.0477462],[128.1189926,37.047746],[128.1189937,37.0477458],[128.1189948,37.0477456],[128.1189958,37.0477454],[128.1189969,37.0477452],[128.118998,37.047745],[128.1189991,37.0477448],[128.1190002,37.0477446],[128.1190013,37.0477444],[128.1190024,37.0477442],[128.1190035,37.047744],[128.1190046,37.0477438],[128.1190057,37.0477436],[128.1190068,37.0477434],[128.1190079,37.0477432],[128.119009,37.047743],[128.1190101,37.0477428],[128.1190112,37.0477426],[128.1190123,37.0477424],[128.1190134,37.0477422],[128.1190145,37.047742],[128.1190156,37.0477418],[128.1190167,37.0477416],[128.1190178,37.0477414],[128.1190189,37.0477412],[128.11902,37.047741],[128.119021,37.0477408],[128.1190221,37.0477406],[128.1190232,37.0477404],[128.1190243,37.0477402],[128.1190254,37.04774],[128.1190265,37.0477398],[128.1190276,37.0477396],[128.1190287,37.0477393],[128.1190298,37.0477391],[128.1190309,37.0477389],[128.119032,37.0477387],[128.1190331,37.0477385],[128.1190342,37.0477383],[128.1190353,37.0477381],[128.1190364,37.0477379],[128.1190375,37.0477377],[128.1190385,37.0477375],[128.1190396,37.0477372],[128.1190407,37.047737],[128.1190418,37.0477368],[128.1190429,37.0477366],[128.119044,37.0477364],[128.1190451,37.0477362],[128.1190462,37.047736],[128.1190473,37.0477358],[128.1190484,37.0477355],[128.1190495,37.0477353],[128.1190506,37.0477351],[128.1190516,37.0477349],[128.1190527,37.0477347],[128.1190538,37.0477345],[128.1190549,37.0477343],[128.119056,37.047734],[128.1190571,37.0477338],[128.1190582,37.0477336],[128.1190593,37.0477334],[128.1190604,37.0477332],[128.1190615,37.0477329],[128.1190626,37.0477327],[128.1190636,37.0477325],[128.1190647,37.0477323],[128.1190658,37.0477321],[128.1190669,37.0477318],[128.119068,37.0477316],[128.1190691,37.0477314],[128.1190702,37.0477312],[128.1190713,37.047731],[128.1190724,37.0477307],[128.1190734,37.0477305],[128.1190745,37.0477303],[128.1190756,37.0477301],[128.1190767,37.0477298],[128.1190778,37.0477296],[128.1190789,37.0477294],[128.11908,37.0477292],[128.1190811,37.0477289],[128.1190822,37.0477287],[128.1190833,37.0477285],[128.1190843,37.0477283],[128.1190854,37.047728],[128.1190865,37.0477278],[128.1190876,37.0477276],[128.1190887,37.0477273],[128.1190898,37.0477271],[128.1190909,37.0477269],[128.119092,37.0477267],[128.119093,37.0477264],[128.1190941,37.0477262],[128.1190952,37.047726],[128.1190963,37.0477257],[128.1190974,37.0477255],[128.1190985,37.0477253],[128.1190996,37.0477251],[128.1191006,37.0477248],[128.1191017,37.0477246],[128.1191028,37.0477244],[128.1191039,37.0477241],[128.119105,37.0477239],[128.1191061,37.0477237],[128.1191072,37.0477234],[128.1191082,37.0477232],[128.1191093,37.047723],[128.1191104,37.0477227],[128.1191115,37.0477225],[128.1191126,37.0477222],[128.1191137,37.047722],[128.1191147,37.0477218],[128.1191158,37.0477215],[128.1191169,37.0477213],[128.119118,37.0477211],[128.1191191,37.0477208],[128.1191202,37.0477206],[128.1191213,37.0477203],[128.1191223,37.0477201],[128.1191234,37.0477199],[128.1191245,37.0477196],[128.1191256,37.0477194],[128.1191267,37.0477192],[128.1191278,37.0477189],[128.1191288,37.0477187],[128.1191299,37.0477184],[128.119131,37.0477182],[128.1191321,37.0477179],[128.1191332,37.0477177],[128.1191343,37.0477175],[128.1191353,37.0477172],[128.1191364,37.047717],[128.1191375,37.0477167],[128.1191386,37.0477165],[128.1191397,37.0477162],[128.1191407,37.047716],[128.1191418,37.0477157],[128.1191429,37.0477155],[128.119144,37.0477153],[128.1191451,37.047715],[128.1191462,37.0477148],[128.1191472,37.0477145],[128.1191483,37.0477143],[128.1191494,37.047714],[128.1191505,37.0477138],[128.1191516,37.0477135],[128.1191526,37.0477133],[128.1191537,37.047713],[128.1191548,37.0477128],[128.1191559,37.0477125],[128.119157,37.0477123],[128.119158,37.047712],[128.1191591,37.0477118],[128.1191602,37.0477115],[128.1191613,37.0477113],[128.1191624,37.047711],[128.1191634,37.0477108],[128.1191645,37.0477105],[128.1191656,37.0477103],[128.1191667,37.04771],[128.1191677,37.0477097],[128.1191688,37.0477095],[128.1191699,37.0477092],[128.119171,37.047709],[128.1191721,37.0477087],[128.1191731,37.0477085],[128.1191742,37.0477082],[128.1191753,37.047708],[128.1191764,37.0477077],[128.1191774,37.0477074],[128.1191785,37.0477072],[128.1191796,37.0477069],[128.1191807,37.0477067],[128.1191818,37.0477064],[128.1191828,37.0477062],[128.1191839,37.0477059],[128.119185,37.0477056],[128.1191861,37.0477054],[128.1191871,37.0477051],[128.1191882,37.0477049],[128.1191893,37.0477046],[128.1191904,37.0477043],[128.1191914,37.0477041],[128.1191925,37.0477038],[128.1191936,37.0477035],[128.1191947,37.0477033],[128.1191957,37.047703],[128.1191968,37.0477027],[128.1191979,37.0477025],[128.119199,37.0477022],[128.1192,37.047702],[128.1192011,37.0477017],[128.1192022,37.0477014],[128.1192033,37.0477012],[128.1192043,37.0477009],[128.1192054,37.0477006],[128.1192065,37.0477004],[128.1192075,37.0477001],[128.1192086,37.0476998],[128.1192097,37.0476996],[128.1192108,37.0476993],[128.1192118,37.047699],[128.1192129,37.0476987],[128.119214,37.0476985],[128.1192151,37.0476982],[128.1192161,37.0476979],[128.1192172,37.0476977],[128.1192183,37.0476974],[128.1192194,37.0476971],[128.1192204,37.0476969],[128.1192215,37.0476966],[128.1192226,37.0476963],[128.1192236,37.047696],[128.1192247,37.0476958],[128.1192258,37.0476955],[128.1192268,37.0476952],[128.1192279,37.0476949],[128.119229,37.0476947],[128.1192301,37.0476944],[128.1192311,37.0476941],[128.1192322,37.0476938],[128.1192333,37.0476936],[128.1192343,37.0476933],[128.1192354,37.047693],[128.1192365,37.0476927],[128.1192375,37.0476925],[128.1192386,37.0476922],[128.1192397,37.0476919],[128.1192408,37.0476916],[128.1192418,37.0476913],[128.1192429,37.0476911],[128.119244,37.0476908],[128.119245,37.0476905],[128.1192461,37.0476902],[128.1192472,37.0476899],[128.1195178,37.0476374],[128.1198382,37.0476329],[128.1199347,37.0476211],[128.1199605,37.0476153],[128.1200226,37.0475941],[128.1200945,37.0475695],[128.1202062,37.0474955],[128.1202509,37.0474594],[128.1203046,37.047416],[128.1203491,37.0473801],[128.1204738,37.0472965],[128.1205519,37.047284],[128.1207068,37.047162],[128.120884,37.0470223],[128.12094,37.0469418],[128.1210292,37.0468092],[128.1210524,37.0467749],[128.1210806,37.0466996],[128.1210851,37.0466855],[128.121101,37.0466349],[128.1211032,37.0465978],[128.1210818,37.0465688],[128.1210681,37.0465369],[128.1210607,37.0464827],[128.1210545,37.0464367],[128.121022,37.0462977],[128.121019,37.0462631],[128.1209989,37.0461381],[128.121007,37.0461123],[128.1210304,37.0460369],[128.1210635,37.0459377],[128.1211891,37.0458239],[128.1212175,37.0458126],[128.1212418,37.045803],[128.1214952,37.045762],[128.1215416,37.0457757],[128.1215636,37.0457821],[128.1216465,37.0458038],[128.1217585,37.0458056],[128.1217888,37.0458061],[128.1218551,37.0458291],[128.121867,37.0458379],[128.1219473,37.0458972],[128.1219805,37.0459017],[128.1220276,37.045927],[128.1220629,37.0459923],[128.1221194,37.0460537],[128.1222575,37.0461153],[128.1223437,37.0461838],[128.1224293,37.0462415],[128.1224727,37.0463277],[128.1226564,37.0465234],[128.1226823,37.0466107],[128.1226849,37.0467076],[128.1226794,37.0467651],[128.1226627,37.0470363],[128.122612,37.0471225],[128.1225271,37.0472836],[128.1225106,37.0473587],[128.1225131,37.0474816],[128.1225326,37.0475998],[128.1225695,37.0476603],[128.1226069,37.0477228],[128.1226274,37.0477849],[128.1226742,37.0478498],[128.122709,37.0478768],[128.1227895,37.0479393],[128.1228916,37.0479786],[128.1229736,37.0480102],[128.1230429,37.0480485],[128.1231241,37.0481289],[128.123129,37.0481323],[128.1231848,37.0481701],[128.1232869,37.0482513],[128.1233932,37.0483366],[128.1234156,37.0483496],[128.1234927,37.0484605],[128.1235151,37.0484755],[128.1235849,37.0485031],[128.1236946,37.0485349],[128.1238597,37.0485522],[128.1239016,37.0485445],[128.1239604,37.0485436],[128.1243738,37.0486255],[128.1243784,37.0486271],[128.1243825,37.0486286],[128.1243866,37.0486301],[128.1243907,37.0486316],[128.1243948,37.0486331],[128.1243989,37.0486346],[128.1244029,37.0486361],[128.124407,37.0486377],[128.124411,37.0486392],[128.1244151,37.0486408],[128.1244191,37.0486424],[128.1244232,37.048644],[128.1244272,37.0486456],[128.1244312,37.0486472],[128.1244352,37.0486488],[128.1244392,37.0486505],[128.1244432,37.0486521],[128.1244472,37.0486538],[128.1244512,37.0486555],[128.1244551,37.0486572],[128.1244591,37.0486589],[128.124463,37.0486606],[128.124467,37.0486624],[128.1244709,37.0486641],[128.1244748,37.0486659],[128.1244787,37.0486676],[128.1244827,37.0486694],[128.1244866,37.0486712],[128.1244904,37.048673],[128.1244943,37.0486749],[128.1244982,37.0486767],[128.124502,37.0486785],[128.1245059,37.0486804],[128.1245098,37.0486823],[128.1245136,37.0486841],[128.1245174,37.048686],[128.1245212,37.0486879],[128.124525,37.0486899],[128.1245288,37.0486918],[128.1245326,37.0486937],[128.1245364,37.0486957],[128.1245402,37.0486977],[128.1245439,37.0486996],[128.1245476,37.0487016],[128.1245974,37.0488001],[128.1246185,37.0489476],[128.1245428,37.0490718],[128.1246179,37.0492917],[128.1246732,37.0494536],[128.1247869,37.0495923],[128.1247892,37.0495942],[128.1249322,37.0496658],[128.1249508,37.0496694],[128.125015,37.0496819],[128.1251377,37.0496898],[128.125207,37.0497037],[128.1252184,37.0497067],[128.1252279,37.0497095],[128.1252373,37.0497124],[128.1252467,37.0497155],[128.1252559,37.0497188],[128.1252651,37.0497222],[128.1252742,37.0497258],[128.1252832,37.0497295],[128.125292,37.0497334],[128.1253008,37.0497374],[128.1253095,37.0497417],[128.125318,37.049746],[128.1253264,37.0497505],[128.1253347,37.0497552],[128.1253428,37.04976],[128.1253509,37.0497649],[128.1253587,37.04977],[128.1253665,37.0497752],[128.1253741,37.0497806],[128.1253815,37.0497861],[128.1253888,37.0497917],[128.1253959,37.0497975],[128.1254029,37.0498033],[128.1254097,37.0498093],[128.1254163,37.0498155],[128.1254228,37.0498217],[128.1254291,37.049828],[128.1254352,37.0498345],[128.1254412,37.0498411],[128.1254469,37.0498477],[128.1254525,37.0498545],[128.1254579,37.0498614],[128.1254631,37.0498683],[128.1254681,37.0498754],[128.1254729,37.0498825],[128.1254756,37.0498868],[128.1254775,37.0498897],[128.125482,37.0498972],[128.1255531,37.0499775],[128.1256672,37.0501253],[128.1257247,37.0501674],[128.1257552,37.050215],[128.1257433,37.0502257],[128.1259339,37.0503419],[128.1260265,37.0504033],[128.1260498,37.0504257],[128.1260621,37.0504281],[128.126114,37.0504495],[128.1261238,37.0504562],[128.1262111,37.050515],[128.1262673,37.0505421],[128.1263336,37.0505686],[128.1265374,37.0505896],[128.1265756,37.0505969],[128.126613,37.050604],[128.1266651,37.0506356],[128.1266652,37.0506357],[128.126776,37.0507058],[128.1267801,37.0507084],[128.1267834,37.0507186],[128.1267857,37.0507265],[128.1267878,37.0507344],[128.1267897,37.0507424],[128.1267915,37.0507504],[128.126793,37.0507584],[128.1267942,37.0507664],[128.1267953,37.0507745],[128.1267962,37.0507826],[128.1267969,37.0507907],[128.1267973,37.0507988],[128.1267976,37.0508069],[128.1267976,37.050815],[128.1267975,37.0508231],[128.1267971,37.0508312],[128.1267965,37.0508393],[128.1267957,37.0508474],[128.1267947,37.0508555],[128.1267935,37.0508635],[128.1267921,37.0508715],[128.1267905,37.0508795],[128.1267887,37.0508875],[128.1267866,37.0508955],[128.1267844,37.0509034],[128.126782,37.0509112],[128.1267793,37.0509191],[128.1267765,37.0509269],[128.1267735,37.0509346],[128.1267702,37.0509423],[128.1267668,37.0509499],[128.1267631,37.0509575],[128.126763,37.0509584],[128.1267629,37.0509593],[128.1267629,37.0509602],[128.1267628,37.0509611],[128.1267627,37.050962],[128.1267626,37.0509629],[128.1267625,37.0509637],[128.1267624,37.0509647],[128.1267623,37.0509655],[128.1267623,37.0509664],[128.1267622,37.0509673],[128.1267621,37.0509682],[128.126762,37.0509691],[128.126762,37.05097],[128.1267619,37.0509709],[128.1267618,37.0509718],[128.1267618,37.0509727],[128.1267617,37.0509736],[128.1267616,37.0509745],[128.1267616,37.0509754],[128.1267615,37.0509763],[128.1267615,37.0509772],[128.1267614,37.0509781],[128.1267614,37.050979],[128.1267613,37.0509799],[128.1267613,37.0509808],[128.1267613,37.0509817],[128.1267612,37.0509826],[128.1267612,37.0509835],[128.1267612,37.0509844],[128.1267611,37.0509853],[128.1267611,37.0509862],[128.1267611,37.0509871],[128.1267611,37.050988],[128.126761,37.0509889],[128.126761,37.0509898],[128.126761,37.0509907],[128.126761,37.0509916],[128.126761,37.0509925],[128.126761,37.0509935],[128.126761,37.0509944],[128.1267609,37.0509953],[128.1267609,37.0509962],[128.1267609,37.0509971],[128.1267609,37.050998],[128.1267609,37.0509989],[128.126761,37.0509998],[128.126761,37.0510007],[128.126761,37.0510016],[128.126761,37.0510025],[128.126761,37.0510034],[128.126761,37.0510043],[128.126761,37.0510052],[128.1267611,37.0510061],[128.1267611,37.051007],[128.1267611,37.0510079],[128.1267611,37.0510088],[128.1267612,37.0510097],[128.1267612,37.0510106],[128.1267612,37.0510115],[128.1267613,37.0510124],[128.1267613,37.0510133],[128.1267614,37.0510142],[128.1267614,37.0510151],[128.1267615,37.051016],[128.1267615,37.0510169],[128.1267616,37.0510178],[128.1267616,37.0510187],[128.1267617,37.0510196],[128.1267617,37.0510205],[128.1267618,37.0510214],[128.1267618,37.0510223],[128.1267619,37.0510232],[128.126762,37.0510241],[128.1267621,37.051025],[128.1267621,37.0510259],[128.1267622,37.0510268],[128.1267623,37.0510277],[128.1267624,37.0510286],[128.1267624,37.0510295],[128.1267625,37.0510304],[128.1267626,37.0510313],[128.1267627,37.0510322],[128.1267628,37.0510331],[128.1267629,37.051034],[128.126763,37.0510349],[128.1267631,37.0510358],[128.1267632,37.0510366],[128.1267633,37.0510375],[128.1267634,37.0510384],[128.1267635,37.0510393],[128.1267636,37.0510402],[128.1267637,37.0510411],[128.1267638,37.051042],[128.1267639,37.0510429],[128.1267641,37.0510438],[128.1267642,37.0510447],[128.1267643,37.0510456],[128.1267644,37.0510465],[128.1267645,37.0510474],[128.1267647,37.0510483],[128.1267648,37.0510492],[128.1267649,37.0510501],[128.1267651,37.051051],[128.1267652,37.0510519],[128.1267654,37.0510528],[128.1267655,37.0510537],[128.1267656,37.0510546],[128.1267658,37.0510555],[128.1267659,37.0510563],[128.1267661,37.0510572],[128.1267662,37.0510581],[128.1267664,37.051059],[128.1267666,37.0510599],[128.1267667,37.0510608],[128.1267669,37.0510617],[128.126767,37.0510626],[128.1267672,37.0510635],[128.1267674,37.0510644],[128.1267676,37.0510653],[128.1267677,37.0510662],[128.1267679,37.051067],[128.1267681,37.0510679],[128.1267683,37.0510688],[128.1267685,37.0510697],[128.1267686,37.0510706],[128.1267688,37.0510715],[128.1267689,37.0510718],[128.1267571,37.0511307],[128.1267269,37.0511967],[128.1267106,37.0512596],[128.1267099,37.0512905],[128.1267145,37.051305],[128.1267076,37.0513044],[128.1267075,37.0513048],[128.1267074,37.0513057],[128.1267072,37.0513066],[128.1267071,37.0513075],[128.1267069,37.0513084],[128.1267068,37.0513093],[128.1267067,37.0513101],[128.1267065,37.051311],[128.1267064,37.0513119],[128.1267063,37.0513128],[128.1267062,37.0513137],[128.126706,37.0513146],[128.1267059,37.0513155],[128.1267058,37.0513164],[128.1267057,37.0513173],[128.1267055,37.0513182],[128.1267054,37.0513191],[128.1267053,37.05132],[128.1267052,37.0513209],[128.1267051,37.0513218],[128.1267049,37.0513227],[128.1267048,37.0513236],[128.1267047,37.0513245],[128.1267046,37.0513254],[128.1267045,37.0513263],[128.1267044,37.0513272],[128.1267043,37.0513281],[128.1267042,37.051329],[128.1267041,37.0513299],[128.126704,37.0513308],[128.1267039,37.0513317],[128.1267038,37.0513325],[128.1267037,37.0513334],[128.1267036,37.0513344],[128.1267035,37.0513352],[128.1267034,37.0513361],[128.1267033,37.051337],[128.1267032,37.0513379],[128.1267031,37.0513388],[128.126703,37.0513397],[128.1267029,37.0513406],[128.1267028,37.0513415],[128.1267028,37.0513424],[128.1267027,37.0513433],[128.1267026,37.0513442],[128.1267025,37.0513451],[128.1267024,37.051346],[128.1267024,37.0513469],[128.1267023,37.0513478],[128.1267022,37.0513487],[128.1267021,37.0513496],[128.1267021,37.0513505],[128.126702,37.0513514],[128.1267019,37.0513523],[128.1267018,37.0513532],[128.1267018,37.0513541],[128.1267017,37.051355],[128.1267016,37.0513559],[128.1267016,37.0513568],[128.1267015,37.0513577],[128.1267015,37.0513586],[128.1267014,37.0513595],[128.1267013,37.0513604],[128.1267013,37.0513613],[128.1267012,37.0513622],[128.1267012,37.0513631],[128.1267011,37.051364],[128.1267011,37.0513649],[128.126701,37.0513658],[128.126701,37.0513667],[128.1267009,37.0513676],[128.1267009,37.0513685],[128.1267008,37.0513694],[128.1267008,37.0513703],[128.1267007,37.0513712],[128.1267007,37.0513721],[128.1267007,37.051373],[128.1267006,37.0513739],[128.1267006,37.0513748],[128.1267006,37.0513757],[128.1267005,37.0513766],[128.1267005,37.0513775],[128.1267005,37.0513784],[128.1267004,37.0513793],[128.1267004,37.0513802],[128.1267004,37.0513811],[128.1267003,37.051382],[128.1267003,37.0513829],[128.1267003,37.0513838],[128.1267003,37.0513847],[128.1267003,37.0513856],[128.1267002,37.0513865],[128.1267002,37.0513874],[128.1267002,37.0513883],[128.1267002,37.0513892],[128.1267002,37.0513901],[128.1267002,37.051391],[128.1267002,37.0513919],[128.1267001,37.0513928],[128.1267001,37.0513937],[128.1267001,37.0513946],[128.1267001,37.0513955],[128.1267001,37.0513964],[128.1267001,37.0513973],[128.1267001,37.0513982],[128.1267001,37.0513991],[128.1267001,37.0514],[128.1267001,37.0514009],[128.1267001,37.0514018],[128.1267001,37.0514027],[128.1267001,37.0514036],[128.1267001,37.0514045],[128.1267002,37.0514054],[128.1267002,37.0514063],[128.1267002,37.0514072],[128.1267002,37.0514081],[128.1267002,37.051409],[128.1267002,37.0514099],[128.1267002,37.0514109],[128.1267003,37.0514118],[128.1267003,37.0514127],[128.1267003,37.0514136],[128.1267003,37.0514145],[128.1267003,37.0514154],[128.1267004,37.0514163],[128.1267004,37.0514172],[128.1267004,37.0514181],[128.1267005,37.051419],[128.1267005,37.0514199],[128.1267005,37.0514208],[128.1267006,37.0514217],[128.1267006,37.0514226],[128.1267006,37.0514235],[128.1267007,37.0514244],[128.1267007,37.0514253],[128.1267007,37.0514262],[128.1267008,37.0514271],[128.1267008,37.051428],[128.1267009,37.0514289],[128.1267009,37.0514298],[128.126701,37.0514307],[128.126701,37.0514316],[128.1267011,37.0514325],[128.1267011,37.0514334],[128.1267012,37.0514343],[128.1267012,37.0514352],[128.1267013,37.0514361],[128.1267013,37.051437],[128.1267014,37.0514379],[128.1267015,37.0514388],[128.1267015,37.0514397],[128.1267016,37.0514406],[128.1267017,37.0514415],[128.1267017,37.0514424],[128.1267018,37.0514433],[128.1267019,37.0514442],[128.1267019,37.0514451],[128.126702,37.051446],[128.1267021,37.0514469],[128.1267021,37.0514478],[128.1267022,37.0514487],[128.1267023,37.0514496],[128.1267024,37.0514504],[128.1267024,37.0514514],[128.1267025,37.0514523],[128.1267026,37.0514531],[128.1267027,37.051454],[128.1267028,37.0514549],[128.1267029,37.0514558],[128.1267029,37.0514567],[128.126703,37.0514568],[128.126703,37.0514576],[128.1267031,37.0514585],[128.1267032,37.0514594],[128.1267033,37.0514603],[128.1267034,37.0514612],[128.1267035,37.0514621],[128.1267036,37.051463],[128.1267037,37.0514639],[128.1267038,37.0514648],[128.1267175,37.0515],[128.1268098,37.0515992],[128.1268992,37.0516946],[128.1269992,37.0517676],[128.1270061,37.0517719],[128.127082,37.0517805],[128.127152,37.0517986],[128.1271907,37.0518086],[128.1272565,37.0518256],[128.1273067,37.0518357],[128.127333,37.0518411],[128.1274224,37.0518597],[128.1274617,37.0518689],[128.1274673,37.0518698],[128.1275886,37.0518895],[128.1276812,37.0519139],[128.1277766,37.0519288],[128.127864,37.051942],[128.1279801,37.0519642],[128.1281142,37.0519839],[128.1281938,37.0519868],[128.1282373,37.0519945],[128.1282864,37.0520032],[128.1283356,37.0520105],[128.1283989,37.0520052],[128.1284392,37.0520012],[128.1284615,37.051999],[128.1284825,37.0519969],[128.1285217,37.0519886],[128.1285459,37.0519898],[128.12856,37.0519904],[128.1287178,37.0519985],[128.1287969,37.052002],[128.1288055,37.0519998],[128.1288159,37.0520022],[128.1288303,37.052003],[128.1289033,37.0520074],[128.1289357,37.0520094],[128.1289424,37.0520076],[128.128953,37.0520046],[128.1289636,37.0520015],[128.1289741,37.0519984],[128.1289846,37.0519951],[128.1289951,37.0519919],[128.1290055,37.0519885],[128.1290159,37.051985],[128.1290263,37.0519815],[128.1290366,37.0519779],[128.1290468,37.0519743],[128.1290571,37.0519705],[128.1290673,37.0519667],[128.1290774,37.0519628],[128.1290875,37.0519589],[128.1290976,37.0519548],[128.1291076,37.0519507],[128.1291175,37.0519466],[128.1291274,37.0519423],[128.1291373,37.051938],[128.1291471,37.0519336],[128.1291569,37.0519292],[128.1291666,37.0519246],[128.1291763,37.05192],[128.1291859,37.0519154],[128.1291955,37.0519106],[128.129205,37.0519058],[128.1292144,37.0519009],[128.1292238,37.051896],[128.1292332,37.051891],[128.1292425,37.0518859],[128.1292517,37.0518808],[128.1292609,37.0518756],[128.12927,37.0518703],[128.1292746,37.0518675],[128.129224,37.051881],[128.1291717,37.051897],[128.129119,37.0519029],[128.1291359,37.0518932],[128.1292512,37.0518285],[128.1293284,37.0517912],[128.1293487,37.0517781],[128.1294151,37.0517352],[128.1294212,37.0517315],[128.1295554,37.0517405],[128.1296582,37.0518067],[128.1297348,37.051856],[128.1298839,37.0519474],[128.1300136,37.0520434],[128.1301138,37.0521327],[128.1301603,37.0521875],[128.1302266,37.0522556],[128.1302984,37.0523293],[128.1303252,37.0523643],[128.1303615,37.0524114],[128.1303812,37.0524276],[128.1304228,37.0524728],[128.1304667,37.0525218],[128.1305108,37.0525774],[128.1305422,37.0526026],[128.1306405,37.0526691],[128.1307144,37.052719],[128.1307222,37.0527267],[128.1307435,37.0527478],[128.1307734,37.0527495],[128.1307787,37.0527498],[128.1308429,37.0527534],[128.1308807,37.0527574],[128.1309398,37.0527678],[128.1309715,37.052776],[128.1310247,37.0528063],[128.131043,37.0527954],[128.1311203,37.0528526],[128.1312574,37.0528905],[128.1314588,37.0529647],[128.131474,37.0529703],[128.1315902,37.0530301],[128.1317627,37.0530791],[128.1318025,37.0530904],[128.1318027,37.0530905],[128.1319614,37.0531516],[128.1320079,37.0531868],[128.1320193,37.0531955],[128.1320451,37.0532051],[128.132095,37.0532237],[128.1322127,37.0532674],[128.1323297,37.0533093],[128.1323314,37.0533102],[128.1324562,37.0533752],[128.1325206,37.0533998],[128.1326201,37.0534212],[128.1327,37.0534072],[128.1328085,37.053384],[128.1328655,37.0533647],[128.132882,37.053359],[128.1329024,37.0533488],[128.1329503,37.0533541],[128.13297,37.0533562],[128.1330055,37.0533199],[128.1330344,37.0532992],[128.1330494,37.0532895],[128.1330726,37.0532768],[128.1330921,37.0532667],[128.1331089,37.0532586],[128.1331326,37.0532486],[128.1331563,37.0532399],[128.1331914,37.0532281],[128.1332378,37.0532141],[128.1333138,37.0531946],[128.1333497,37.0531857],[128.1333823,37.0531786],[128.133412,37.0531745],[128.1334408,37.0531713],[128.1334702,37.053171],[128.1335028,37.0531708],[128.1335419,37.0531746],[128.1335729,37.0531804],[128.133603,37.0531875],[128.1336035,37.0531877],[128.1336247,37.0531934],[128.133651,37.0532012],[128.1336744,37.0532089],[128.1337028,37.0532183],[128.133723,37.0532268],[128.1338173,37.0532856],[128.133962,37.0534096],[128.1339695,37.0534138],[128.1339786,37.053419],[128.1339877,37.0534243],[128.1339968,37.0534297],[128.1340057,37.0534351],[128.1343714,37.0536648],[128.1344527,37.053723],[128.1345825,37.0537872],[128.1348142,37.0539071],[128.1348568,37.0539409],[128.1348602,37.0539446],[128.1348664,37.0539511],[128.1348801,37.0539689],[128.1349216,37.0540349],[128.1349198,37.0540604],[128.1349733,37.0541311],[128.135037,37.0542539],[128.1350373,37.0542644],[128.1350378,37.0542712],[128.1350398,37.054309],[128.1350356,37.0543138],[128.1350143,37.0543462],[128.135011,37.0543512],[128.1350457,37.0543945],[128.1351719,37.0545143],[128.1352132,37.0545937],[128.1352068,37.0546281],[128.1352258,37.0546647],[128.1352595,37.0547296],[128.1353343,37.0547796],[128.1353728,37.0548132],[128.1355069,37.0549777],[128.1355776,37.0550768],[128.135592,37.0551865],[128.1356921,37.0553349],[128.1356983,37.0553403],[128.1357738,37.0554056],[128.1358925,37.0554368],[128.1358993,37.0554442],[128.1359178,37.055475],[128.1359489,37.0555268],[128.1359829,37.0555791],[128.1360043,37.0556048],[128.1360307,37.0556651],[128.1360575,37.0557166],[128.1360899,37.0557585],[128.1361003,37.0557672],[128.1361015,37.0557682],[128.1361194,37.0557853],[128.1361213,37.0557864],[128.1361239,37.0557879],[128.1361354,37.0558016],[128.1361689,37.0558747],[128.1361461,37.0560494],[128.1361692,37.0562136],[128.1361893,37.0562731],[128.1362002,37.0563953],[128.1362073,37.056452],[128.1361833,37.0566167],[128.1361784,37.0566501],[128.1361808,37.0567595],[128.1362107,37.0568522],[128.1362539,37.0569181],[128.1363852,37.0569794],[128.1364587,37.057089],[128.136459,37.0570919],[128.1364645,37.0571418],[128.1364658,37.0572232],[128.136466,37.057235],[128.1364642,37.0572398],[128.1364716,37.0573073],[128.136473,37.057316],[128.1364747,37.0573157],[128.1364754,37.0573176],[128.1364784,37.0573248],[128.1364906,37.057354],[128.1365063,37.0573827],[128.1365088,37.057403],[128.1366035,37.0575444],[128.1366197,37.057564],[128.136783,37.0576486],[128.136793,37.0576662],[128.1368143,37.0577033],[128.136821,37.057715],[128.136927,37.0577749],[128.1370212,37.0578282],[128.1370308,37.0578523],[128.1370423,37.0578812],[128.1370433,37.0578836],[128.137054,37.0579162],[128.1370581,37.0579284],[128.137066,37.0579524],[128.1370824,37.0580272],[128.1370972,37.0580612],[128.1371023,37.0580891],[128.1370854,37.0580906],[128.1370989,37.0581703],[128.1370971,37.0582068],[128.1370949,37.0582068],[128.1370901,37.0582089],[128.1370911,37.0582475],[128.1370911,37.0582499],[128.1370915,37.0582648],[128.1370882,37.0582746],[128.1370947,37.0583024],[128.1371013,37.0583321],[128.1372225,37.058515],[128.1372868,37.0585743],[128.1373606,37.0586598],[128.1374301,37.0586671],[128.137474,37.0586918],[128.1374996,37.0587104],[128.1375237,37.0587344],[128.1375285,37.0587368],[128.137547,37.058759],[128.1375814,37.0588153],[128.1376035,37.0588569],[128.1376221,37.058894],[128.1376366,37.0589229],[128.1376376,37.058925],[128.1376421,37.0589991],[128.1376473,37.0590138],[128.1376539,37.0590325],[128.1376581,37.0590929],[128.1376479,37.0591741],[128.1376487,37.0591985],[128.1376456,37.0592165],[128.1376389,37.0592546],[128.1375802,37.0593366],[128.1375663,37.0594603],[128.1375591,37.0595044],[128.1375882,37.0596772],[128.1375888,37.0597386],[128.1376311,37.0598889],[128.1375922,37.0599561],[128.1375343,37.0600169],[128.1373728,37.0601347],[128.1372241,37.0602285],[128.1372058,37.0602586],[128.1371727,37.0602841],[128.1371618,37.0602925],[128.1371299,37.0603552],[128.1370853,37.0603843],[128.1370367,37.0604165],[128.1370119,37.0604299],[128.1370089,37.0604315],[128.1369682,37.0604534],[128.1368794,37.0605171],[128.1368492,37.0605439],[128.1367346,37.0606457],[128.1366939,37.0606913],[128.1366706,37.0607126],[128.1366472,37.060728],[128.1365964,37.0607612],[128.1364463,37.0608921],[128.136363,37.0609562],[128.1363535,37.0610258],[128.1363429,37.0610389],[128.1363305,37.0610646],[128.1363295,37.0610677],[128.1363289,37.061068],[128.1362697,37.0610994],[128.1361861,37.0611347],[128.1361371,37.0611633],[128.1360389,37.0612499],[128.1358438,37.0614166],[128.1358284,37.0614798],[128.1357916,37.0615416],[128.135708,37.061615],[128.1356078,37.0617073],[128.1356076,37.0617075],[128.1355975,37.0617168],[128.1354821,37.061823],[128.1354638,37.0618475],[128.1354447,37.061843],[128.135391,37.0618955],[128.1353871,37.0618993],[128.1353866,37.061954],[128.135335,37.062001],[128.1353491,37.0620057],[128.1353384,37.0620453],[128.1353265,37.0621015],[128.1353471,37.062186],[128.1353561,37.0622403],[128.1353714,37.0623324],[128.1353748,37.0623529],[128.1353978,37.0624914],[128.1354327,37.0625025],[128.1354443,37.0625061],[128.1355146,37.0625473],[128.135534,37.0625828],[128.1355411,37.0625958],[128.1355677,37.0626507],[128.1355492,37.0626631],[128.1355907,37.0627472],[128.1355923,37.0627505],[128.1355907,37.0627516],[128.1355908,37.0627598],[128.1355847,37.0628434],[128.1355622,37.0629075],[128.1355714,37.0629696],[128.1354805,37.0631162],[128.13542,37.0631724],[128.1354027,37.0631855],[128.1353935,37.0631941],[128.1353435,37.0632368],[128.1353431,37.0632372],[128.1353289,37.0632606],[128.1353214,37.0632735],[128.1352926,37.0633626],[128.1352919,37.063385],[128.1352815,37.0634045],[128.1352714,37.0634234],[128.1352557,37.0634809],[128.1352516,37.0635015],[128.1352419,37.0635504],[128.1352446,37.0636186],[128.1352569,37.0636747],[128.1352535,37.0637131],[128.1352422,37.06377],[128.1352376,37.0638214],[128.1352528,37.0639099],[128.1352588,37.0639372],[128.1352498,37.0639461],[128.1353126,37.0639898],[128.135323,37.0640111],[128.1353701,37.0640375],[128.1353718,37.0640796],[128.1353975,37.0640966],[128.1354104,37.0641139],[128.1354196,37.0641476],[128.1354245,37.0641656],[128.135432,37.0642272],[128.1354241,37.0642505],[128.1354235,37.0642535],[128.1354029,37.064276],[128.1353961,37.0643245],[128.1352438,37.0643753],[128.1351774,37.064405],[128.1351544,37.0644152],[128.135127,37.0644275],[128.1351269,37.0644275],[128.135053,37.0644913],[128.1350105,37.0645254],[128.134907,37.0646085],[128.1349065,37.0646089],[128.1349056,37.0646095],[128.1349047,37.0646101],[128.1349039,37.0646107],[128.134903,37.0646113],[128.1349022,37.0646118],[128.1349014,37.0646125],[128.1349005,37.0646131],[128.1348997,37.0646137],[128.1348989,37.0646143],[128.1348981,37.0646149],[128.1348973,37.0646155],[128.1348965,37.0646162],[128.1348957,37.0646168],[128.1348949,37.0646174],[128.1348941,37.0646181],[128.1348933,37.0646187],[128.1348925,37.0646194],[128.1348917,37.06462],[128.134891,37.0646207],[128.1348902,37.0646214],[128.1348895,37.064622],[128.1348887,37.0646227],[128.134888,37.0646234],[128.1348873,37.0646241],[128.1348865,37.0646248],[128.1348858,37.0646255],[128.1348851,37.0646261],[128.1347402,37.0647684],[128.1347051,37.0648062],[128.1346789,37.0648364],[128.1346782,37.0648372],[128.1346776,37.0648379],[128.134677,37.0648387],[128.1346763,37.0648394],[128.1346757,37.0648402],[128.1346751,37.0648409],[128.1346745,37.0648417],[128.1346739,37.0648424],[128.1346733,37.0648432],[128.1346727,37.0648439],[128.134672,37.0648447],[128.1346715,37.0648455],[128.1346708,37.0648462],[128.1346703,37.064847],[128.1346697,37.0648478],[128.1346691,37.0648485],[128.1346685,37.0648493],[128.1346679,37.0648501],[128.1346674,37.0648509],[128.1346668,37.0648516],[128.1346662,37.0648524],[128.1346657,37.0648532],[128.1346651,37.064854],[128.1346646,37.0648548],[128.134664,37.0648556],[128.1346635,37.0648563],[128.1346629,37.0648571],[128.1346624,37.0648579],[128.1346619,37.0648587],[128.1346614,37.0648595],[128.1346608,37.0648603],[128.1346603,37.0648611],[128.1346598,37.0648619],[128.1346593,37.0648627],[128.1346588,37.0648635],[128.1346583,37.0648643],[128.1346578,37.0648651],[128.1346573,37.0648659],[128.1346568,37.0648668],[128.1346563,37.0648676],[128.1346558,37.0648684],[128.1346553,37.0648692],[128.1346549,37.06487],[128.1346544,37.0648708],[128.1346539,37.0648716],[128.1346535,37.0648725],[128.134653,37.0648733],[128.1346526,37.0648741],[128.1346521,37.0648749],[128.1346517,37.0648758],[128.1346512,37.0648766],[128.1346508,37.0648774],[128.1346503,37.0648783],[128.1346499,37.0648791],[128.1346495,37.0648799],[128.1346491,37.0648808],[128.1346486,37.0648816],[128.1346482,37.0648824],[128.1346478,37.0648833],[128.1346474,37.0648841],[128.134647,37.064885],[128.1346466,37.0648858],[128.1346462,37.0648867],[128.1346459,37.0648875],[128.1346455,37.0648883],[128.1346451,37.0648892],[128.1346447,37.06489],[128.1346443,37.0648909],[128.134644,37.0648917],[128.1346436,37.0648926],[128.1346433,37.0648934],[128.1346429,37.0648943],[128.1346426,37.0648952],[128.1346422,37.064896],[128.1346419,37.0648969],[128.1346415,37.0648977],[128.1346412,37.0648986],[128.1346409,37.0648995],[128.1346406,37.0649003],[128.1346402,37.0649012],[128.1346399,37.064902],[128.1346396,37.0649029],[128.1346393,37.0649038],[128.134639,37.0649047],[128.1346387,37.0649055],[128.1346384,37.0649064],[128.1346381,37.0649073],[128.1346379,37.0649081],[128.1346376,37.064909],[128.1346373,37.0649099],[128.134637,37.0649108],[128.1346368,37.0649116],[128.1346365,37.0649125],[128.1346362,37.0649134],[128.134636,37.0649143],[128.1346357,37.0649151],[128.1346355,37.064916],[128.1346353,37.0649169],[128.134635,37.0649178],[128.1346348,37.0649187],[128.1346346,37.0649196],[128.1346344,37.0649204],[128.1346341,37.0649213],[128.1346339,37.0649222],[128.1346337,37.0649231],[128.1346335,37.064924],[128.1346333,37.0649249],[128.1346331,37.0649257],[128.1346329,37.0649266],[128.1346327,37.0649275],[128.1346326,37.0649284],[128.1346324,37.0649293],[128.1346322,37.0649302],[128.134632,37.0649311],[128.1346319,37.064932],[128.1346317,37.0649327],[128.1346316,37.0649336],[128.1346314,37.0649345],[128.1346313,37.0649354],[128.1346311,37.0649363],[128.134631,37.0649372],[128.1346308,37.0649381],[128.1346307,37.064939],[128.1346305,37.0649398],[128.1346304,37.0649407],[128.1346303,37.0649416],[128.1346301,37.0649425],[128.13463,37.0649434],[128.1346299,37.0649443],[128.1346297,37.0649452],[128.1346296,37.0649461],[128.1346295,37.064947],[128.1346294,37.0649479],[128.1346292,37.0649488],[128.1346291,37.0649497],[128.134629,37.0649506],[128.1346289,37.0649515],[128.1346287,37.0649524],[128.1346286,37.0649533],[128.1346285,37.0649542],[128.1346284,37.0649551],[128.1346283,37.064956],[128.1346282,37.0649569],[128.1346281,37.0649578],[128.134628,37.0649587],[128.1346279,37.0649596],[128.1346278,37.0649605],[128.1346277,37.0649614],[128.1346276,37.0649623],[128.1346275,37.0649632],[128.1346274,37.0649641],[128.1346274,37.0649649],[128.1346273,37.0649658],[128.1346272,37.0649667],[128.1346271,37.0649676],[128.134627,37.0649685],[128.134627,37.0649694],[128.1346269,37.0649703],[128.1346268,37.0649712],[128.1346267,37.0649721],[128.1346267,37.064973],[128.1346266,37.0649739],[128.1346266,37.0649748],[128.1346265,37.0649757],[128.1346264,37.0649766],[128.1346264,37.0649775],[128.1346263,37.0649784],[128.1346263,37.0649793],[128.1346262,37.0649802],[128.1346262,37.0649811],[128.1346261,37.064982],[128.1346261,37.0649829],[128.134626,37.0649838],[128.134626,37.0649847],[128.134626,37.0649856],[128.1346259,37.0649865],[128.1346259,37.0649874],[128.1346258,37.0649883],[128.1346258,37.0649892],[128.1346258,37.0649901],[128.1346258,37.064991],[128.1346257,37.0649919],[128.1346257,37.0649928],[128.1346257,37.0649938],[128.1346257,37.0649947],[128.1346257,37.0649956],[128.1346256,37.0649965],[128.1346256,37.0649974],[128.1346256,37.0649983],[128.1346256,37.0649992],[128.1346256,37.0650001],[128.1346256,37.065001],[128.1346256,37.0650019],[128.1346256,37.0650028],[128.1346256,37.0650037],[128.1346256,37.0650046],[128.1346256,37.0650055],[128.1346256,37.0650064],[128.1346256,37.0650073],[128.1346256,37.0650082],[128.1346257,37.0650091],[128.1346257,37.06501],[128.1346257,37.0650109],[128.1346257,37.0650118],[128.1346257,37.0650127],[128.1346257,37.0650136],[128.1346258,37.0650145],[128.1346258,37.0650154],[128.1346258,37.0650163],[128.1346259,37.0650172],[128.1346259,37.0650181],[128.1346259,37.065019],[128.134626,37.0650199],[128.134626,37.0650208],[128.1346261,37.0650217],[128.1346261,37.0650226],[128.1346262,37.0650235],[128.1346262,37.0650244],[128.1346263,37.0650253],[128.1346263,37.0650262],[128.1346264,37.0650271],[128.1346264,37.065028],[128.1346265,37.0650289],[128.1346265,37.0650298],[128.1346266,37.0650307],[128.1346267,37.0650316],[128.1346267,37.0650325],[128.1346268,37.0650334],[128.1346269,37.0650343],[128.1346269,37.0650352],[128.134627,37.0650361],[128.1346271,37.065037],[128.1346272,37.0650379],[128.1346272,37.0650388],[128.1346273,37.0650397],[128.1346274,37.0650406],[128.1346275,37.0650415],[128.1346276,37.0650424],[128.1346277,37.0650433],[128.1346278,37.0650442],[128.1346279,37.0650451],[128.134628,37.065046],[128.1346281,37.0650468],[128.1346282,37.0650477],[128.1346283,37.0650486],[128.1346284,37.0650495],[128.1346285,37.0650504],[128.1346286,37.0650513],[128.1346287,37.0650522],[128.1346288,37.0650531],[128.1346289,37.065054],[128.1346291,37.0650549],[128.1346292,37.0650558],[128.1346293,37.0650567],[128.1346294,37.0650576],[128.1346296,37.0650585],[128.1346297,37.0650594],[128.1346298,37.0650603],[128.1346299,37.0650612],[128.1346301,37.0650621],[128.1346302,37.065063],[128.1346303,37.0650639],[128.1346305,37.0650648],[128.1346306,37.0650657],[128.1346308,37.0650665],[128.1346309,37.0650674],[128.1346311,37.0650683],[128.1346312,37.0650692],[128.1346314,37.0650701],[128.1346315,37.065071],[128.1346317,37.0650719],[128.1346318,37.0650728],[128.134632,37.0650737],[128.1346322,37.0650746],[128.1346323,37.0650755],[128.1346325,37.0650764],[128.1346327,37.0650773],[128.1346328,37.0650781],[128.134633,37.065079],[128.1346331,37.0650793],[128.1346378,37.0650904],[128.1346477,37.0651138],[128.1346472,37.0651143],[128.1346492,37.0651203],[128.1346547,37.0651371],[128.1346797,37.0652444],[128.1346871,37.065276],[128.1346899,37.0652835],[128.1347086,37.0653283],[128.1347209,37.0653403],[128.1347395,37.0653585],[128.1347675,37.0653849],[128.134801,37.0654323],[128.1347963,37.0654416],[128.1348311,37.0654694],[128.134852,37.0654862],[128.1348524,37.0655197],[128.1349012,37.0655769],[128.1349162,37.0656067],[128.1349872,37.0657483],[128.1350316,37.0657787],[128.1350271,37.0657947],[128.1350725,37.0658378],[128.1351277,37.0659397],[128.1351947,37.0660534],[128.1352683,37.0660883],[128.1353882,37.0660933],[128.1354365,37.066124],[128.1355034,37.0661291],[128.135511,37.0661108],[128.1355716,37.0661187],[128.1356339,37.0661349],[128.1357103,37.0661809],[128.1357368,37.0661968],[128.1358167,37.0662499],[128.1358614,37.0662796],[128.1358658,37.0662933],[128.1358741,37.0663194],[128.1358745,37.066324],[128.1358975,37.066391],[128.1358985,37.066394],[128.1359068,37.0664181],[128.1359084,37.0664226],[128.1359168,37.0664472],[128.1359185,37.0664521],[128.1359083,37.0665364],[128.1359666,37.0666808],[128.1359585,37.0667113],[128.135957,37.0667169],[128.135957,37.066717],[128.1359562,37.0667199],[128.1359515,37.0667375],[128.1359467,37.0667558],[128.1359448,37.0667645],[128.1359358,37.0668055],[128.1359322,37.0668452],[128.1359319,37.0668489],[128.1359315,37.0668533],[128.1359301,37.0668688],[128.1359212,37.0669049],[128.1359201,37.0669095],[128.1358991,37.0669401],[128.1359162,37.066943],[128.1359328,37.0669458],[128.1359972,37.0669566],[128.1360048,37.0669474],[128.1359977,37.0669247]],[[128.1345712,37.0537333],[128.1343305,37.0536032],[128.134106,37.0534695],[128.1339928,37.0533849],[128.1339199,37.0533215],[128.1339337,37.053328],[128.1339668,37.0533468],[128.1340233,37.0533777],[128.134079,37.0534137],[128.1341322,37.0534482],[128.1341795,37.0534798],[128.1342038,37.0534971],[128.1342398,37.0535265],[128.1342582,37.0535449],[128.1343591,37.0535634],[128.1344269,37.0536139],[128.1345757,37.0537254],[128.1345912,37.0537368],[128.1345919,37.0537373],[128.1345712,37.0537333]]]}}]}