{"type":"FeatureCollection","features":[{"type":"Feature","properties":{"id":"regional:43110:보강천:1","candidate_rank":1,"admin_code":"43110","admin_name":"청주시","river_name":"보강천","river_class":"regional","width_class":"wide","width_proxy_m":104.4,"buffer_m":500.0},"geometry":{"type":"Polygon","coordinates":[[[127.50443703179008,36.7657852737303],[127.50431306237454,36.76621025148078],[127.50424079188576,36.76664288671379],[127.50422089961275,36.767079118218085],[127.50425357317947,36.767514850955386],[127.50433850675039,36.76794599450113],[127.50447490386829,36.76836850144462],[127.50466148489939,36.76877840538773],[127.5048964990167,36.76917185818562],[127.50517774061022,36.76954516607929],[127.50550256997138,36.769894824380685],[127.5058679380577,36.77021755038436],[127.50627041510599,36.770510314196024],[127.50660826492654,36.77071191453776],[127.50660718302017,36.770713150169605],[127.50666986643611,36.77074867291563],[127.50670622282585,36.77077036718854],[127.50671935475921,36.77077671794427],[127.50718529732339,36.77104076552964],[127.50764350957394,36.771274562670335],[127.50812769734296,36.771471586884616],[127.50863331495844,36.771629988398246],[127.50915561545634,36.77174828004023],[127.50954557048749,36.77180455333646],[127.51002554266704,36.771906351911596],[127.51044442554621,36.77198151065993],[127.51082254665351,36.772037213662706],[127.5111615790974,36.772072000588466],[127.51142053024516,36.77215703134796],[127.51186514353842,36.77232348200702],[127.51197846388224,36.77238190621413],[127.51246701050394,36.77260675743355],[127.51298114672733,36.77279102119109],[127.51316575537207,36.772848424217],[127.51362813441251,36.77297386232139],[127.51410233229224,36.77306644341677],[127.51424684029739,36.773089344652774],[127.51484660624969,36.773157533612405],[127.51545201877933,36.77317321183479],[127.51552763137789,36.77316857792655],[127.51556350544949,36.77318525312225],[127.51613472233991,36.773416828427905],[127.51619312490973,36.77343722948883],[127.5166772802434,36.77358534382176],[127.51717637654195,36.77369683781162],[127.51739838860085,36.77373764001551],[127.51794000225517,36.773814887435016],[127.51848842381823,36.77384901751141],[127.51863105459337,36.773852239659746],[127.51874735107053,36.77387990202839],[127.51918584446948,36.773968884464765],[127.51963183335104,36.77402911429909],[127.51989694853155,36.77405611572795],[127.52032528067201,36.774086354905506],[127.52147921569272,36.77413199692416],[127.52190743992723,36.77416132133368],[127.52236061219403,36.77421195867444],[127.52289778469465,36.774230108358196],[127.5232228671835,36.77422852688227],[127.52354533904044,36.77424637073172],[127.52381667683171,36.774256073739174],[127.5243439414529,36.77426462939227],[127.5244141996003,36.774266447394986],[127.52523961076872,36.774496683275416],[127.52575381405622,36.774618273774536],[127.52599312266223,36.77465532823838],[127.52602475407996,36.77466224316418],[127.52613760111987,36.77467769898316],[127.52628011164376,36.77469976483212],[127.52639737590519,36.77471327797038],[127.52655844643057,36.774735338031746],[127.52709841876471,36.774766636451574],[127.52753123300597,36.77477484532645],[127.52823822081164,36.774793519396184],[127.52830642780349,36.77479564957007],[127.52909647904427,36.77483889790543],[127.52918869583806,36.774849486463935],[127.53026605882432,36.77508826709089],[127.53031806089851,36.77509957607954],[127.5303847413029,36.775113800685446],[127.53060952001941,36.77522125655758],[127.53082814731914,36.77539319333687],[127.53135112184978,36.77571712021941],[127.53172746722429,36.77592299561823],[127.53227733983914,36.77623675327487],[127.5327968921695,36.776500008927194],[127.53334914942438,36.776715927256106],[127.5339274728501,36.77688191259961],[127.53457660629607,36.777036520895216],[127.53497710593386,36.777119105624],[127.53530772402895,36.77717690874164],[127.5359727321726,36.777259888956316],[127.5360457321103,36.77726541178302],[127.53623601412663,36.777293025434986],[127.53677434908504,36.77742891707497],[127.53733483915866,36.77754518096158],[127.53787904512255,36.777634224381906],[127.53834379087148,36.77771614565101],[127.53870962134114,36.77780018412067],[127.53875020019075,36.77780981037514],[127.53930818201965,36.77800220947584],[127.53955936279102,36.77808309902145],[127.53975857228139,36.77814280217659],[127.54016946196386,36.778251604352974],[127.5404086743907,36.77830680731765],[127.54094370081296,36.77840771188092],[127.54148844555526,36.778465951050165],[127.54170494524784,36.778471869432686],[127.54215881735776,36.778603660068924],[127.54260187246102,36.77871583619458],[127.54305495980303,36.778798093635345],[127.54354911618634,36.77887062859155],[127.54370123481505,36.778901439279416],[127.54406533569338,36.77899798215242],[127.54574605993636,36.77946377967465],[127.54638490018634,36.77960740200961],[127.54699283348182,36.77971330771638],[127.5474116250172,36.77977297112549],[127.54777473335025,36.7798133308782],[127.54808593893497,36.77995204180024],[127.54829634754248,36.78003384598472],[127.54885564992557,36.78022198076789],[127.54943695602442,36.78036038549066],[127.5497737932796,36.78040954387831],[127.55033561009866,36.78065882872504],[127.55037077239014,36.78067429878543],[127.55101519616649,36.780955412866575],[127.55105223218425,36.78097142433925],[127.55184446195106,36.781310841401705],[127.55185873362066,36.78131693453491],[127.552666864194,36.781660751841905],[127.55314935470405,36.78184294451691],[127.55365119226849,36.781987418777156],[127.55426442886612,36.78213789752031],[127.55466519858106,36.78223679025055],[127.55540561975647,36.78242411442894],[127.55584241709018,36.78251920672317],[127.55628733281542,36.782585624753466],[127.55665235358597,36.78262792699933],[127.55671506484232,36.78263490372723],[127.55684508613408,36.78264876679476],[127.55692692273867,36.78265865769466],[127.55700386176804,36.78266751797455],[127.55725659619232,36.78269518443906],[127.55740025567756,36.782735254267976],[127.55764232786974,36.78280288358603],[127.55813056329319,36.78291956461548],[127.55862995823848,36.783000086568464],[127.55913638261946,36.78304378351701],[127.55960170973607,36.78306678461603],[127.5596435837589,36.783068585100594],[127.55974387824998,36.78310947935483],[127.55977017122278,36.78312013030944],[127.56004948233763,36.783232536024705],[127.56006573569795,36.783239050505614],[127.56028025967638,36.78332468428224],[127.56034831894448,36.783369880160954],[127.56069140773911,36.78358037597191],[127.56080451055425,36.783644378973065],[127.56097983006656,36.78373965868364],[127.56134564072333,36.78393046784498],[127.56177787363532,36.78413443010981],[127.56223104215589,36.784306500596834],[127.56270151855527,36.78444530179805],[127.56310653903867,36.78454850731026],[127.56364457852536,36.78466229481589],[127.56419399843608,36.78473258779188],[127.56474937796142,36.78475869270458],[127.56530523746298,36.78474035199914],[127.56585609256618,36.78467774664143],[127.56639650829985,36.784571494331516],[127.56692115274727,36.78442264340559],[127.56742484967755,36.7842326624873],[127.56790262963686,36.784003425990385],[127.5683497789949,36.783737195616276],[127.56876188646129,36.78343659802977],[127.5691348866125,36.78310459893296],[127.56946509999956,36.78274447379454],[127.56974926944066,36.78235977552304],[127.56998459214095,36.7819542994042],[127.57016874732295,36.78153204564823],[127.57020170670557,36.78142277789752],[127.57041121805592,36.78108916340728],[127.57061159252667,36.78067159715967],[127.57075946885136,36.7802400984577],[127.57085338837216,36.77979892623075],[127.57089242504487,36.779352434813305],[127.57087619454313,36.77890503096455],[127.57085467878393,36.778686032095884],[127.57078489464321,36.778249092526444],[127.57066239823214,36.7778197238108],[127.57048836150925,36.777402030805916],[127.5702644490944,36.77700000668225],[127.5699928023265,36.77661749475523],[127.56967601876781,36.776258151751385],[127.56931712735275,36.77592541285991],[127.56891955941774,36.77562245890348],[127.56885006028509,36.775574461000204],[127.56840738390355,36.77529842815125],[127.56793265198147,36.775059342364074],[127.5674306119322,36.774859594418096],[127.5669062841155,36.77470118171246],[127.56636491165237,36.77458568830197],[127.56581190801778,36.77451426906463],[127.56530725701383,36.77449023199433],[127.56528814581743,36.77448338786972],[127.56476889652511,36.77434445785318],[127.56468340099705,36.77432525888361],[127.56420460525196,36.77423833019579],[127.56393842550666,36.77414276398174],[127.56367013804878,36.77405886839328],[127.56364729572013,36.77405177158427],[127.56323101529927,36.7739232783495],[127.56321354730548,36.773917913358275],[127.56298073629407,36.7738467671614],[127.56277456951466,36.773777974206524],[127.56270006597968,36.773755466001695],[127.56268185953095,36.77374995741289],[127.56253126981011,36.77370635993879],[127.56243727443449,36.77368036132014],[127.56234213830709,36.77365481109131],[127.56197106056497,36.77355811398297],[127.56171095514517,36.773486651936956],[127.56126333241528,36.77338020488146],[127.56110774829114,36.77334881313735],[127.5610496376584,36.773336204225906],[127.56091631732212,36.773314600422346],[127.56062055116958,36.773252507162276],[127.56047456106816,36.773215021829],[127.56032322276046,36.7731818715747],[127.56014478202691,36.77314243292859],[127.55985743955064,36.773087480888684],[127.55963252916486,36.773017717564606],[127.5591629251357,36.772890939980584],[127.55868123444259,36.77279803771772],[127.5584899296077,36.77277527693556],[127.5580270573963,36.772590017351945],[127.55800737443977,36.77258217811566],[127.55770308669969,36.77246158426261],[127.5571797326285,36.77228017018226],[127.55703980028768,36.77224472375796],[127.55695455608874,36.77220870920263],[127.55646975190233,36.77204841227987],[127.55642359157827,36.77203707422123],[127.55554750296689,36.77175251813617],[127.5555104430156,36.771741045812284],[127.55455132759381,36.77140457362769],[127.5544713340208,36.77137445681466],[127.55345269216996,36.77102432908334],[127.55327178174463,36.77095717609507],[127.5532192841708,36.77094037697663],[127.5527788517149,36.77079981617394],[127.55251065689849,36.770708651479744],[127.5523101191432,36.77063020187656],[127.55230786556841,36.77062941180628],[127.55216259082506,36.770543538798364],[127.5516829785725,36.7703153165787],[127.55117755161291,36.77012656677707],[127.55065131323299,36.769979157800144],[127.55061571507187,36.76997075825054],[127.55049959619159,36.769948149577715],[127.55041042651378,36.76990823660364],[127.54989162313097,36.769728409609804],[127.54985322496087,36.7697169102172],[127.54934174643705,36.7695858183247],[127.54881701780292,36.76949472459599],[127.54878065227227,36.769491296639714],[127.54837980833162,36.76937944513734],[127.54783875207798,36.769275461264456],[127.54780085418984,36.76926976157068],[127.54748148638545,36.769234516178706],[127.54719059582986,36.769153981028744],[127.54714039843086,36.76914228165647],[127.546814335815,36.7690799048124],[127.54657332421907,36.76899209205446],[127.54604313516514,36.76884822768903],[127.54600133734435,36.768838728199185],[127.54547647023786,36.76874110085963],[127.5452794146831,36.76872021691097],[127.54488443366637,36.76861214680361],[127.54483873604262,36.76860164736729],[127.5443100566883,36.768502198190646],[127.54397160482307,36.768465850626924],[127.54377945766234,36.76842030914011],[127.54375774508135,36.76841513544961],[127.54374289330826,36.7684116145144],[127.54368099650551,36.76839701529749],[127.54342866553979,36.76834674920195],[127.54316668960449,36.76824868344964],[127.54288252667833,36.76816872990201],[127.54282940584373,36.768140646424335],[127.54234990208775,36.76793756412821],[127.54232110329754,36.76792676468372],[127.54180387952742,36.76775751490037],[127.54126827916788,36.767630543127204],[127.54071962614056,36.767547111468794],[127.54016337404569,36.767508049238785],[127.54007830291059,36.76750891722454],[127.53985580210372,36.76742264437295],[127.53934107220917,36.76727092778951],[127.53931077374763,36.7672633281961],[127.53877558196208,36.76715207832158],[127.538229366017,36.76708381809272],[127.5376774469501,36.76705921248227],[127.53761484924738,36.76706139901033],[127.53749422319652,36.76700170171271],[127.53748826235736,36.766997598636365],[127.53703918874949,36.766745158883836],[127.53656160848242,36.76652922760337],[127.53606009156567,36.76635187097338],[127.53553943694305,36.76621478605262],[127.53500462659014,36.766119284549234],[127.53446077786471,36.766066280275524],[127.53437925232654,36.766064791902636],[127.53437774997192,36.766064101814784],[127.53386126995294,36.76587962309996],[127.53332431300359,36.765737959596315],[127.53277234608251,36.76564055361818],[127.53236294040127,36.76560251524569],[127.53232586037326,36.765595266243665],[127.53225956719697,36.765571089267304],[127.53174430211634,36.765429858050496],[127.5316556067205,36.76540935915159],[127.53108122035908,36.76530258297464],[127.53091688699651,36.76527928628083],[127.53089083804302,36.765273881319764],[127.53078851031768,36.765253473575534],[127.53055552288994,36.76520887598095],[127.53044231424974,36.76518820095834],[127.53003803638659,36.765117904750056],[127.52992794148693,36.76509968959523],[127.52983434667703,36.76508499038705],[127.52970785586754,36.76506633512577],[127.52942517174358,36.765027337219145],[127.52938002128883,36.76502126112709],[127.52892424699036,36.76496146433088],[127.52889512519972,36.764957706856265],[127.52816143148056,36.76486463249793],[127.52806845177149,36.76484091726359],[127.52752376686973,36.76474863129525],[127.52740507357505,36.764733432108876],[127.5273240858243,36.76472630026809],[127.52694502504866,36.76459596657258],[127.52641848187838,36.764462482946335],[127.52587816266417,36.76437135952364],[127.52533707655034,36.76432415862878],[127.52489199404934,36.76419954098492],[127.52478729944933,36.76417474231617],[127.52469344174433,36.764153223730524],[127.5238434278757,36.76396476640701],[127.52368497161729,36.76390905116245],[127.52315574158563,36.7637714115821],[127.52261215298222,36.76367668890033],[127.52246145622985,36.76366281589402],[127.52166538559982,36.76347125562212],[127.52150929716673,36.763435668569365],[127.52042515435477,36.76320208115181],[127.52004200415746,36.763138585331475],[127.51999348878299,36.763125169974515],[127.51946187450983,36.76302347857645],[127.51939997795799,36.76301417907742],[127.51896930356787,36.76296332001379],[127.51842013520908,36.762915922488205],[127.51830600295337,36.76290789288826],[127.517382199297,36.76278770061434],[127.51738216623569,36.762787865109814],[127.51714975661918,36.76275263180683],[127.51702606731153,36.76273902830776],[127.51680838853449,36.76270577950246],[127.51659802363802,36.76267697717155],[127.51630041012206,36.76264090872932],[127.51590805524398,36.762593232453504],[127.51565234284656,36.7625560696671],[127.51552527318957,36.76254319816979],[127.51548532378386,36.76253767181866],[127.51539319495038,36.76252556247312],[127.51511690393663,36.76249114640582],[127.51499256945172,36.76245904518684],[127.51476601075007,36.762419930682704],[127.51472408698258,36.7624047954887],[127.51421760473468,36.762266917655296],[127.5136970887349,36.76216853301894],[127.5131672839935,36.76211053845158],[127.51263302015381,36.762093462631526],[127.51261596313154,36.762094229443214],[127.5125048912882,36.76206070334716],[127.51199223122879,36.761928207184596],[127.51146612602628,36.76183593952814],[127.51104889903165,36.76179599813929],[127.51100858732845,36.76178904815379],[127.51046935930259,36.761739318896254],[127.50992668080123,36.76173182439616],[127.50938564936506,36.76176663505854],[127.508851347073,36.76184342390233],[127.50832879282945,36.761961469629895],[127.5078228952432,36.762119663398806],[127.50733840653966,36.76231651923215],[127.50687987793845,36.76255018797017],[127.50645161691443,36.76281847463209],[127.50605764674339,36.763118859025774],[127.50570166871142,36.76344851941187],[127.50538702734306,36.76380435900059],[127.5051166789747,36.764183035032815],[127.50489316396876,36.76458099017262],[127.50471858283007,36.76499448591691],[127.50443703179008,36.7657852737303]]]}},{"type":"Feature","properties":{"id":"regional:43745:보강천:2","candidate_rank":2,"admin_code":"43745","admin_name":"증평군","river_name":"보강천","river_class":"regional","width_class":"wide","width_proxy_m":142.14,"buffer_m":500.0},"geometry":{"type":"Polygon","coordinates":[[[127.5591818059257,36.78051203403489],[127.55910686697813,36.78086560366629],[127.55906773272034,36.781296707562134],[127.5590801376096,36.78172884402197],[127.55914396832743,36.782158035377115],[127.55925863817555,36.78258033100244],[127.55942309244575,36.7829918436836],[127.55963581809908,36.7833887854027],[127.55989485766715,36.78376750221325],[127.56019782724844,36.78412450788244],[127.56054193843421,36.78445651599155],[127.56092402396362,36.784760470197824],[127.56134056687146,36.785033572379376],[127.56178773286145,36.78527330840351],[127.56226140560585,36.78547747128053],[127.56232440821644,36.78550157251627],[127.56248157944133,36.78555397304716],[127.56260893491223,36.785619984298066],[127.56302047129165,36.78579339015517],[127.56311061589652,36.78583906597198],[127.56312423956413,36.785845947044606],[127.56403536766071,36.78630466927755],[127.56459328613636,36.78655123132942],[127.56469315503831,36.78658412842871],[127.56476740672547,36.78662111521778],[127.56482205500537,36.786665878406836],[127.565241240725,36.78694807066631],[127.56533998677442,36.787002319713054],[127.56549900348965,36.787135043208394],[127.56591704230206,36.78742160291276],[127.56632025019381,36.787671614289295],[127.56634913120574,36.787689402060195],[127.56668113797741,36.78789251134583],[127.56702922842132,36.78808545902241],[127.56704035896824,36.788093939169414],[127.56739051462381,36.78833938099278],[127.56762854874313,36.78848011753718],[127.56770154879969,36.78853476642562],[127.56789874779923,36.78870229050397],[127.56801249992583,36.788791503209666],[127.56811114783835,36.788887856506086],[127.56851133897212,36.789207072335216],[127.56894939066053,36.78949232507659],[127.56942086784412,36.789740726441785],[127.56947736975653,36.78976732775236],[127.56958669709644,36.78981748159381],[127.56977138584216,36.78990000930731],[127.56989549521518,36.789956002759894],[127.56990869874984,36.789961940845664],[127.57014612587554,36.79006838140281],[127.57025712340428,36.79011946986901],[127.57046341150841,36.79020985252463],[127.57085490647862,36.79037291310089],[127.57110229357016,36.79048255569639],[127.57120462055128,36.79053754751334],[127.57167668441139,36.79074168956512],[127.57179438927615,36.79078689188107],[127.57234937510616,36.79097133466835],[127.57242833319535,36.79098991154487],[127.57261849909223,36.79107128663971],[127.57286987294233,36.79117970682306],[127.57294931697544,36.791214032532416],[127.57317029011838,36.79130954925521],[127.57334512980319,36.79138197193077],[127.57335001489211,36.79138390894846],[127.5733650334261,36.791390356852986],[127.57377814819561,36.79155059999596],[127.57412466350185,36.79167120626199],[127.57428967884896,36.79172614517165],[127.57433800643473,36.79174151380899],[127.57436043509972,36.7917486773807],[127.5745509670686,36.79180633089824],[127.57494735673819,36.79191970522763],[127.57505805424286,36.79195250463207],[127.57530603768697,36.79202072594546],[127.57545178964334,36.792057783010826],[127.57553477432828,36.79207943992307],[127.57583138937038,36.792154443928936],[127.57596746258065,36.79218733280232],[127.57618781474925,36.792238150067874],[127.57620796577035,36.792243017976155],[127.57644905032276,36.792323459448944],[127.57648602038107,36.79233567086231],[127.57709194810468,36.79253378123069],[127.57732532999157,36.792610044028194],[127.57733833860813,36.79261432452808],[127.5774736193551,36.792666243875466],[127.57751928673855,36.79268376990889],[127.57760870592637,36.79271804270124],[127.57766452283134,36.79274105659985],[127.57780604086265,36.79280207149277],[127.57829648172364,36.79304354212131],[127.57846861438456,36.79312493559828],[127.57852790497306,36.79315183928615],[127.57861556734207,36.79320335215559],[127.57867345369027,36.793233860416414],[127.57875267528169,36.79327595271198],[127.57879989306132,36.793301300182975],[127.57884387630605,36.79332506370938],[127.57910719421936,36.79346732643158],[127.57925971967693,36.793550880020526],[127.57953776664688,36.7937030391687],[127.57964086249865,36.79376003789369],[127.5799450799433,36.793928431524826],[127.57996891679404,36.79394155317392],[127.58007961974954,36.794002156044286],[127.58090913185626,36.79445598347308],[127.5809154076473,36.79445941192715],[127.58114427076784,36.79458425696525],[127.58136752927335,36.79470965619324],[127.58144073355376,36.794750082770555],[127.58197899700966,36.795042310879964],[127.58231751713001,36.79523014248236],[127.58234537207936,36.79524549856471],[127.58260457177215,36.795387469810315],[127.58263317558952,36.79540322296506],[127.58263795535537,36.79540585243577],[127.58326453831087,36.79575016621063],[127.58362130686896,36.79600686118588],[127.5840664570697,36.79626863559325],[127.58454145566695,36.79649394135081],[127.58504169945083,36.796680594919145],[127.58556234043478,36.796826787342376],[127.58609833285627,36.79693110178762],[127.58664448209882,36.79699252728288],[127.58719549506054,36.79701046851965],[127.58774603147894,36.79698475162511],[127.58788003197296,36.796967747138076],[127.58818138551256,36.797021990210965],[127.58872167437792,36.797075692228475],[127.5892658937781,36.79708696352732],[127.58948340649923,36.79708296318375],[127.58962855358827,36.7970787789846],[127.5901123817756,36.79705977705385],[127.59021187918238,36.79705652544559],[127.59071926847176,36.79702131070022],[127.59122058389534,36.79694918270336],[127.59157050800316,36.79687191211729],[127.59162398174594,36.79686637663408],[127.5923085111153,36.796760343979095],[127.59250512145763,36.79671954160331],[127.59313094940342,36.79655762280773],[127.59344176242261,36.796460680226176],[127.59352526499679,36.796434641547116],[127.59365498119061,36.79639418018362],[127.5937083338219,36.796377285122574],[127.59371113394847,36.79637638507312],[127.59423971784571,36.79618028620172],[127.59474014251592,36.79594113104033],[127.59520700422335,36.79566150220002],[127.59582042617525,36.79525257406099],[127.59607716766212,36.79508368240366],[127.59626407499393,36.794946258180936],[127.59627881932485,36.79493885128926],[127.59669964454415,36.794679985752246],[127.59708817771237,36.794390303782336],[127.59727542254322,36.79422156214556],[127.59755148600986,36.79429476844148],[127.59788900352304,36.79439032520193],[127.59807455224538,36.794439946864266],[127.59851557464387,36.79455105279242],[127.59854296899935,36.794557877867],[127.59896182255272,36.79467527975839],[127.59896774708781,36.7946769373622],[127.59913410686448,36.79472339844265],[127.59943327851461,36.794813813667325],[127.59956320769778,36.79485161642323],[127.60060945901192,36.79514433194359],[127.6009470991942,36.79522874276029],[127.60106290170077,36.79526142325183],[127.60158926474828,36.795410535207566],[127.6017107231188,36.795443690366916],[127.60218050558237,36.79556712284634],[127.60232168800368,36.79560659870042],[127.60249439790178,36.795660472062366],[127.60279215877286,36.7957682181549],[127.6032783174548,36.79590257779604],[127.60347409052879,36.795940974570385],[127.60363388765194,36.79598657538279],[127.6036561626006,36.79599288940918],[127.60456830723585,36.79624970301773],[127.60456839687546,36.79624949709007],[127.60470614476438,36.79628699755841],[127.60488987430631,36.79633456501206],[127.60588498361355,36.79660962273985],[127.60592342606274,36.79662012328708],[127.60699957431768,36.796910573187255],[127.60734797854225,36.79700988283226],[127.60744289844587,36.797352977926316],[127.60761567559804,36.79777552869746],[127.60781331890132,36.79813485781678],[127.60781913479113,36.79819257797153],[127.60783485807333,36.798318841688875],[127.60783323680428,36.79833358822265],[127.60782952149562,36.79836897014912],[127.60782358670785,36.79842827495944],[127.60781584578477,36.798495607099845],[127.60781391757972,36.79851273556489],[127.60780170958876,36.79862353507272],[127.60779544546614,36.79868079396682],[127.6077830934216,36.79877534522464],[127.60777239122453,36.79886609279028],[127.60776007088293,36.798983147160484],[127.60774672914019,36.79910331309521],[127.60773413455242,36.79921034219799],[127.6077286387337,36.79925468690329],[127.60771568759351,36.79933855632039],[127.60769608518686,36.799485046241706],[127.60768291220091,36.79960133306705],[127.6076719868172,36.79969063106892],[127.60765863443207,36.79981839818948],[127.60765162858071,36.79989919791813],[127.60763939214092,36.800310892971964],[127.60763979107156,36.80032559300032],[127.60764722613767,36.800399442272806],[127.60764163562789,36.800503716006055],[127.60763782439119,36.80065801593194],[127.60764030808606,36.800908722614025],[127.60764909375516,36.80110602315388],[127.60768798893726,36.8014985772575],[127.60771394287944,36.80162243275046],[127.60771477472447,36.80163668626211],[127.60772167024226,36.80169908662269],[127.60778809880416,36.80209756460276],[127.60779108232634,36.802110908661675],[127.6077969821265,36.802139767396724],[127.60788574788923,36.802487672256184],[127.6078907468131,36.80250397249182],[127.60792563033789,36.8026119501667],[127.60794182725701,36.80265965092164],[127.60804277278766,36.80292459006623],[127.6080487372232,36.80293868157496],[127.60806663303119,36.80298414785006],[127.60812628243855,36.80312730973695],[127.60817397598692,36.80323571188726],[127.60820568576965,36.80330592774863],[127.60826767798247,36.80343973052187],[127.60828099795842,36.80346818617023],[127.60833609124272,36.80358468862686],[127.60837318618003,36.803661033223655],[127.60845137738958,36.80381773667936],[127.60848298870664,36.80387975025604],[127.60853718300494,36.8039838526334],[127.60861491482581,36.80413276049494],[127.60862057532366,36.80414356424821],[127.60867194495385,36.80424125390944],[127.6087223400485,36.804337934917996],[127.60876851145008,36.80442399093122],[127.60879787141333,36.80447718497148],[127.6088075291233,36.80449837161651],[127.60894762533707,36.80477362314536],[127.60899251686381,36.80488990794482],[127.60921023737633,36.80530322465569],[127.60947802488766,36.805697068216325],[127.60961181824679,36.8058724735818],[127.6096242685704,36.80588871882627],[127.60967886592528,36.805959621009556],[127.60990175376512,36.80622720446225],[127.60998188302966,36.80631633766185],[127.60998936281061,36.80633689176463],[127.6100143113741,36.80640546352987],[127.610058984965,36.80651801481732],[127.61005046069383,36.80670669959443],[127.61008714500359,36.807161169508866],[127.6100917427321,36.8071930697422],[127.61018268403517,36.807632630361155],[127.61032718126675,36.8080628170944],[127.6105238217456,36.80847942158815],[127.61077068260497,36.80887836829301],[127.61106534957526,36.8092557543417],[127.61115073303012,36.80934429173437],[127.61124437873181,36.809508425853224],[127.61151601508632,36.80988411580012],[127.61183140483625,36.81023701388061],[127.61218761394265,36.81056383648256],[127.61258132842762,36.810861542580106],[127.61279564693308,36.81099478853654],[127.61298040307722,36.81138178876686],[127.61321898251596,36.81176697250436],[127.61350217799662,36.81213209734757],[127.61382740648841,36.81247383220504],[127.61419170136908,36.812789059334804],[127.61459173947934,36.81307490279726],[127.615023871436,36.813328754702766],[127.6154841549267,36.813548299013895],[127.61594149055439,36.81372135381453],[127.61604362418534,36.81378208677694],[127.61628363084263,36.81391099291672],[127.6167780017169,36.81414793378455],[127.61689850629291,36.81419913636125],[127.6173589148051,36.814373735008346],[127.61753092257783,36.81443143801725],[127.61793779560834,36.814553274853175],[127.61810221888373,36.81459114829668],[127.61846848381765,36.81470728284932],[127.61854628765425,36.81472878399009],[127.61897539703234,36.81482984016331],[127.61897549424526,36.814829869861015],[127.61899649524773,36.81483617019324],[127.61902386497712,36.814844315922855],[127.61904486598645,36.814850516250196],[127.61910798019923,36.81486880603561],[127.61912908122869,36.81487480635333],[127.61916458348067,36.814884794152455],[127.6191857845235,36.81489069446537],[127.61924907270219,36.81490796858813],[127.61927037376451,36.81491366889118],[127.61932655892886,36.814928440167726],[127.6193478600036,36.81493394046072],[127.61938333481936,36.814942996251276],[127.61940473590673,36.81494839653925],[127.6194684959883,36.8149641509817],[127.6194899970941,36.814969351259535],[127.61954719364712,36.81498291842035],[127.61956869476431,36.81498791868786],[127.61960404436748,36.81499603858515],[127.61962564549673,36.81500093884748],[127.6196834242965,36.81501377819865],[127.61970502543653,36.815018478450554],[127.61974028524283,36.815026051720494],[127.61976198639454,36.815030651967135],[127.61984963576397,36.81504862490327],[127.61987133693071,36.81505292513398],[127.61990647793102,36.815059791910834],[127.61992827910893,36.8150639921362],[127.61996326062491,36.81507063636523],[127.61998516181387,36.815074736585196],[127.62006853842806,36.815089773781686],[127.62035286538172,36.815387321688256],[127.62072262814021,36.81570165749883],[127.62075820702808,36.81574403847254],[127.62088260374793,36.81587754313474],[127.62088336121909,36.815877086870124],[127.62100577795565,36.816008627496025],[127.62143193170333,36.816515316649514],[127.62151307529753,36.816603583784094],[127.62151302031543,36.816603614549244],[127.62183000937509,36.81696982675609],[127.62217688127596,36.817330213256305],[127.62239529454433,36.817515051993006],[127.62243891083277,36.81755660674386],[127.62252211815355,36.81762237965206],[127.62256726115031,36.81766058293859],[127.62266376163163,36.8177343860283],[127.62266378720138,36.81773436441617],[127.62281018607737,36.81785008742898],[127.62321374098357,36.818114594180514],[127.62323574146932,36.81812769478513],[127.62370044470678,36.8183765766969],[127.6238609681995,36.818445076019586],[127.62402219395844,36.818568980484045],[127.6240643599069,36.818610515782325],[127.62452429571015,36.81897028818425],[127.62453849587888,36.81898018861551],[127.62498171016456,36.81925911675718],[127.6254574941212,36.819500889842566],[127.62596104734303,36.81970306838026],[127.62648728910318,36.819863612372835],[127.62653889170271,36.819877013086284],[127.62711936022515,36.82000057263619],[127.62721314228489,36.82001209245909],[127.62724606948841,36.82002590373578],[127.62774805380381,36.82018907182005],[127.62793704073594,36.82023400638621],[127.62802363560876,36.82026183502086],[127.62861855852836,36.82039423513344],[127.62889112516677,36.82044207525442],[127.628897375688,36.820443610105656],[127.62893195758912,36.820449241985905],[127.62906868320725,36.82047323936735],[127.62906913329535,36.820471581805585],[127.62942755183003,36.82052995142859],[127.6299656132359,36.82057478988055],[127.63050654526322,36.820577707583155],[127.63104530650388,36.82053867735225],[127.63157687579377,36.820458062951055],[127.63209629903332,36.82033661569796],[127.63259873538149,36.82017546746044],[127.63307950239098,36.81997612010096],[127.63353411966438,36.819740431472916],[127.63395835062165,36.81947059809806],[127.63434824199122,36.819169134686824],[127.63470016065423,36.81883885069282],[127.63475991353717,36.81877037375138],[127.6347614205145,36.81876944525842],[127.63517706190234,36.81848655118813],[127.63555658343132,36.81817255457075],[127.63589640082995,36.817830421235506],[127.63619330497698,36.81746338273222],[127.63644449220112,36.8170749057988],[127.63664759074577,36.81666865960805],[127.63680068314856,36.81624848110417],[127.6369023243257,36.81581833875652],[127.63695155519089,36.81538229507328],[127.63694791168156,36.81494446822937],[127.63689142910806,36.8145089931711],[127.63678264178644,36.81407998256516],[127.63672643016064,36.81390278520961],[127.63658413153149,36.813524384464344],[127.63640112766478,36.81315746972352],[127.63617882800551,36.81280486572626],[127.63615542658587,36.812771466688254],[127.63585187325829,36.812385395757794],[127.63550126767639,36.81202602034562],[127.63510721357983,36.81169703369984],[127.63467376106486,36.811401816724796],[127.63420536495667,36.811143403248934],[127.63370683903024,36.81092444885949],[127.63318330655017,36.81074720362392],[127.63264014763688,36.81061348897757],[127.63208294399995,36.81052467901467],[127.63151742160409,36.81048168637429],[127.63138959224518,36.81048242170193],[127.63118547298357,36.81028918550993],[127.63102215452315,36.810101842726844],[127.63089988761556,36.809950220517116],[127.63081919944975,36.80983484463773],[127.63064638797542,36.80960416105375],[127.63047888066359,36.809394967674244],[127.63043985769458,36.80934690853819],[127.63038535549713,36.80928071067292],[127.63022309219173,36.80909405334582],[127.63019083874289,36.80905887882023],[127.630070555603,36.80890945215728],[127.62998306132133,36.80880070850117],[127.6298067257009,36.80854477932245],[127.6295283116558,36.80818226450968],[127.62920855797618,36.807842517948345],[127.62907729397462,36.80772748433225],[127.62898504711852,36.807625572528515],[127.62862410370577,36.80729877733637],[127.62851428478514,36.80721691798421],[127.62848539833774,36.80719078502679],[127.62847979832299,36.807186085215],[127.62800232511275,36.80682941670436],[127.62747658092823,36.80651974224188],[127.62746908114846,36.80651584242928],[127.62719021942661,36.806379923476015],[127.62692949838679,36.8062610466856],[127.62675519644431,36.8061813694544],[127.62661249376107,36.80611465564597],[127.62651505759662,36.80607014624142],[127.62639109195197,36.80601482903364],[127.62632958982199,36.80598622653788],[127.62603967699354,36.80586039501282],[127.62600947819402,36.80584819563216],[127.62542755577708,36.8056454168089],[127.62482086495757,36.80549681835073],[127.62466217350563,36.805465720018304],[127.62464094602998,36.805462523819976],[127.62442676534371,36.805413675293295],[127.6238889508407,36.805335520720305],[127.62334422635683,36.80529987159688],[127.62310344032821,36.805303042490756],[127.62264555500465,36.804844433114795],[127.62212146769791,36.804387934225474],[127.62204744658968,36.804331776737875],[127.62200469102415,36.804192404744796],[127.62193518439695,36.803986854989354],[127.62170934583168,36.80337636541524],[127.62170619477074,36.8033771192101],[127.62161912553027,36.80313639622416],[127.62158122022267,36.803048097939886],[127.62145724920695,36.80278604752072],[127.6214021433614,36.80267964994092],[127.62135031711054,36.80259103892874],[127.62134747544302,36.80258009869242],[127.62116940261555,36.802055200468395],[127.62091395039296,36.8015513909528],[127.6208674465128,36.80147349293858],[127.62062013557848,36.80110431481201],[127.62033121590838,36.80075522617281],[127.6200894665589,36.80051498793976],[127.61997025110587,36.80030812376405],[127.61998659727531,36.80016371208179],[127.61999169182498,36.8001087334496],[127.62004301614874,36.79996169429076],[127.62013806404008,36.7995357995615],[127.6201818690983,36.79910453636781],[127.62017402812938,36.798671882677034],[127.62015342239391,36.79852273327489],[127.62015305071246,36.79839458223437],[127.6201520878464,36.79837844256113],[127.62017811975792,36.79802441317313],[127.6201831113065,36.797977087254544],[127.62022791462469,36.79763411164912],[127.62025782694495,36.797089744535775],[127.62024859389341,36.79663554527127],[127.62022050442097,36.796252635753646],[127.62020342295007,36.7961177693098],[127.620193592109,36.79601990486953],[127.62018118104382,36.79588706139085],[127.62017551821272,36.795799574546095],[127.62010748141233,36.795296060279476],[127.62006106576281,36.79507116255366],[127.61987324230105,36.794443536021646],[127.61984570796577,36.79437389958594],[127.61982160946481,36.79428558920473],[127.61979750149227,36.794201131401046],[127.61968197577431,36.79381353686306],[127.61952827542056,36.79339038074519],[127.61947586810963,36.79326858311577],[127.61929602332526,36.792903052201076],[127.61924722232993,36.792824638749316],[127.61921979360288,36.79276329249266],[127.6190834066812,36.792526723623375],[127.61897247099373,36.79224087767015],[127.61875166583607,36.79182442407941],[127.61848001110091,36.7914278955576],[127.61816025045873,36.791055295881804],[127.61779561317037,36.79071038716376],[127.61738978146442,36.79039665187524],[127.61694685334841,36.79011725769807],[127.61688928004895,36.790087931750726],[127.616809735906,36.79001182641185],[127.61679816114174,36.790000787985434],[127.61679006102841,36.789993088273995],[127.61631654533087,36.7895951094304],[127.61578618858174,36.78924658007506],[127.61575593417123,36.78922906478549],[127.61557250891977,36.78911459243886],[127.61532799007351,36.7889703475101],[127.61522653656853,36.78891383032391],[127.61512079397971,36.78885491575118],[127.61502728647942,36.78878501862282],[127.6146132407816,36.78852893440291],[127.61417134207326,36.78830498027143],[127.61370543205389,36.788115103097184],[127.6136243745879,36.78808938662623],[127.61353967951477,36.78805536261063],[127.61300342340851,36.78789259423727],[127.61233788800945,36.78772131638235],[127.61205915209692,36.78762236229517],[127.61165987110492,36.78750206863245],[127.61154239470845,36.787467872169685],[127.61091083137968,36.78729040809243],[127.61087016098986,36.787277942334846],[127.60962762176521,36.786927760881525],[127.60956796698994,36.78691125091844],[127.60872960854337,36.78668346301296],[127.60862261207751,36.786659164825146],[127.60844585736633,36.78660558271274],[127.60742521117012,36.786332579801524],[127.6073895622028,36.786322626561194],[127.60736163967371,36.786314896818055],[127.60640785459172,36.786053117059964],[127.60629345631703,36.78601719113949],[127.60507631544377,36.78566810960738],[127.60463119920094,36.78555700173152],[127.60436049740403,36.785499242075275],[127.60432505104887,36.78549147574329],[127.60427326327839,36.785481627225565],[127.60424076742551,36.785472453493085],[127.60420582406947,36.78546212827559],[127.60419507735259,36.78545896280432],[127.60333211887702,36.78520557618584],[127.60324857971517,36.78518164760347],[127.60316700801829,36.78515886611571],[127.60312718115216,36.78513135003732],[127.60268263298761,36.784880037596594],[127.60220990585033,36.784664551978494],[127.60171344780602,36.78448692068046],[127.60119793009869,36.78434881501927],[127.60066820321528,36.78425153441295],[127.60012925126804,36.78419599416055],[127.5997695444671,36.78418720067946],[127.59945805507715,36.78411237169062],[127.59925731839346,36.784069498822454],[127.5988142944162,36.78397472906656],[127.59827521812763,36.78388198877822],[127.59809699973765,36.78386582985355],[127.59795473623187,36.78384234962491],[127.59786454674222,36.783834860804355],[127.59587152485086,36.78345362605725],[127.59533623771888,36.78337311476158],[127.59479376125095,36.78333479333345],[127.59424922227977,36.78333902394915],[127.59370776712205,36.783385766634005],[127.59356427518816,36.783403865528356],[127.59304127342284,36.7834905558264],[127.59253090991831,36.78361691069201],[127.59203782262,36.78378178189432],[127.59156649255635,36.7839836711799],[127.59112120313236,36.78422074388132],[127.5907060012154,36.78449084558194],[127.59032466036497,36.78479152168589],[127.58990725056688,36.78515359280655],[127.58977256935002,36.78525917023667],[127.58963119983241,36.78538200200578],[127.58954826978957,36.78544980953444],[127.58945859501199,36.78551644295398],[127.58935212861378,36.78560113330949],[127.5891067512931,36.78546416134244],[127.58906779951161,36.785444716059615],[127.5889892776424,36.78539959773969],[127.58884043975412,36.78531384865134],[127.58883044346142,36.78530810286497],[127.58841195358089,36.785068114070164],[127.58822791157134,36.78497610359775],[127.58816010424778,36.78493678328388],[127.58807658638058,36.78488675854584],[127.58781578240321,36.7847462374808],[127.58766381983727,36.78456490705486],[127.58732094534457,36.78423033400992],[127.58693967766294,36.78392382026127],[127.58652354800768,36.783648204331826],[127.58607641031197,36.783406038582754],[127.5856024055389,36.78319956558698],[127.58557370671885,36.78318846615475],[127.58499658841238,36.782996341948255],[127.58450350820117,36.782857547377816],[127.58419356333746,36.78275486096999],[127.58368588793634,36.78260846871858],[127.5836033370149,36.78258795823778],[127.58353678457186,36.78256538284154],[127.583039508539,36.782420090524084],[127.58299474481792,36.78240718424063],[127.58260841352667,36.78229728262872],[127.58182495961812,36.78206968094911],[127.5816917326716,36.78203249471453],[127.58157624736215,36.78200156499288],[127.58121573306151,36.781898736430975],[127.58111534687941,36.78187096189655],[127.58106033545677,36.78185620891837],[127.58104979829415,36.78185296767855],[127.58078951060214,36.781773471866266],[127.58075435092552,36.78176461120769],[127.58052231753315,36.78168997845509],[127.58015767270112,36.78159013974125],[127.57980780808224,36.781486203346724],[127.5797293692269,36.78146343317316],[127.5797095952323,36.781457826403674],[127.57963641609176,36.781427940581516],[127.57944032484764,36.781360944068986],[127.57943445433884,36.781358941516984],[127.5791112240402,36.7812488549406],[127.57900429295769,36.781209937500066],[127.57896715285364,36.78119440940636],[127.57877071026654,36.78112072446486],[127.57868379780679,36.78108634425354],[127.57854644296721,36.781026140403135],[127.57847548149081,36.78099441288902],[127.57840999452624,36.7809272852497],[127.57803691200466,36.78061272910019],[127.5776278790757,36.7803285612412],[127.57762517912599,36.78032686131812],[127.57716439854002,36.780065718363694],[127.576673324635,36.77984314974674],[127.57615693034585,36.77966140924655],[127.57590170676202,36.77959524851424],[127.575620448058,36.77941798848547],[127.57558334711196,36.77939480726567],[127.57528195303091,36.77920811576218],[127.57500044624129,36.779045158611076],[127.57453179761926,36.778765892700065],[127.57451846673992,36.778758791914214],[127.57439164678338,36.77867229899894],[127.57415695299932,36.77852762297946],[127.57377659777612,36.77826950321999],[127.57362770072321,36.77817750741043],[127.57359260140028,36.778155997588684],[127.57337190036307,36.77802184738348],[127.57328189633303,36.7779670938279],[127.57286575052301,36.77773689703907],[127.57272198893155,36.77766482876453],[127.5727151570295,36.77765930599799],[127.57244132274545,36.77741427700192],[127.57201016083535,36.77710090853392],[127.57154096104341,36.77682516124335],[127.57103877356923,36.77659000290861],[127.57050900349083,36.776397964439724],[127.57048072564999,36.776390436835555],[127.57020735533656,36.776277485318424],[127.57019332923436,36.77627117897198],[127.5699511204606,36.776168446195214],[127.56980012650872,36.77610814926404],[127.56979931040323,36.77610947178216],[127.56968309696919,36.77606209129063],[127.56966698833062,36.776053814096706],[127.56907266865376,36.77582258233049],[127.5687271836776,36.77570784776246],[127.56859530553439,36.77562232570169],[127.56814784492323,36.77538507496906],[127.56767424710932,36.775183312976694],[127.56717884796441,36.77501888682241],[127.56666618285294,36.774893301791806],[127.56614094512746,36.774807707584166],[127.56560794318159,36.77476288779234],[127.5650720564525,36.7747592527325],[127.56453819077419,36.774796835689564],[127.56401123349026,36.7748752926124],[127.56349600873499,36.77499390526148],[127.56299723329172,36.775151587780755],[127.56279944161855,36.77522308394185],[127.56236779598841,36.775397480383305],[127.56195643332073,36.77560114677328],[127.561568413192,36.77583256839788],[127.56148421444007,36.775887465923006],[127.56111905356055,36.77614753760772],[127.56078340074231,36.776432178211145],[127.56047980131926,36.77673922952778],[127.560210557672,36.77706636340213],[127.56006154957447,36.77726575753458],[127.55981710547779,36.77762971743748],[127.55961518897776,36.77801017883564],[127.55945750291167,36.77840393436779],[127.55934537731132,36.778807664550705],[127.55931061014593,36.778966889889006],[127.55929527730713,36.77903582005933],[127.55923258938164,36.77940521341774],[127.55920808249911,36.779777511262154],[127.55920295013959,36.780136021257576],[127.55920129450054,36.78016520580405],[127.5591818059257,36.78051203403489]]]}},{"type":"Feature","properties":{"id":"regional:43750:보강천:3","candidate_rank":3,"admin_code":"43750","admin_name":"진천군","river_name":"보강천","river_class":"regional","width_class":"wide","width_proxy_m":107.19,"buffer_m":500.0},"geometry":{"type":"Polygon","coordinates":[[[127.50393465133988,36.76719657920256],[127.50393238847103,36.767202847232625],[127.50390968434435,36.767266746249746],[127.5037845225985,36.76769828986429],[127.50371265836279,36.76813763820365],[127.50369478774287,36.76858054116504],[127.50373108454622,36.76902271418699],[127.50382119856468,36.769459879696775],[127.50396425892693,36.76988780849318],[127.50415888248905,36.77030236066413],[127.50440318718412,36.770699525642826],[127.50469481020212,36.77107546101518],[127.50503093082604,36.77142652970217],[127.50540829770343,36.77174933515738],[127.50582326029063,36.77204075423858],[127.50627180416589,36.772297967434795],[127.50674958986932,36.772518486155995],[127.50725199489428,36.77270017682066],[127.50777415842332,36.77284128150807],[127.5083110283751,36.77294043497449],[127.50848573430218,36.77296549702826],[127.50861136125158,36.7729878341516],[127.50862421022745,36.772990106027535],[127.50905023351707,36.773065010076174],[127.50919060416314,36.77308818031432],[127.5093485812205,36.77311256651901],[127.50946116099392,36.77313214833636],[127.50955307939628,36.773147488718145],[127.50987051981062,36.7731982375613],[127.51020918644036,36.77325428675177],[127.51026882980491,36.7732638048035],[127.51037094096124,36.773290006350216],[127.51090601859126,36.77338221023127],[127.51121752608424,36.77341071507756],[127.51134632374973,36.77343118185124],[127.5116957973805,36.77349445029293],[127.51190179446589,36.773520788708815],[127.51204413762049,36.773544397253474],[127.51231225987331,36.773588833529196],[127.51233866670341,36.77359315667764],[127.51253657764128,36.77362515840564],[127.51264997917502,36.77364251879963],[127.5127628398271,36.77365882853252],[127.51302691390265,36.77370107364429],[127.51311878716427,36.773715876488104],[127.513349176937,36.77375303634195],[127.51339134272276,36.77376467922516],[127.5139294494388,36.773866890923514],[127.51397795214447,36.773874091311626],[127.5140591629984,36.77388333344943],[127.5141393686964,36.77389862626821],[127.51454953270526,36.77394273577489],[127.51465427060138,36.77395904064781],[127.51466647597323,36.77396092938847],[127.5149591055404,36.77400594160708],[127.51520991834774,36.77404466445829],[127.51531965446452,36.77406309609985],[127.51535811169438,36.77406944240128],[127.5155691233534,36.774103644247674],[127.51560143831671,36.77410880246772],[127.5158559763778,36.77414880671586],[127.5160354207311,36.7741776676916],[127.51606613773893,36.774182536251026],[127.5162787495368,36.77421573804227],[127.51637700688232,36.774230351450804],[127.51651869099551,36.77425037353803],[127.51668173771029,36.77427647253048],[127.51669702007968,36.774278901006994],[127.51683712784565,36.774301002199486],[127.5170587177324,36.77433225225167],[127.51725482883501,36.7743566535584],[127.51737677823893,36.77437072404079],[127.51740743436068,36.77437398470697],[127.51756764366647,36.77439938148444],[127.5176486380469,36.77441307950437],[127.51767121722729,36.77441698986079],[127.51768874599945,36.77442000196055],[127.51771924767417,36.77442520224139],[127.51781708313125,36.77444115074511],[127.5181734926417,36.7744965941335],[127.51818133311598,36.77449795916257],[127.51844162287459,36.77454336545182],[127.51862527772875,36.77457282551095],[127.51891409386238,36.774615127789254],[127.5189304244388,36.7746174995685],[127.51914900265409,36.77464897572814],[127.51974270767762,36.77479002291837],[127.51980255665036,36.77480419136269],[127.51989149329896,36.77482460206234],[127.52002632317098,36.77485457876592],[127.5200852115974,36.774869060761745],[127.52016809828142,36.77489021223968],[127.52056778907179,36.77497924693887],[127.5206749654079,36.77499971665558],[127.52140537663048,36.77514008851585],[127.52141673117801,36.77514226055739],[127.52162104221362,36.77518116265768],[127.5220937326948,36.77527082447388],[127.52256255511746,36.775361309237674],[127.52296843654804,36.77543975104474],[127.52299134968655,36.77544413828231],[127.52333784002242,36.77550986207846],[127.52370137701253,36.77557976218162],[127.52375343708191,36.775590000923565],[127.52385611777785,36.775609372863514],[127.52418543571375,36.775668876076026],[127.52421831444207,36.77567473328193],[127.52433185127677,36.77569467144869],[127.5244052931204,36.775707782888915],[127.52444850774152,36.775713954306205],[127.52448058423681,36.77572113798216],[127.5245189863301,36.7757280383547],[127.52455469863395,36.77573435700277],[127.52502076325855,36.77581553544345],[127.52533372558001,36.775870889936485],[127.52538363109551,36.775879525166076],[127.52571284919131,36.77593522817209],[127.52603827228633,36.775990138912796],[127.52605375779214,36.775992733465216],[127.52638077580616,36.77604713640038],[127.52674049365892,36.77610677035213],[127.52711061388408,36.7761680603991],[127.52754076981847,36.776239851989395],[127.52755348826837,36.77624196226141],[127.52792932323248,36.776303955587096],[127.52829075785343,36.77636384698744],[127.52829107048306,36.776362626062735],[127.52849094407455,36.776403828028386],[127.52891222755319,36.77646583020406],[127.5291316700653,36.77650223916992],[127.52945679338298,36.77655694735088],[127.52946680725027,36.77655862468273],[127.5296316722353,36.77658611325203],[127.53003131496264,36.776686753569415],[127.53058472042699,36.776778138423026],[127.53097288385928,36.77680995578357],[127.53098211411258,36.77681147496348],[127.53115492544639,36.77683949360972],[127.53133920800174,36.7768706157617],[127.53163559437247,36.776922422306036],[127.53193425900862,36.77697464398842],[127.53203893532572,36.77699302898936],[127.53221314948229,36.77703618482536],[127.5322946336331,36.77706260703843],[127.53256714661154,36.77714431135737],[127.53297308181578,36.77725201370312],[127.53322774777354,36.777302634476676],[127.53331279099359,36.77732415932539],[127.53370801171486,36.77741186404355],[127.5337396247842,36.7774187993489],[127.5338286294748,36.77743810038787],[127.53424734955382,36.77751517731992],[127.53453775462684,36.777550063751285],[127.53460618766618,36.77756410874855],[127.53503429657887,36.77768175879552],[127.53546441443218,36.77776257939531],[127.53552439084639,36.777776855325584],[127.53553894156973,36.77777967188987],[127.53564381904238,36.77780496853211],[127.53565547070278,36.777807767841374],[127.53583768007964,36.777851370180265],[127.53608914044801,36.777906454686374],[127.53619714623814,36.77792795584553],[127.5363126755775,36.77794809407512],[127.53631893748918,36.777949508162955],[127.53640849920669,36.7779690907694],[127.53680511238665,36.77805297655875],[127.5368117910719,36.77805440335919],[127.5369002605234,36.77807826029982],[127.53698415683209,36.7781002940254],[127.5373019781893,36.77818153959133],[127.53754919635662,36.77824488322894],[127.53773952487383,36.778290675434675],[127.53785278072093,36.778316172863335],[127.5380110391062,36.778351870296696],[127.53803101107282,36.77835634318555],[127.53837102889325,36.77843194725142],[127.53870233140131,36.77850558129103],[127.53924719895724,36.77860345772342],[127.53945884940674,36.778623983426165],[127.53964390044571,36.778684249015456],[127.5401934878159,36.778812553962425],[127.54032307211347,36.778837109056845],[127.5404164455868,36.778860259758524],[127.54063919309836,36.7789157995887],[127.54066120007101,36.778921246917854],[127.54072153584266,36.77893607250913],[127.54078378827307,36.77895881966819],[127.54129427669686,36.77909947362324],[127.54181922367707,36.7791999558942],[127.54187987351823,36.77920910705847],[127.54206434705324,36.77925349744651],[127.54244111011313,36.77933278976416],[127.54257551029042,36.779357092714186],[127.5428307430459,36.77940565136552],[127.54307521149015,36.77950208683031],[127.54309505753059,36.77950810105561],[127.54318359482829,36.77955232066642],[127.5436887093728,36.77975119821575],[127.54421607295282,36.7799083249734],[127.544760368086,36.78002211658368],[127.54498180440702,36.780049733401434],[127.54541216808494,36.780140805933705],[127.54542161308154,36.7801423527932],[127.54555893396876,36.7801887864607],[127.54609395865282,36.780360595477326],[127.54624333690558,36.78040658574484],[127.54655145000682,36.780497410599004],[127.54679682876984,36.78057089387626],[127.5468164750982,36.780576804454775],[127.54714661749682,36.780660021489595],[127.54772328341664,36.780855312197474],[127.54801264907329,36.7809590268408],[127.54847467265408,36.781108359721614],[127.54902260065012,36.78128592761498],[127.54921315036798,36.781353407349684],[127.54939095843287,36.781412410434626],[127.54941009724209,36.78141872811148],[127.54985486786467,36.78156477330781],[127.54995871410375,36.78160080655185],[127.550191612176,36.781683895170154],[127.55019178803194,36.78168357622842],[127.55036313635561,36.78174491070217],[127.55147608666753,36.78211653011727],[127.55158739473325,36.78215257627515],[127.5516025094848,36.78215732035158],[127.55220204610133,36.78236710915988],[127.55223469689216,36.78237843514375],[127.5525955630403,36.78250252120432],[127.55270479319752,36.78254621307688],[127.55337962344557,36.782775025008625],[127.55340763834424,36.78278445193371],[127.55385265846229,36.782933059697015],[127.55417914208671,36.78303260480999],[127.5545125584922,36.783124809711815],[127.5548916341662,36.78320574113705],[127.55545989531701,36.78335875521512],[127.55548262716518,36.78336483263664],[127.55559259253879,36.78339402221434],[127.55583617661216,36.78345948445301],[127.55584235801649,36.78346114245823],[127.55624995574384,36.78357025749289],[127.55649475118656,36.78364124174777],[127.55679047651061,36.78371577988633],[127.55695758423666,36.78375839641539],[127.55737833630373,36.783877355891434],[127.55748230161566,36.78390583174753],[127.55749716555663,36.78390977255971],[127.55855589739377,36.78420521343432],[127.55857401654868,36.78421024159147],[127.558641419868,36.78422884258031],[127.5589933949373,36.784315685711604],[127.55913323197572,36.784346181364576],[127.55955730187202,36.78445591338585],[127.55985977381445,36.78452669503993],[127.56042025228398,36.784644206802234],[127.56054436218504,36.7847142002531],[127.5605734110296,36.78472934399392],[127.56062079779186,36.78476018946341],[127.5610604571474,36.78499498261556],[127.56152563943735,36.78519544974062],[127.56224596923968,36.78547156389322],[127.56276300220462,36.78564479630716],[127.56329896100183,36.78577562781059],[127.56384848593915,36.785862750053944],[127.56440608159079,36.78590529179128],[127.56496617178097,36.785902827597056],[127.56552315537644,36.785855382122485],[127.56607146232939,36.78576342984856],[127.56660560940882,36.78562789033819],[127.56712025506098,36.78545011903548],[127.56761025284962,36.78523189370375],[127.56807070294008,36.78497539663892],[127.56849700111148,36.784683192836056],[127.56888488480614,36.78435820432821],[127.56923047575522,36.78400368095469],[127.56953031875418,36.78362316785147],[127.56978141620054,36.78322046998957],[127.56980901346381,36.78317006883894],[127.56990580002238,36.782981887131555],[127.56995339426985,36.782883085117746],[127.57013572404699,36.78243679356476],[127.57025928836454,36.78197765646105],[127.5703227448527,36.781510665694846],[127.57032923818225,36.781418665450346],[127.57033076539918,36.78139602018018],[127.57035445224844,36.78102765673379],[127.5703628933951,36.780949187763454],[127.57038666465087,36.78055318690476],[127.5703890908094,36.78050807913842],[127.57039258546857,36.78043457902162],[127.5703864895882,36.77999077036526],[127.57032613828945,36.77954959761541],[127.5702121181685,36.77911534208516],[127.57004553659621,36.77869221788993],[127.56982801093835,36.77828433105715],[127.56956165283054,36.777895639687586],[127.56924904766085,36.777529915554155],[127.56889322946074,36.77719070751077],[127.56849765144842,36.77688130706574],[127.56806615251102,36.77660471645312],[127.56760291995123,36.776363619511805],[127.56711244885966,36.776160355653815],[127.5670500469335,36.7761404706028],[127.56683023747104,36.775998910945155],[127.56644886845125,36.77579218172992],[127.56620337620588,36.77567058764644],[127.56614733224936,36.775643191266454],[127.56592263961348,36.77553479657497],[127.56553364602168,36.77536360319971],[127.56483189498839,36.77508320377271],[127.56471217547508,36.775033436586924],[127.56414910557461,36.774809737640936],[127.56360100490303,36.77458928697598],[127.56307939727435,36.774405525064175],[127.56253729245554,36.77426531949917],[127.56198029376317,36.77417011946392],[127.56141415838147,36.774120908957094],[127.56055748123855,36.77408173463009],[127.56031522288421,36.774016639002],[127.5598257628965,36.7739047238435],[127.55932569746759,36.77382900710928],[127.55891732072669,36.77378250957344],[127.55886071667662,36.773776301285],[127.55845877872386,36.77373389489586],[127.55834157650277,36.77372020246061],[127.55779025665356,36.77358010299443],[127.55772806289382,36.773564617591745],[127.55742370361047,36.7734903924144],[127.55685504672543,36.77325545288267],[127.5563498887092,36.773032084690264],[127.55627517060071,36.77299963680576],[127.55571895323902,36.77276244837901],[127.55570269447466,36.772755475329],[127.5556805426983,36.77274488908767],[127.55554981898071,36.77268431781008],[127.55531988972702,36.77258107123707],[127.554828174225,36.77229505517744],[127.55428831428794,36.77204915125293],[127.553717961265,36.771852790750245],[127.55283882504455,36.77159545839972],[127.55273453556035,36.771561614498886],[127.55206216823146,36.77136952468469],[127.55197692310058,36.77134579072395],[127.55196512368512,36.77134259089426],[127.55145698177371,36.771204863146814],[127.5509686344279,36.771092063577676],[127.55046959054873,36.77101533226129],[127.54974380117643,36.77093097920721],[127.54957697575739,36.77091114607308],[127.54940826496741,36.770893191343184],[127.54936225908735,36.77088886632321],[127.54929390435771,36.77087718967469],[127.54915112239739,36.77085069875298],[127.54890134343562,36.77080794117034],[127.54886905960615,36.77079877697568],[127.54881350408732,36.77078327015796],[127.54865061212197,36.770738572535535],[127.54863959189399,36.77073555885192],[127.5476570404748,36.77046777310292],[127.54760438006556,36.770453654351904],[127.54714970280013,36.77033376074618],[127.54702327462097,36.770301750458195],[127.54688158188445,36.7702673523008],[127.54663375805694,36.770212149813375],[127.54628547666057,36.770141453620234],[127.54625954932082,36.77013624359605],[127.54607605915899,36.770099745561964],[127.54593786675214,36.77007374778173],[127.54579357463322,36.770048149161035],[127.5457202742605,36.770035558210296],[127.54559088139017,36.77001405936801],[127.54551236348966,36.770001483506206],[127.5454954526982,36.76999887593153],[127.5454837559634,36.769995685092724],[127.54529098593137,36.76993731614979],[127.54517263395758,36.76990269722029],[127.54474015506534,36.76978060370229],[127.54447057102577,36.769710604755815],[127.54427468112812,36.76966410724928],[127.54382409837375,36.76957331148147],[127.54336571350392,36.76951286756721],[127.54305909792764,36.76949321648496],[127.5428915988679,36.769436447803095],[127.54248346571475,36.76931294233386],[127.54221117926562,36.769240146213775],[127.54212870678789,36.769218665739736],[127.54199661347381,36.76918516753071],[127.54164466891514,36.7691092962114],[127.5416043922849,36.76909905011299],[127.54147399890684,36.769066351862264],[127.54136019385751,36.76903887548207],[127.54126069901766,36.769015776722036],[127.54094383647369,36.76895021579254],[127.54081474349735,36.76892671705929],[127.54077572916373,36.76891973291633],[127.54061153814102,36.76889083447402],[127.54058445923447,36.7688861248633],[127.54041124742648,36.768856360016315],[127.5402182850956,36.76881989769825],[127.54013561178776,36.76880480585455],[127.54002321793216,36.7687850069218],[127.53989221745985,36.76876324585808],[127.53984587746825,36.76875601120477],[127.5397700806901,36.76873779358021],[127.53933995704118,36.76862728525105],[127.53869744068255,36.768495361837665],[127.53831166210618,36.76843546506116],[127.53820945584559,36.76842038598455],[127.53794330504569,36.76838316875603],[127.5375944343862,36.76814988789834],[127.53745223730903,36.76806319186577],[127.5373470238263,36.76800058754737],[127.53725128137327,36.767944998976496],[127.53717110384757,36.767897268256476],[127.53657395380368,36.767586933995915],[127.53650392593724,36.76755541871039],[127.53632824887534,36.76747336318604],[127.53569314822104,36.767170304360846],[127.53528067869632,36.766991798661806],[127.53485111332147,36.76684164563035],[127.53436473612776,36.766690753578715],[127.53426443686709,36.76666051998481],[127.53404134759806,36.76659522344279],[127.5337383657113,36.76651433194362],[127.53370196757874,36.76650553241537],[127.53368236941164,36.766500825779076],[127.53341578313841,36.76643722919058],[127.53328862191691,36.76640820255878],[127.53293504052422,36.76633110670739],[127.53291417674016,36.76632659221432],[127.53277142553274,36.76629594113513],[127.53265522951457,36.76626952975613],[127.53252846840563,36.76624036034546],[127.53214561203362,36.76615159936119],[127.53212776647709,36.766147487792864],[127.53200897265808,36.76612028925433],[127.5314014557845,36.76601015764173],[127.53136163431184,36.76600479017003],[127.53118563292574,36.765979055167215],[127.5310981387117,36.765966079301755],[127.53084232966437,36.76593304420951],[127.53080889263407,36.76592936227496],[127.53080074996359,36.76592835795591],[127.53067427712122,36.76591394448086],[127.53048598788854,36.76589424552309],[127.53044442634456,36.76589002440783],[127.5303104340279,36.76587682510318],[127.53001208127979,36.76585393521144],[127.52951071044679,36.76582633656895],[127.52950116171493,36.76582581752043],[127.52938936822048,36.76581981781431],[127.52936216844101,36.76581841153157],[127.5289620917422,36.76579851249296],[127.52882419498043,36.76579302541928],[127.52852278928417,36.765784026656284],[127.52847486736431,36.765782456774865],[127.52844304628361,36.76578148723725],[127.52815987247816,36.765773507641065],[127.52776066077546,36.765661324776744],[127.52765976617106,36.76563383544955],[127.52734988165402,36.76555203981548],[127.52686697122688,36.76544357624398],[127.52637393939287,36.76537029658583],[127.52610885450017,36.765340698159385],[127.52602323944069,36.76533167927942],[127.52579405257906,36.76530898047651],[127.5255540477981,36.765289421764095],[127.52536505876729,36.76527732237387],[127.52525519331684,36.7652711625357],[127.52469002624296,36.76524396384339],[127.52450346413413,36.76523749438571],[127.52436227239006,36.765234494493654],[127.52423960329237,36.76523296963521],[127.52417162093283,36.765232723738364],[127.52417160728986,36.76523272297925],[127.52392601713737,36.76521795545348],[127.52341357453226,36.76520979855373],[127.52338470848436,36.76520646029127],[127.52307268444973,36.7651775349797],[127.52287099613612,36.765163435698874],[127.52285713081719,36.76516248037738],[127.52269953995385,36.765151780921194],[127.52268418578565,36.7651507555687],[127.5225242950616,36.76514025610006],[127.52240715061627,36.76513355757859],[127.52220995449913,36.76512395221205],[127.52205011105359,36.76511417863985],[127.52169959328455,36.7651016147547],[127.52144973482918,36.76509896279467],[127.52132250792884,36.76509572381421],[127.5213000620892,36.76509438179562],[127.52129817612301,36.76509432585154],[127.521266926275,36.76508751313767],[127.52109483546009,36.76505251502531],[127.52093314339633,36.76502167752068],[127.52077935178788,36.764994278999865],[127.52060823843458,36.76496603927799],[127.52049574469429,36.764948940199346],[127.52009373265756,36.76490649918777],[127.51977941910569,36.76479018111799],[127.5197767028187,36.76479493239866],[127.51944817117317,36.76467504993675],[127.51902719080104,36.764542956890935],[127.51894133928167,36.76451666924672],[127.5188586432246,36.76449197055319],[127.51848674992559,36.764392662455045],[127.51792638362126,36.764260344107306],[127.51783872074756,36.76423609607896],[127.51734192793792,36.76411903575841],[127.51683382351108,36.76403938366055],[127.51631874880647,36.763997820350944],[127.51622646223782,36.7639972643847],[127.51613350619806,36.763964585925564],[127.51610682448992,36.76395576559438],[127.51601157217495,36.76392267754173],[127.5159078141674,36.76388611464401],[127.51578217171361,36.763843299954175],[127.51553618290575,36.763762304196504],[127.51549483867123,36.76374884528317],[127.51511575612517,36.7636268516893],[127.51504395037767,36.763604203756195],[127.51492629171261,36.763567843528556],[127.51477535721826,36.76352074415087],[127.51475540340805,36.76351354193486],[127.51447492632425,36.76341957299302],[127.51444812758132,36.7634112734306],[127.51374620186233,36.76323548671955],[127.51367490570138,36.76322168746469],[127.5129444788525,36.76312089375989],[127.51285008429643,36.763112994171586],[127.51254810257575,36.76309460238501],[127.51254761854105,36.76309436678269],[127.5121531592923,36.7629350521759],[127.51213206019482,36.762927352573875],[127.51160584891217,36.76276055645555],[127.51106141202997,36.76263731586498],[127.51050430255259,36.76255888779292],[127.50994020267294,36.76252607216548],[127.50937486584637,36.76253920368909],[127.50881405813968,36.762598148438215],[127.50826349945152,36.76270230522028],[127.50772880520263,36.762850611704025],[127.50721542908865,36.763041555248904],[127.50672860747844,36.763273188325506],[127.5062733060234,36.76354314836995],[127.50585416902165,36.76384868187023],[127.50547547205284,36.76418667243952],[127.50514107836595,36.764553672590665],[127.50485439946537,36.76494593888815],[127.50461836029682,36.76535947012002],[127.50443536938943,36.76579004810063],[127.50393465133988,36.76719657920256]]]}},{"type":"Feature","properties":{"id":"regional:43760:보강천:4","candidate_rank":4,"admin_code":"43760","admin_name":"괴산군","river_name":"보강천","river_class":"regional","width_class":"wide","width_proxy_m":77.58,"buffer_m":500.0},"geometry":{"type":"Polygon","coordinates":[[[127.62631677555751,36.81279322830153],[127.6261153520435,36.812979669660876],[127.6258139684848,36.81331694850512],[127.62568972907695,36.81347045060944],[127.62560406999128,36.813573801594195],[127.62531974810207,36.81395663328656],[127.62508388115565,36.8143601871162],[127.62489878009681,36.81478051053608],[127.6247662587463,36.815213486685934],[127.6246876160052,36.81565487470804],[127.6246636230991,36.816100351280056],[127.62469451598794,36.81654555295852],[127.62477999301791,36.81698611891797],[127.62491921783915,36.81741773366744],[127.6251108275626,36.81783616932589],[127.62535294607738,36.81823732704183],[127.62564320239925,36.818617277151695],[127.62597875387192,36.81897229768291],[127.6263563139945,36.819298910824145],[127.62677218460368,36.819593917004894],[127.62716374341056,36.81982054015725],[127.62715444742096,36.820165390438696],[127.62714771538778,36.820250774820806],[127.62714451291765,36.82029480527708],[127.6271406086584,36.82035340513598],[127.62713299790461,36.82064898500387],[127.62713737673599,36.82093948540781],[127.62713868207388,36.8209964033599],[127.62714297193311,36.821135703655344],[127.62715046256265,36.8212823505071],[127.62716524755822,36.82148945133584],[127.62719567654335,36.82176619324876],[127.62722465823374,36.82196105479757],[127.62724200729164,36.82211879375743],[127.62731860293522,36.822478986790564],[127.62732318882688,36.822496293599364],[127.62736115704993,36.82266917064682],[127.62741931143663,36.82289888333665],[127.6275731755914,36.823434890651974],[127.62775112930653,36.82392577989948],[127.62780588535078,36.824030734887394],[127.62782622810558,36.82407788164902],[127.62791303292492,36.824265492977595],[127.62797572577101,36.82439229575623],[127.6280645214639,36.82456173619081],[127.62817021141737,36.824752440778184],[127.62835251603883,36.82505118949692],[127.62853675521667,36.8253040032693],[127.62867845960966,36.8255098156686],[127.62915833919247,36.82610418342155],[127.62920766730844,36.826199577572645],[127.62924091993888,36.82628615870409],[127.62925418912496,36.82631873650903],[127.62930488749801,36.82648966493753],[127.62930981284079,36.82650431387193],[127.62934017203446,36.8266289016946],[127.62949616010972,36.82704817709358],[127.62956117243844,36.82717612438325],[127.62956053255982,36.82717631656264],[127.62962192487483,36.82730841931182],[127.62980526242863,36.82765740850915],[127.63005364112192,36.828079719160804],[127.6302900590959,36.828438827655994],[127.63045724991093,36.8286672344488],[127.63046036601814,36.82867148615685],[127.63049566409043,36.82871958758999],[127.63064963700386,36.82891471647636],[127.63068679235803,36.82896537497826],[127.63083212012562,36.82918269489019],[127.63126078913238,36.82997533061364],[127.63130849643582,36.830079652962226],[127.63151612918249,36.83043474481826],[127.63192880006434,36.831067362103944],[127.63220348824191,36.831443064812795],[127.6325220489418,36.831795675767545],[127.63261083055943,36.83187624945054],[127.63280187467423,36.83207877304482],[127.63316913955623,36.83239859230121],[127.63357308510187,36.832688429927536],[127.63400994114878,36.832945580501],[127.6342020727371,36.833037198562224],[127.63436402735428,36.83315943011381],[127.63448619955271,36.83324856081743],[127.6345099012478,36.83326672252863],[127.63460973181179,36.833349227902424],[127.63461829131387,36.83336368366427],[127.6349047584774,36.83374509134298],[127.63523669219464,36.83410188945902],[127.63561084668908,36.83443058846133],[127.63602356311569,36.834727973572704],[127.63647080533842,36.83499113624197],[127.63694819940487,36.83521750260205],[127.63745107633125,36.83540485865399],[127.63797451777953,36.835551371930684],[127.63851340417914,36.835655609427995],[127.6390624648211,36.83571655162714],[127.63961632943462,36.83573360247096],[127.63967193269384,36.83573310241081],[127.639924724186,36.8357207415627],[127.64008231197624,36.83581862244554],[127.64058593475079,36.836068092623144],[127.64111946650246,36.836273504157475],[127.64149224605579,36.836379865573896],[127.64164217866308,36.83642983023065],[127.64205942347559,36.836532560604],[127.64206341731307,36.836536347543934],[127.64211523046139,36.83658107113001],[127.64214256664546,36.836614358683335],[127.64247512582655,36.836946232759054],[127.64258212480733,36.83704323649545],[127.6429666063428,36.83735912889647],[127.64296980416071,36.837361286113634],[127.64304454097245,36.837437842076085],[127.64311643535665,36.837505882718695],[127.64332838484448,36.83774884269445],[127.64354652787948,36.83795170767526],[127.64363178884864,36.83805331288969],[127.64398067015591,36.83839232745878],[127.64411791647635,36.838513157401344],[127.64414272481464,36.83853731960129],[127.64434700389495,36.83872540843331],[127.64465110211114,36.83899021885199],[127.6447151732019,36.83904508546108],[127.64509957207672,36.83936879841553],[127.64554068407777,36.83970219397818],[127.6457532789608,36.839846300464586],[127.64585558306239,36.83992066853951],[127.64597444227148,36.840004649676054],[127.64604944324431,36.840056151934306],[127.64628511883879,36.84020932439235],[127.6465022396478,36.84034279784768],[127.64666090285156,36.84044512200044],[127.64687200815277,36.840587262153164],[127.64696600948234,36.840649172915164],[127.64707916159828,36.840722062964076],[127.64711350681799,36.84076291259238],[127.6474566111454,36.841096750867386],[127.64783800716671,36.84140257182539],[127.648254171779,36.841677550143785],[127.648701260543,36.84191914541241],[127.64917514320226,36.842125125612846],[127.64967144184823,36.842293587747974],[127.65018557137853,36.84242297543119],[127.6502495729758,36.84243379417622],[127.65031970615989,36.84248806148364],[127.65033830637812,36.84250106204968],[127.6506864027433,36.842725444428346],[127.65105560385622,36.84292686082121],[127.65108120465719,36.842939661442905],[127.65114897843554,36.84296882614338],[127.65125791169217,36.84304628552097],[127.6517114360843,36.84330901279264],[127.65219526830396,36.84353412280093],[127.65270459534878,36.84371937612631],[127.65292657655723,36.84377952922774],[127.6531144049266,36.84384194777741],[127.65364355229116,36.84397043997857],[127.65418587413328,36.844056417442616],[127.65473609589206,36.84409904396796],[127.65498195313756,36.84409853769444],[127.65502341348274,36.84410132524541],[127.65516212161025,36.84410542540307],[127.65565222972234,36.8440999715076],[127.6559881227636,36.84418205932919],[127.65601199381182,36.844185898764295],[127.65648469554577,36.84439158300142],[127.65698669496582,36.84456167947529],[127.6575068694572,36.84469180501406],[127.65804030507454,36.84478073034911],[127.65858196253423,36.84482761542115],[127.6591267248434,36.844832017319774],[127.65913962559776,36.84483161728919],[127.65964791555982,36.84479718809032],[127.6601502061917,36.84472576361402],[127.66053706123778,36.84464100211994],[127.66062153957661,36.84462977414942],[127.66113852794095,36.84451953092847],[127.66164008762244,36.844370184914304],[127.66212165143376,36.84418309608346],[127.66257883436258,36.84395996809285],[127.6630074735146,36.84370283275855],[127.66340366602957,36.8434140315457],[127.6637638046239,36.84309619423835],[127.6638718328553,36.84298036301476],[127.66388233683031,36.84297192729952],[127.66390401387767,36.84295461670189],[127.66400545069834,36.84287149144589],[127.66404065052643,36.84284189026305],[127.66435181132105,36.84255714973683],[127.66438161069746,36.8425274486632],[127.664584006353,36.84231290341435],[127.66461036414023,36.842283157189875],[127.66463506638495,36.8422560047043],[127.66466776987909,36.84221967926997],[127.66470616858776,36.842176577829484],[127.66502340472384,36.841777775796686],[127.66528682833291,36.841354422194286],[127.6654935323121,36.840911190558224],[127.66564123583025,36.840452973781474],[127.66572830946657,36.83998483009138],[127.66573777019323,36.83980926718676],[127.66575769895054,36.83976352679337],[127.66588971431291,36.83932254024802],[127.665965894558,36.8388731192806],[127.66596779326316,36.838855219205385],[127.66598790978676,36.83844007037514],[127.66596036233454,36.83802519721154],[127.66589382468945,36.83766039470933],[127.66585144242562,36.83730240583054],[127.66574232215682,36.83685892593114],[127.66559928701048,36.83648143173097],[127.66566956993567,36.83646516440637],[127.66568037048349,36.8364625642567],[127.6658221135173,36.836426788463804],[127.66583271403928,36.8364239883046],[127.66599922160937,36.836377661376986],[127.666009822111,36.83637456120329],[127.66609719358839,36.83634834525057],[127.66610759406912,36.836345145072706],[127.66626845572152,36.83629334291242],[127.66627885617969,36.83628984272091],[127.6663676365209,36.836259238954526],[127.66637783695704,36.83625563875933],[127.666532066988,36.836198951540986],[127.6665422673996,36.83619505133296],[127.66663172278493,36.83616006142853],[127.66664172317346,36.83615606121732],[127.66676083110917,36.836106982429285],[127.66677073147287,36.83610278221058],[127.6669562604066,36.836020429598214],[127.66696596072812,36.83601592936932],[127.66701227423363,36.83599420526768],[127.66702197454585,36.835989605035174],[127.66715675694576,36.8359236126927],[127.66716625722366,36.8359188124546],[127.66729954032482,36.83584933048496],[127.66730884056784,36.83584433024189],[127.66737480788727,36.83580831450502],[127.66738400811259,36.835803214259705],[127.66755464506382,36.835704776966686],[127.6675636452433,36.835699376714366],[127.6676271256037,36.835660719899074],[127.66763602576505,36.83565521964498],[127.66774411780928,36.83558670525974],[127.66775011789849,36.83558280508324],[127.66782840529642,36.83553096794414],[127.66783700540272,36.835525167685795],[127.66795749977894,36.835441528800395],[127.66796589984824,36.83543552854002],[127.66804982769021,36.83537434642195],[127.66805802773276,36.8353682461623],[127.66814852162598,36.83529940824007],[127.66815662163953,36.835293107977805],[127.66820252747145,36.83525643409201],[127.66852085649172,36.83550126150413],[127.6689584118141,36.835776572718146],[127.66942773386367,36.83601570347735],[127.66992420945586,36.836216303128744],[127.67044295836426,36.83637639976528],[127.67047215982974,36.83638410017422],[127.67098678357615,36.83649829570958],[127.67151259064572,36.836572614742586],[127.67204480981559,36.8366063829018],[127.67257861165045,36.836599293778825],[127.67310915234796,36.83655141170989],[127.67327870203786,36.8365227763004],[127.67340806880154,36.836513617788775],[127.6739428995495,36.83643318137363],[127.67446550567573,36.83631143762069],[127.67497096144861,36.83614953402699],[127.67545450286809,36.83594899660466],[127.67591157258545,36.83571171549045],[127.67633786287038,36.83543992712225],[127.67672935622002,36.83513619315073],[127.6770823632267,36.83480337628553],[127.67739355734734,36.83444461330407],[127.67766000624647,36.834063285477626],[127.67768150452314,36.83402868459989],[127.67793346416312,36.83355792585421],[127.67798005798724,36.8334551238791],[127.67812894053958,36.83307519492898],[127.6782354925575,36.83268617996862],[127.6782988817377,36.832291120057],[127.67831861322237,36.831893103461596],[127.67831820781008,36.83181890353523],[127.67827472633955,36.831278231367],[127.67815082165646,36.830745664446425],[127.67813501830878,36.83069486519384],[127.67797396313468,36.83026812755946],[127.67776121834177,36.82985627924795],[127.67749886895285,36.82946335505426],[127.67718948584279,36.82909320431923],[127.67683610053001,36.82874945322835],[127.67676850007206,36.82868995555612],[127.67669349328285,36.82863041529664],[127.6766023277313,36.82846811139526],[127.67631478066181,36.82807023419654],[127.67597825175999,36.827698009821106],[127.6755962518902,36.82735532078852],[127.67553105191841,36.827302522941736],[127.67552182439061,36.827295068057815],[127.6754821244232,36.827263069365706],[127.67511087947716,36.82698959081597],[127.6747106009929,36.82674400266157],[127.67453484690763,36.82665502253458],[127.67421619399572,36.82646204535161],[127.67375588159412,36.826235527873],[127.67327060245306,36.82604565451604],[127.6727648566381,36.825894185951356],[127.67254933792508,36.82584804321085],[127.67251735084083,36.82582672892134],[127.67203803406358,36.825569184838955],[127.67186537156667,36.825495811388684],[127.67171275893395,36.82542142013706],[127.67122792602716,36.82523361895048],[127.6709396381754,36.825148246401525],[127.67090493171358,36.82513478746305],[127.67041966490541,36.82498928013199],[127.66991976256206,36.82488040748055],[127.66940949369786,36.82480909924645],[127.66889321580923,36.82477596438007],[127.66872962539273,36.824771564538366],[127.6682231809491,36.82477635174929],[127.66771934195279,36.8248178759553],[127.66722222298533,36.82489579805766],[127.66673588377942,36.82500948171388],[127.66658109955493,36.82505184859691],[127.66642571555082,36.82509431591631],[127.6661848544837,36.825165126848425],[127.66594996521228,36.825239122752265],[127.66544536344396,36.82542166973743],[127.66496561156885,36.82564332987384],[127.66486914459513,36.82569874148108],[127.66470812326816,36.82577127465367],[127.66426290089721,36.82602011911543],[127.6640555473185,36.826161760213076],[127.66315757231551,36.82660360001026],[127.66293735689183,36.826717725729026],[127.66280655555403,36.82678904635956],[127.66250226039635,36.826915776496236],[127.66236345096014,36.82698821227895],[127.66231145119635,36.82700533456076],[127.6617870605509,36.82723297985529],[127.6616363651642,36.82730697615322],[127.6611498676822,36.82757548763248],[127.66095853402359,36.82763288965404],[127.66093773496277,36.82763958928462],[127.66077850993005,36.82769317965672],[127.6607580108094,36.827700379266005],[127.66054999630497,36.82777754467005],[127.6605297971052,36.827785444250786],[127.66034155729106,36.82786262283142],[127.6603217580096,36.827871122390185],[127.66012635458534,36.827959084019525],[127.66010705521157,36.82796818355884],[127.66009122425994,36.82797591250136],[127.66007245442445,36.82798035531402],[127.66005115548785,36.827985755005294],[127.65993874126815,36.82801530605142],[127.65991744230548,36.82802110572308],[127.65984649538174,36.828040851250925],[127.659825396392,36.82804685091338],[127.65973487534428,36.828073296921275],[127.65971387632663,36.8280795965698],[127.65959741184311,36.82811572850294],[127.65957651278923,36.828122428133234],[127.65950580745952,36.82814554402064],[127.6594851083765,36.82815244364253],[127.65938798290841,36.828185683554196],[127.65936748378783,36.82819288316347],[127.65928034783221,36.82822419963244],[127.65925994868024,36.82823169922915],[127.65916425432287,36.8282677613783],[127.65914405513158,36.828275560963206],[127.65908395975569,36.8282991214586],[127.65906386054014,36.828307121035735],[127.65893478802933,36.82836017415566],[127.65891498875679,36.82836857371833],[127.65885620210408,36.82839387367001],[127.65883650280624,36.82840247322549],[127.65874398287795,36.82844377594765],[127.65872448353787,36.82845267549299],[127.65863303405062,36.8284953351491],[127.65861373466755,36.828504534684846],[127.65854599484757,36.82853734603824],[127.65852689543031,36.8285467455683],[127.65841531761517,36.82860311745254],[127.6583964181442,36.82861291697048],[127.65834023146937,36.82864243464188],[127.6583216319653,36.82865233415903],[127.65822468744486,36.828705111557454],[127.65820618789367,36.82871541106275],[127.6581294385178,36.82875891003718],[127.65811123892297,36.828769409539255],[127.65802670581792,36.828819146056645],[127.65800870617704,36.82882994555197],[127.65793517176975,36.828874827826965],[127.65791697209448,36.82888612730595],[127.65782031810059,36.82894751086936],[127.65758003240175,36.82910359005314],[127.65752514286689,36.82912930720271],[127.65749994333417,36.82913770447016],[127.65702828282281,36.829339113843055],[127.65658260984843,36.82957569789504],[127.65616697129298,36.82984530849308],[127.65578514144723,36.83014549760444],[127.65544058774213,36.830473539515445],[127.65533169902581,36.830587842315566],[127.65527205602767,36.83064987436339],[127.65499755629158,36.830962611566726],[127.6549814486508,36.83096610291352],[127.65496194961442,36.830971202623225],[127.65458749150287,36.831081120951545],[127.65457309214852,36.831085820693055],[127.65422298955835,36.83121362259237],[127.65366227523457,36.83126956165931],[127.65364337628262,36.8312723614896],[127.65284634936391,36.831439928294394],[127.65282415044157,36.83144602794954],[127.65250892409689,36.831544275379514],[127.65248066368804,36.83150705956111],[127.65238727815492,36.83124198887272],[127.65218526555887,36.83082887990007],[127.65193366565657,36.83043375525345],[127.65163492124125,36.83006045005844],[127.65129193257192,36.82971258760629],[127.65090802920638,36.82939354419627],[127.65048693767356,36.82910641637646],[127.65003274529994,36.828853990900285],[127.64954986054043,36.828638717689934],[127.64950266634455,36.82862232833262],[127.64937750617017,36.82852972245672],[127.64892783922969,36.8282585373939],[127.64888174048725,36.82823353858153],[127.64873770839203,36.82816335694461],[127.64867818145675,36.82812228463078],[127.64843018625227,36.82796769165699],[127.64842508134564,36.82796451317904],[127.64836848244848,36.8279293147801],[127.6479239573494,36.82767953795802],[127.64745148364437,36.82746547027086],[127.64695548555233,36.82728911615261],[127.64644060746008,36.82715212689406],[127.64631061110309,36.82712306785749],[127.64609455089855,36.82707382628214],[127.64591219006546,36.82703186190655],[127.64590301577864,36.82702968160028],[127.6458966575748,36.82702817383364],[127.64565746995851,36.82697157685699],[127.64549453717764,36.82693311839063],[127.64522961432712,36.82687620836354],[127.64516101803243,36.82686290907615],[127.6451518401262,36.82686113625551],[127.6450962431331,36.82685043682884],[127.64461460980151,36.8267770438284],[127.64460089143932,36.82676407532097],[127.64420682300813,36.82645795743942],[127.644061124638,36.82635536189142],[127.6436786730404,36.826108955275735],[127.64327090626486,36.82589035260022],[127.64317680932265,36.825844554838724],[127.64274205939347,36.82565353784832],[127.64263589612541,36.82561168074488],[127.64263028401663,36.825609463303195],[127.64228024968261,36.825460935970916],[127.64196005257817,36.82535814684911],[127.64180114919343,36.825032726957154],[127.64155031209877,36.82463815447626],[127.6409996801523,36.82386797699751],[127.6408603110657,36.82369402225994],[127.64064034326618,36.82310150325381],[127.64063833123004,36.82309587471413],[127.64049909234683,36.822764035598894],[127.6404668052245,36.822676411691845],[127.64028666322403,36.82226261877213],[127.640057351485,36.82186486050276],[127.63995104397425,36.821701764956046],[127.6398476608268,36.821550292744575],[127.6397733521733,36.82144620250322],[127.6397448192946,36.82139324264009],[127.63944499211476,36.82096933405826],[127.63924670601617,36.82072126974296],[127.63924832257106,36.820686188934516],[127.63924512731396,36.82030618420242],[127.63927488274601,36.8197408774237],[127.63927849921461,36.81965089393238],[127.63928009502335,36.81959339389813],[127.63928038213902,36.81940332895574],[127.63927406353123,36.819147829427166],[127.63926614877991,36.81898183687533],[127.63924262465973,36.81864893819813],[127.639193108823,36.81825497877277],[127.63914048838998,36.81796458139031],[127.63914017167075,36.81796461848805],[127.63912019604491,36.81785166163636],[127.6391080919028,36.81779226223161],[127.63904948824268,36.817547363438],[127.63890875381433,36.817035970159424],[127.6388587334229,36.81686930699044],[127.63874381036436,36.816516012383104],[127.63856922281515,36.816085763614424],[127.6385725357869,36.81608480949163],[127.63838231049105,36.81565781806451],[127.63829829248797,36.815481014106176],[127.6380920108371,36.81507284887224],[127.63807037737963,36.81502798996263],[127.63780361506517,36.81455703874589],[127.6376661054527,36.81434714449762],[127.63763871073265,36.81430585070319],[127.63759840805608,36.814245852378455],[127.63735621360094,36.81391908857213],[127.63708060239938,36.813609915738766],[127.63695609969118,36.81348202032576],[127.63675871928321,36.81329040612308],[127.63649891650878,36.8130519152417],[127.63610730237805,36.81272691305457],[127.63567711948645,36.81243513558666],[127.63557035568397,36.81237637374332],[127.63550273140127,36.812327450356996],[127.63541654728478,36.81226993290541],[127.63532585389403,36.8122091245947],[127.63509318263044,36.81206183114948],[127.63480043925284,36.8118430434097],[127.63435708614936,36.81157233344651],[127.63388251551606,36.811338332169754],[127.63338141146671,36.81114334910623],[127.63285871987108,36.810989308670344],[127.63231959955745,36.81087773117939],[127.63176937141813,36.810809717855825],[127.63121346591937,36.81078593996374],[127.63065736953293,36.81080663218699],[127.63042088316867,36.81082493100376],[127.62986024802068,36.81089146012269],[127.62931083660959,36.81100318186688],[127.62877826827635,36.81115895357372],[127.62826799018201,36.81135718203573],[127.6277852216171,36.81159583978758],[127.62733490063613,36.81187248583308],[127.62692163356172,36.81218429060039],[127.62654964787446,36.81252806487158],[127.62631677555751,36.81279322830153]]]}},{"type":"Feature","properties":{"id":"regional:43750:백곡천:1","candidate_rank":5,"admin_code":"43750","admin_name":"진천군","river_name":"백곡천","river_class":"regional","width_class":"wide","width_proxy_m":153.04,"buffer_m":500.0},"geometry":{"type":"Polygon","coordinates":[[[127.29152302644711,36.89501344942602],[127.29153205331521,36.895025005929966],[127.2916066275324,36.89517248121103],[127.29163762456426,36.89522828254298],[127.29170254828232,36.895340960180036],[127.29174554464988,36.895412962002354],[127.29184476819758,36.89556102702369],[127.29189880879558,36.89572133827026],[127.29192930384013,36.8958001396489],[127.2921035438332,36.89618708117608],[127.29232101201131,36.896559641049535],[127.29257989499243,36.89691471159031],[127.29287803384864,36.89724933096428],[127.29321294210119,36.897560707894804],[127.29325244193602,36.897594209231954],[127.29364050439426,36.897893228061875],[127.29406243712404,36.89816102664593],[127.2945143622078,36.89839514348569],[127.29499212593039,36.898593426651935],[127.29549133696669,36.898754053573086],[127.29597587849868,36.898868125422865],[127.2962441628574,36.89899762418263],[127.2967150405736,36.89917937027329],[127.29692360405916,36.899241431979284],[127.29693297602799,36.89924614625998],[127.2969596769772,36.899258146863374],[127.29698799261284,36.8992707870794],[127.29717339930443,36.899352991225165],[127.29773410803763,36.899569918673336],[127.29773710817318,36.89957091872633],[127.29786224115492,36.89961122120682],[127.2978741417123,36.89961492140455],[127.29808216304271,36.89967583724326],[127.29809416363432,36.899679137421785],[127.29821924561912,36.899712222847],[127.29823144623681,36.899715323015755],[127.2984333216951,36.89976329157702],[127.29844552233608,36.89976599172522],[127.29862151486907,36.89980248768823],[127.2986339155384,36.89980488782066],[127.2987907233123,36.899833334724654],[127.29880312399547,36.89983543484083],[127.29897816435165,36.89986275251882],[127.29899076505922,36.89986455261852],[127.29915062935332,36.899885482723555],[127.29916323007106,36.899886982806464],[127.299379543755,36.89990929226072],[127.29939214448348,36.89991039232093],[127.29954089172868,36.899921567641954],[127.29983928006297,36.89999295214909],[127.30003619056663,36.90003355438404],[127.3005454326648,36.900118563217355],[127.30090755318291,36.900165065790084],[127.30101622688092,36.90017814580406],[127.30105272896755,36.90018224603033],[127.30131956883686,36.900207004198506],[127.30137547208518,36.900211104420904],[127.30169898038218,36.90022727964],[127.30175508367557,36.90022877971227],[127.30209134543553,36.90022967149493],[127.30214734872284,36.90022847141064],[127.3024708376698,36.90021402232539],[127.30252674091744,36.90021022209118],[127.30284947474085,36.90018070299603],[127.30290507790444,36.90017430261432],[127.30296485165833,36.90016669046529],[127.30328529775353,36.90015179771756],[127.30384182985989,36.90008043980385],[127.3040025503659,36.9000462646139],[127.30446231331314,36.90019618346539],[127.30499028674798,36.90032156050578],[127.30521681186858,36.90035641714382],[127.30523537985337,36.90036068492167],[127.30529018285418,36.900370385457705],[127.30570494585102,36.900430776562345],[127.30588525537081,36.900445918889595],[127.30588511247221,36.9004468751683],[127.30591831438458,36.900450075344],[127.30609843989428,36.900465072333105],[127.30625804917828,36.90047627293837],[127.30668788854054,36.90049042387318],[127.30698710135287,36.900574525581455],[127.30753209164965,36.90068009558167],[127.30808748149052,36.90074144960292],[127.30813595685926,36.90074287956401],[127.3081977129517,36.90075031537296],[127.30869910684622,36.90077420088651],[127.30920115115053,36.90076197093836],[127.30930705731757,36.90075557053988],[127.30938624307345,36.9007475814982],[127.30955308549326,36.90079697427725],[127.30995160560883,36.900899279838775],[127.3105346588805,36.90102166278774],[127.31113069536376,36.90109310646425],[127.3111847088059,36.90109487191586],[127.31144494144243,36.90118465571994],[127.31197111151786,36.90131876481863],[127.31211781930047,36.90134986652741],[127.31229939562205,36.90138097060019],[127.31238521727605,36.901402839654004],[127.31289817201652,36.90149221512513],[127.3134192832713,36.90154269437166],[127.31394398830115,36.90155383541165],[127.31446769288478,36.90152554070017],[127.31498581156595,36.90145805798365],[127.31529502851929,36.90140575493526],[127.31584629773162,36.90128872368774],[127.31637992487579,36.90112735222071],[127.31689039618917,36.90092330796315],[127.31700610019949,36.90087100529997],[127.31701429138114,36.90086729529968],[127.31711279477936,36.90082259302577],[127.3174783311309,36.90064154189423],[127.31757476924778,36.90058516555892],[127.31793846040752,36.90043687781718],[127.31840510168954,36.90019743870402],[127.31854061956948,36.90011169179209],[127.31887165895361,36.89999301319219],[127.31930399423665,36.899799663574925],[127.3197134295331,36.89957646577023],[127.31976475484888,36.89954574590441],[127.32023355409812,36.89945864842288],[127.32076016776392,36.89931543857983],[127.32083082170247,36.89928971306389],[127.32120770790678,36.899181023240196],[127.3217370347417,36.89897589576698],[127.32212343301707,36.89880556431134],[127.3222103689302,36.89881212443689],[127.32277404638032,36.89880902307761],[127.32333448995819,36.898760501352186],[127.32388603979372,36.898667049281975],[127.32425887407028,36.898571642467246],[127.32448130378157,36.89854596573181],[127.3248206228217,36.89854667080901],[127.3253805275345,36.89850257417963],[127.32593211596398,36.89841365497847],[127.32646983939314,36.89828080769942],[127.32663680512859,36.89823207192018],[127.32677496897658,36.89819183546093],[127.32684065263048,36.89817212444746],[127.32698103871803,36.89814942775011],[127.32717886610703,36.8981017461089],[127.32744852896525,36.898080935065344],[127.32796077347425,36.89800232474147],[127.32846171345027,36.8978858458805],[127.32894701869655,36.89773250535828],[127.32941249423487,36.89754362868478],[127.32985411658179,36.89732084854048],[127.33026806853898,36.89706609065674],[127.33030706902868,36.89703968948324],[127.33057674288456,36.896833348095136],[127.33101636012267,36.89656864599588],[127.33142648554535,36.89626631068837],[127.33179727770896,36.89593281372297],[127.33212508499551,36.895571439910384],[127.33240667930805,36.89518574858847],[127.33263928785082,36.89477953855404],[127.33282062041836,36.89435681063768],[127.33286458767166,36.89420767928829],[127.33294219569711,36.89404527787577],[127.33294808097229,36.89403684191981],[127.33315050523898,36.89370881334702],[127.33358419389012,36.89374458584791],[127.33413002757901,36.89374677064608],[127.33467354093555,36.893706331602516],[127.33475684567613,36.89369683103343],[127.33493909487031,36.8936735836032],[127.33497239673403,36.893668883325475],[127.33510860188846,36.893648262531734],[127.33524170889356,36.89362673953357],[127.33543759657954,36.893596123371196],[127.335578676334,36.89357255867078],[127.33572208413612,36.893547057187824],[127.33579281230985,36.89353409395922],[127.33589241767653,36.89351529287096],[127.3361253751409,36.893467064014075],[127.33619987900911,36.893450263056586],[127.33629606785807,36.89342782589653],[127.33636037113786,36.893412325019085],[127.3365496583004,36.89336374368673],[127.33663996272657,36.89333914231334],[127.33690938531107,36.893259512915265],[127.33698678885004,36.893234811566096],[127.33730370550198,36.893124483927735],[127.33740240955774,36.893087181949774],[127.33754896193095,36.89302969226443],[127.33760437113082,36.89300714906026],[127.33764982100885,36.89299375223407],[127.33790223186661,36.89290434743502],[127.33833535096664,36.89273268011456],[127.33874847663907,36.89253172115814],[127.33913854571094,36.892302960683956],[127.33929714827961,36.892201256060986],[127.33965137253823,36.891953923684184],[127.33997861089505,36.89168366980682],[127.34002671039696,36.89164046813897],[127.34039036866034,36.89127772757988],[127.3405072649226,36.89114792318607],[127.34091091101155,36.89062875943135],[127.34100771432462,36.89048307403],[127.34109244942483,36.89035715926523],[127.34123223671274,36.8901349732357],[127.34126839995187,36.89007331827806],[127.34132543111477,36.889976950930674],[127.34143642925086,36.889777004031835],[127.3414426382619,36.88976504645372],[127.34157906467239,36.889590597206066],[127.34186952441526,36.889171111639165],[127.34198381298525,36.88895457444762],[127.34218423424686,36.88886364460885],[127.34264248947785,36.8886040870675],[127.34287656432647,36.88844110528524],[127.34305755114829,36.88832983404015],[127.34332853723492,36.88814703432788],[127.34369384139795,36.88795731205406],[127.3437331163924,36.887942072448226],[127.34418466695756,36.88772260644727],[127.34426906488828,36.88767231303022],[127.34452118785873,36.88758308463804],[127.34461669163831,36.887545282652354],[127.34464783737226,36.887532858091625],[127.34485554548208,36.88744935371984],[127.34504207597364,36.887364544829204],[127.34527964568031,36.88740644041734],[127.3458438274292,36.88745870173243],[127.3459379762135,36.88746356060842],[127.34611561006285,36.887475550411786],[127.3466368031256,36.887491180892006],[127.34683149125189,36.88748246003507],[127.34732474402637,36.88759439379777],[127.34785696091593,36.88767168651383],[127.34803215548565,36.88768330842784],[127.34805904583143,36.88768854322675],[127.34849234347472,36.88773759096291],[127.34866065228219,36.88776476961037],[127.34917862520076,36.887808822272255],[127.34919689090023,36.88780900692923],[127.34970498473893,36.88788375079483],[127.35003640379944,36.8879166525895],[127.35004917865332,36.88791790884929],[127.35024939017741,36.88793740991207],[127.35035727760841,36.88794706825098],[127.35050668626288,36.88795926890991],[127.35071776309907,36.8879732764411],[127.35083907018884,36.88797947676306],[127.35121324793015,36.88798854633909],[127.35129075248344,36.887988346303764],[127.35146739618729,36.88798565508386],[127.35156060165095,36.88798305490468],[127.35191162214639,36.887964394836274],[127.35205553047005,36.88795309414061],[127.35233607235408,36.88792531495735],[127.35252498306701,36.88790271360498],[127.35280943364324,36.8878626433918],[127.35291603951575,36.88784534237767],[127.35318506673708,36.8877961200704],[127.35334007496638,36.88776451825103],[127.35364126934446,36.88769587105033],[127.35376927578183,36.887663569229495],[127.35407486090497,36.88757860693475],[127.3541126626737,36.88756710630181],[127.35421530904098,36.887535857165894],[127.35437551543849,36.88748480965084],[127.35447761999752,36.88745080780542],[127.35479274010213,36.88733660459559],[127.35490684464739,36.88729180223752],[127.35497282002123,36.88726389443085],[127.35500069163501,36.887355684985074],[127.35506783435473,36.88750977919809],[127.35508860433185,36.88756810637763],[127.355269761967,36.88799481549801],[127.35550310570571,36.888404844722054],[127.35578629966119,36.88879408802911],[127.35611650862245,36.88915864748876],[127.35623307857855,36.88926346699432],[127.35632494536449,36.88935163519738],[127.35649851605321,36.88954340550688],[127.35689759467328,36.88989815862113],[127.3570494948207,36.89001956361202],[127.35757036835706,36.89038728920989],[127.3578398319427,36.89055498841869],[127.35806453223285,36.890741664416566],[127.35809802042178,36.890778867703354],[127.35846946492795,36.89111507212808],[127.35888077195644,36.89141987254953],[127.35932784735847,36.891690234662455],[127.35980624076294,36.89192346696823],[127.36031118988545,36.89211724758007],[127.36068060367195,36.89222418221187],[127.36081613117173,36.892269638430854],[127.36087103385373,36.8922851392647],[127.36106399237111,36.89233191986832],[127.36109639014244,36.892347131715745],[127.36160211298622,36.89253331391829],[127.3616112624652,36.892535835661086],[127.36192924654004,36.892675674588126],[127.3624167824568,36.8928441408465],[127.3629219609983,36.89297484056281],[127.36344025882067,36.89306660344492],[127.36396703504977,36.89311860784121],[127.36449757285611,36.8931303881012],[127.36502712171178,36.89310183874717],[127.36555093994984,36.893033215418846],[127.36606433724408,36.89292513258305],[127.36641522969612,36.89282193455978],[127.3664398803721,36.89281596029889],[127.36645669310138,36.89281248223075],[127.3667629796761,36.89273507019799],[127.3672176289907,36.89265968573953],[127.36772135564325,36.892535617619494],[127.36801716545286,36.89243753195572],[127.36837905306996,36.89232547940459],[127.36887274849259,36.892125777268106],[127.36933957218476,36.8918880126093],[127.3693455723267,36.8918846124474],[127.36962820377006,36.89171347269419],[127.36968349093249,36.89167774284025],[127.3696846868411,36.891677041886034],[127.3697967803357,36.891609602232656],[127.36982318082599,36.891593301480356],[127.37007885981133,36.891425593378464],[127.37009235995316,36.891416192965714],[127.37024635387553,36.891304897309304],[127.37024875388744,36.89130309723291],[127.37058785825509,36.891014740384705],[127.37071070700705,36.89097306290758],[127.3711909436223,36.89076378873691],[127.37164355109033,36.89051797695409],[127.37206423480097,36.89023796012391],[127.37210117434091,36.89020804863474],[127.37224288603952,36.89014315844151],[127.37235418235879,36.89009082455466],[127.37246688593821,36.89003642183044],[127.37254894304989,36.88999516828373],[127.37266978579223,36.88996563929995],[127.37325663584298,36.8897610763852],[127.37381066654088,36.88950416648185],[127.37387959173883,36.889467844781436],[127.37430080991624,36.889417598287544],[127.37437401392532,36.889405197561594],[127.3743844759912,36.88940277502257],[127.3744140377206,36.889403563994925],[127.37457284704413,36.88940116380393],[127.37483183840298,36.88939243685539],[127.3749809471004,36.889384636355565],[127.37550680351008,36.88933384416044],[127.37555283661214,36.88933209517599],[127.3758110698227,36.88932280237879],[127.375945210707,36.889332812237306],[127.37647454111396,36.889332057363745],[127.376609148989,36.88932675701272],[127.37687575361949,36.88931113603828],[127.37699881740522,36.889301552416576],[127.37724293229228,36.88930020668723],[127.37741893611377,36.889285411523026],[127.37749328972772,36.88928393677739],[127.37787221179491,36.889261935381036],[127.3780015431818,36.889253216454506],[127.3781682528302,36.88924041566136],[127.37895854659297,36.889133531290796],[127.37916145227122,36.88909393720095],[127.37935321176217,36.88906912818136],[127.37946305397419,36.889045696975586],[127.3796472880539,36.88901297761407],[127.37992217301209,36.88898900207505],[127.38013309411471,36.88895425890174],[127.38048395055154,36.888914672893215],[127.38101345193589,36.888812074483205],[127.38152806557378,36.88866870313417],[127.3820229377283,36.88848591112627],[127.38249340095538,36.888265422543306],[127.38293501814188,36.88800931700316],[127.38334362436589,36.88772001003466],[127.38371536618423,36.887400230284975],[127.38404673797625,36.887052993773985],[127.38433461500068,36.88668157543846],[127.3845762828542,36.88628947823508],[127.3846307773608,36.886189075939185],[127.3848102637101,36.88581342550728],[127.38488099116304,36.885613693005006],[127.38499939637305,36.88542361243526],[127.38516876124307,36.8850860893495],[127.38523655201679,36.88493348642768],[127.38538647822041,36.88454009636666],[127.38549110565192,36.88413736024163],[127.38549237227512,36.884128504206444],[127.38551923844005,36.88408172588889],[127.38555393438494,36.88401142440951],[127.38558336448767,36.88394639965399],[127.3856494946943,36.8838293216371],[127.38569288964209,36.88374161978736],[127.38586512235307,36.883339101107],[127.38598930019658,36.8829253223746],[127.38606431563832,36.88250397667331],[127.38608345606534,36.88218085582434],[127.38615245842641,36.882111849495196],[127.38648204919465,36.88174610998619],[127.38676441222924,36.88135570553995],[127.38699671214336,36.88094455748075],[127.38700011990855,36.880936454819036],[127.38713863636889,36.88072820293678],[127.38726935889278,36.88057948880436],[127.3874561419606,36.880414706634376],[127.38763916384168,36.88021805439686],[127.38764535456512,36.88021722930903],[127.38818074479023,36.88010128189089],[127.3886992633076,36.879943426153964],[127.3891958405967,36.879745205481775],[127.38920984108324,36.87973890516028],[127.38966964481722,36.87950784105655],[127.39009951289803,36.87924217615275],[127.39049542496224,36.87894439529888],[127.3908536783742,36.878617283704436],[127.39117092285508,36.87826390087801],[127.39144419181038,36.87788755200143],[127.39167093006292,36.87749175700729],[127.39184901773238,36.87708021764899],[127.39197679003858,36.87665678287194],[127.39202546401759,36.87638146576578],[127.39209370203326,36.87621275239567],[127.39211047246353,36.876149100630094],[127.3921888057683,36.87605016273437],[127.39247133989197,36.87612576575453],[127.39300573774797,36.87622346298804],[127.39354945475756,36.87627878427193],[127.39383708265531,36.87628530369712],[127.39383712663289,36.87628779968933],[127.39366043215564,36.87655532756216],[127.39364163047864,36.87658752677916],[127.39344005383285,36.87697980232464],[127.39328531268247,36.87738557460922],[127.39317878069456,36.877801243488115],[127.39316802413796,36.87788033409593],[127.39316360660432,36.877898654327616],[127.39315338959531,36.8779258676496],[127.3930414639421,36.878410286662245],[127.39299604867509,36.878901627338315],[127.39299584806837,36.87890992733256],[127.39302220501449,36.8794423164192],[127.39312661390879,36.87996848288466],[127.3931349118647,36.87999868327419],[127.39323957156535,36.880322096070714],[127.393270266352,36.88040429747107],[127.39346047695999,36.880833509252525],[127.39370367712543,36.881245093840384],[127.39399738054888,36.881634842101676],[127.39433858431799,36.88199876815526],[127.39472379959594,36.88233315014576],[127.39499497526985,36.882525343502735],[127.39514839996407,36.88275375550483],[127.39520839691261,36.88283275790889],[127.39550605681339,36.88318594151737],[127.39584396050618,36.883514930731906],[127.396219079888,36.883816776861266],[127.396542233075,36.884031698002644],[127.39661966464485,36.884311651455945],[127.39679076735996,36.884731116231315],[127.3970121494676,36.88513511752945],[127.3972816865867,36.8855197771508],[127.39759679196042,36.885881402510414],[127.39795444126783,36.88621652209432],[127.39815244045785,36.88638462879971],[127.39855898393377,36.88669683185605],[127.39900241196314,36.88697475741279],[127.39947826532931,36.88721561036057],[127.39998175857038,36.88741696840799],[127.4005078281178,36.88757680645351],[127.4010511832382,36.88769351696168],[127.4016063592652,36.887765926138314],[127.40216777258513,36.887793305741326],[127.40272977682194,36.88777538040863],[127.4032867196547,36.887712330428684],[127.40383299969541,36.88760478992611],[127.4043631228528,36.88745384048046],[127.40487175761437,36.88726100024283],[127.40535378868906,36.88702820865957],[127.40580436847007,36.88675780695755],[127.40589440246224,36.8866915099692],[127.40594151171048,36.88666953061627],[127.40595021193847,36.88666483038872],[127.40600393709356,36.88663413369647],[127.40637152745764,36.88647188867397],[127.40637892767072,36.88646808848701],[127.40677697717167,36.88624357341011],[127.40714931296975,36.885992200065175],[127.40715691301737,36.88598659982556],[127.40752683723113,36.885687216332606],[127.40753133718839,36.885683216177355],[127.40770382413916,36.88552242964202],[127.4077173238874,36.88550922915761],[127.40803717512,36.885164100200555],[127.40804387484931,36.88515609994324],[127.40834058360147,36.88475917253128],[127.40834668317127,36.88474997228307],[127.40847264958059,36.88454791464087],[127.4084757493047,36.884542614511815],[127.408608452733,36.884296996763624],[127.40861655179556,36.88428069641886],[127.40874002570634,36.884003171500595],[127.40876220098478,36.88396115810392],[127.40876760030532,36.883949657872684],[127.40889256195489,36.883650640352016],[127.40909781760222,36.88323812826049],[127.4092674984955,36.8827347215997],[127.40926809833758,36.88273242157327],[127.40936630247022,36.882197814095335],[127.4093841204017,36.88165760689985],[127.40938402022657,36.88165520690557],[127.40934418701598,36.8812494604934],[127.40925893585664,36.88084825739821],[127.40912896315511,36.88045487168653],[127.4091280630113,36.88045257172742],[127.40895764088145,36.88007641368797],[127.40874633177113,36.87971389196317],[127.40849580420624,36.879367868109846],[127.40849420413521,36.87936586817296],[127.40849412807235,36.87936578198317],[127.40844952110304,36.87928125148966],[127.40844462061942,36.87927225170173],[127.40832985386909,36.87907464743401],[127.40832015310178,36.87905894784341],[127.40829342666747,36.87901626391763],[127.40827312514013,36.878984264769436],[127.40817917426311,36.87884248443909],[127.40815785589258,36.878811650941],[127.40811578725737,36.87874537989204],[127.40807208421768,36.87867918170891],[127.40804802918501,36.87864314095587],[127.40802272750214,36.87860564200219],[127.40795281280946,36.87850511133122],[127.4079432122489,36.878491711722205],[127.40791022948724,36.878446775180414],[127.40790785913502,36.878435358352576],[127.40787826468886,36.878304711171026],[127.40786746166457,36.87826071168296],[127.40785025564219,36.878193345532715],[127.40784625617057,36.8781782717283],[127.4078171046803,36.87801415857347],[127.4077788668885,36.877849613353675],[127.40792081719783,36.877638963533414],[127.40792265272177,36.877635975966186],[127.40799814103538,36.87753674262732],[127.40822160279185,36.877173037462654],[127.40831729324337,36.87699783343903],[127.40835369854618,36.87692284115916],[127.40867733800029,36.87685467731629],[127.40918673149895,36.87670378750828],[127.40967557418416,36.876514031203406],[127.41013928400949,36.87628718710308],[127.41057351462257,36.87602538153663],[127.4109741961149,36.87573106852115],[127.41106243542627,36.87565237654451],[127.41145686078494,36.87559613937603],[127.41198493781454,36.875477129407955],[127.41249601708124,36.87531724411293],[127.41298520951342,36.87511801302134],[127.4134478355187,36.87488134204717],[127.41351971320945,36.87483607312823],[127.41375508159764,36.87470900025811],[127.41419328153738,36.87441646182682],[127.41459227060888,36.87408971094668],[127.41494793055652,36.87373212068193],[127.41500546542837,36.87366040501445],[127.41516940017965,36.87365087613683],[127.41535402623691,36.87368079554008],[127.41594030926221,36.87372519063697],[127.41652915453884,36.87371994371085],[127.41661140322955,36.873712233711544],[127.416765089097,36.873730604923004],[127.4170208592334,36.873749743604236],[127.41711702185698,36.873764730613445],[127.41769063744935,36.87380579196788],[127.41813215482246,36.873800868565375],[127.41847120656313,36.873852850771804],[127.41900218058485,36.87389282166462],[127.41953547967867,36.873892087246034],[127.42006627996592,36.87385065416444],[127.42058978018383,36.87376889720072],[127.42110124513671,36.87364755587636],[127.42159604854821,36.87348772776065],[127.42167373761954,36.87345911404276],[127.42167578198809,36.87345840453298],[127.42185243077527,36.87339641378857],[127.42185687111223,36.87339548475336],[127.42237326734578,36.87324265831013],[127.42248911636699,36.873197569843974],[127.42258970295632,36.87316698042965],[127.42269820769454,36.87312957840758],[127.42274119884351,36.87311378779164],[127.42305237787089,36.87302847795828],[127.42319605067897,36.87297564513585],[127.42333453976234,36.872929348327936],[127.42333345538452,36.87292725456423],[127.42348984552115,36.87287930631052],[127.42351057489726,36.8728719397284],[127.42383476838242,36.87277101388988],[127.42415448658059,36.87265710602772],[127.42416837569567,36.87265380798377],[127.4243087794824,36.8726170357187],[127.42433519654826,36.87261069055205],[127.42434281585773,36.87260885572343],[127.42440701912517,36.87259335484236],[127.42467849158707,36.872521704144475],[127.42480588371382,36.87248516642505],[127.42528803520867,36.872349504081484],[127.42547262009192,36.872298272161636],[127.42553997579354,36.87228624292881],[127.42581112098809,36.872212220947944],[127.42591938568633,36.87218749591338],[127.42608723105873,36.87213684278647],[127.4261174663814,36.87212858848317],[127.42612940447034,36.872124115458014],[127.42616439830164,36.87211355480902],[127.4262269303974,36.872098948134095],[127.42644445187901,36.87204919658387],[127.42675922907041,36.871969079166334],[127.42685211954807,36.871942994834335],[127.42708058041893,36.87189050157365],[127.42730229414192,36.871820397459885],[127.42740640526802,36.87179116146612],[127.42751759355879,36.87176563988946],[127.42786495378445,36.87167599081452],[127.42830589067378,36.871549334359194],[127.42835042368523,36.87153779253123],[127.42837434289135,36.87153154565515],[127.42842564543209,36.871518044895346],[127.42844917196362,36.871511807384884],[127.42860324572358,36.87147065474215],[127.42864054994956,36.87146090350507],[127.42901378807429,36.871377385546445],[127.42927630076495,36.87132458409097],[127.42931932395696,36.871314403384424],[127.42935913867488,36.87130787814589],[127.42942984241893,36.87129337730763],[127.4295764438783,36.87126160561309],[127.42977219353452,36.87121688933789],[127.42993082490713,36.8711867648939],[127.43020972151473,36.87111076397731],[127.43064659921029,36.87099831595316],[127.43118159889121,36.87088950071346],[127.43155938684028,36.87079219521017],[127.43200685346119,36.87078433576992],[127.43257643374058,36.87072717229151],[127.43313575529591,36.8706235237223],[127.43362554185074,36.870489132740566],[127.43391377586018,36.8704337599741],[127.4339535024442,36.870426174419826],[127.43426732553269,36.87041265077736],[127.43479171923694,36.87034976054508],[127.4353063748888,36.870247357324054],[127.43580669078729,36.870106356747264],[127.43628819351453,36.86992801955557],[127.43650097942916,36.86982864253971],[127.43669375429988,36.869745144118404],[127.43692317907536,36.86965302704582],[127.43701701998022,36.86962924910582],[127.43729803039678,36.86953048104207],[127.437299288519,36.86953287630381],[127.43758980132777,36.86943437096071],[127.43810994050182,36.869232033884884],[127.43824354823731,36.8691656249499],[127.43845544304583,36.86909484248955],[127.43864977058149,36.86902643550056],[127.43870344825498,36.86900655906667],[127.43873458735949,36.868995460758825],[127.43878050218386,36.86897889767433],[127.4396258377065,36.86867028115863],[127.44010840541546,36.86847093133153],[127.44044176993619,36.868298601559886],[127.4406262745986,36.86822550522421],[127.4409848289755,36.86807291825778],[127.44156443796733,36.867846764255994],[127.44185876384057,36.86772313639846],[127.44191976595197,36.867695634994654],[127.4424329101247,36.867433947190584],[127.4429077864943,36.86712917167134],[127.4429850080093,36.867067491779004],[127.44309340042047,36.86703080142866],[127.44335689643377,36.866916656639965],[127.44341364973823,36.866897019584705],[127.44389695805286,36.8666822588459],[127.44435162452969,36.86643033579686],[127.44477323798458,36.86614369477002],[127.44515770806969,36.86582511692539],[127.44550130496087,36.865477693255535],[127.44580069554026,36.86510479458441],[127.44602181022715,36.86475880534945],[127.44605489264502,36.864746993644594],[127.44623686584717,36.8646865428091],[127.446391513969,36.86463754955119],[127.44642431005016,36.864627063607216],[127.44665862067113,36.86455145947124],[127.44665842986446,36.864551077687146],[127.44680361112366,36.864504151887274],[127.44698627119332,36.864441482052555],[127.44704300186658,36.86442226928541],[127.44722929580286,36.864355949331625],[127.44727354604106,36.86433941710576],[127.44735000859848,36.86431522177695],[127.4475262888007,36.8642602731758],[127.44753616248278,36.86425718679724],[127.44759486518376,36.86423878578589],[127.44762260406245,36.86423002238784],[127.44768448215203,36.864210320800844],[127.4476983632667,36.86420602507107],[127.44781302926162,36.86416937046579],[127.44787213190797,36.86414986940284],[127.44805002738583,36.86409103278131],[127.44816581192822,36.864053017709146],[127.4482331992952,36.86403098808117],[127.44853928960984,36.86396181228797],[127.4486039927881,36.86394441131057],[127.4487334938139,36.8639081628467],[127.44894091285852,36.86384780875046],[127.44898999252005,36.86383378587768],[127.44901681031766,36.86382606185835],[127.44915011667224,36.86378735970674],[127.44919795394152,36.86377327355507],[127.44929026230618,36.86374570951546],[127.44939350377258,36.863716451686464],[127.44942849072044,36.863706315395156],[127.44949746519308,36.863694406506546],[127.4496106711264,36.86367010510643],[127.44973389879706,36.86364243812033],[127.44996681074088,36.863587835003074],[127.45001803873018,36.86357561206035],[127.4501378896828,36.86354651556491],[127.45037051113027,36.863498030609435],[127.45044667955301,36.86348169476929],[127.4505353665195,36.8634621363288],[127.45065772788894,36.863435796333015],[127.45072613397805,36.86342069759833],[127.45085836328603,36.863390787428344],[127.45097982673462,36.863369293026444],[127.4511611577606,36.863337700438024],[127.45146257975338,36.86328818211627],[127.45156571281456,36.86327172382823],[127.45203719315697,36.863198701512225],[127.45244771875358,36.86313942253825],[127.45250096990809,36.86313151959864],[127.45258757470705,36.86311831881482],[127.4528774151132,36.863074000380315],[127.4529161581973,36.86306808158007],[127.45300402644102,36.863064469064554],[127.45359968712104,36.86298783525506],[127.4536490477582,36.86297927416827],[127.45397402354308,36.862928030026794],[127.45403884138355,36.862917489697274],[127.45411239796208,36.86290516500694],[127.45425250242765,36.8628817603341],[127.45425886782341,36.862880841903035],[127.45466454444829,36.862823329708256],[127.4547883692634,36.862814086379025],[127.45524280902367,36.86274953663645],[127.455530442966,36.86268872144094],[127.45555306475798,36.862685792773185],[127.4555527080591,36.862684013841175],[127.45559246478287,36.86267560790253],[127.45581271658192,36.862647894341414],[127.45601130471232,36.86260630822155],[127.45625675342113,36.86257022068286],[127.45639172862265,36.86255091240589],[127.45657190674353,36.86252510416709],[127.4565943323338,36.862521951674765],[127.45694182211864,36.86246025761874],[127.45716118568873,36.86243431921047],[127.4572890406671,36.86241381489571],[127.45744655956217,36.86238965490776],[127.45744627150819,36.86238844232265],[127.4578878809513,36.862311236642945],[127.45808085786906,36.862262378191225],[127.45837528873435,36.862210256917976],[127.45840527780078,36.86220528133073],[127.45844988465264,36.862197728393824],[127.45854598989274,36.86218112741765],[127.45875538220298,36.862141566080105],[127.45889344605256,36.86211322465798],[127.45892480883475,36.862106957698465],[127.4589520689107,36.86210298727481],[127.45909367511946,36.86208196644694],[127.45922866990233,36.86206427013614],[127.45951075566053,36.86201488170703],[127.45951161265754,36.862018234540166],[127.45961911408288,36.86200049298975],[127.45998074713609,36.86197274025013],[127.46051712693797,36.861888630124255],[127.46059343100468,36.86187352924682],[127.4607719635646,36.86183568081971],[127.461072327471,36.86176773405415],[127.4613742837443,36.861700265011166],[127.4617621394512,36.861601284485616],[127.46197104944515,36.86154118113829],[127.46213713811133,36.86149100078331],[127.46250055473917,36.86137589446418],[127.46290148994997,36.86123412423381],[127.4632433035468,36.861100217166175],[127.46342148939462,36.86102722250164],[127.46373785792646,36.86089185372111],[127.46410238886764,36.860747273504835],[127.46417796735875,36.86071270373292],[127.46428248416281,36.860666100574235],[127.46482904472613,36.86038810148035],[127.46494071200735,36.86031557624957],[127.46504171218919,36.86025750826716],[127.46522257474071,36.86015474294617],[127.46562205545656,36.85990529441922],[127.4659706594925,36.8596665838644],[127.46623649349957,36.859472397820866],[127.46650376265956,36.85926421125974],[127.46657313732423,36.85921363626274],[127.46710401345837,36.85876983512693],[127.46728160845346,36.858599458113204],[127.46752942531089,36.858363501785554],[127.46760664661728,36.858296062182305],[127.46787055153402,36.85804813978973],[127.46844688385563,36.85746523449084],[127.46883431829417,36.85708379297425],[127.46914210879355,36.85679226209922],[127.46923912033553,36.85669780158242],[127.46932784274088,36.856608979820344],[127.46941874467004,36.85651854472831],[127.46949605224331,36.856438674263224],[127.46970325131352,36.85623478610429],[127.46994525150295,36.856013523175896],[127.4701444097648,36.855815000932],[127.470149637758,36.855810517009594],[127.47016652321537,36.85579295801765],[127.47019144642309,36.85576811428845],[127.47020359346422,36.85575440905783],[127.4703971626143,36.8555531177304],[127.47070215030102,36.85528804146081],[127.47096654591331,36.85503493206423],[127.47096768475693,36.85503383980915],[127.47131493451624,36.85477832965661],[127.47144217469773,36.85469139328542],[127.47148746542386,36.85468907722373],[127.47173950899693,36.85467649965857],[127.47184827435626,36.85467250950802],[127.47273889477052,36.85462734428161],[127.47287593339253,36.854620735244765],[127.473141000108,36.854612470871885],[127.4741621595191,36.85455506713536],[127.47445438510465,36.8545324461305],[127.47515506362187,36.85446328186317],[127.47528140243912,36.854451275522074],[127.47596210248712,36.85435204425181],[127.47621151577759,36.85430274138431],[127.47644523478084,36.85424233436911],[127.47644523742139,36.85424234218181],[127.47708816314044,36.854102010712786],[127.4771182399667,36.85409802139361],[127.47765674112003,36.8539814656358],[127.47872889437281,36.853702749895504],[127.47911062511574,36.853591081679426],[127.47911279802202,36.85359037337805],[127.47967394737103,36.85342150077147],[127.47971693862054,36.85341070798095],[127.47976234175982,36.853399306687564],[127.47977009183535,36.853397355590076],[127.47982239445824,36.85338415484179],[127.48033639337362,36.85323187988269],[127.4803730008711,36.85321763466351],[127.4807859342853,36.85315090618096],[127.48130768732187,36.853023143456575],[127.48181151990211,36.85285523826137],[127.48229266245009,36.85264878013223],[127.4827465602955,36.85240572356566],[127.48336676694274,36.85203737717227],[127.48389052881701,36.851801764097885],[127.48440820588733,36.85153802534999],[127.4845343087676,36.85146572192001],[127.48489712342281,36.851239102423655],[127.48495672562196,36.85119861844705],[127.48508113665991,36.851142055237545],[127.48512305229345,36.85112280641048],[127.48529083745507,36.85104498248357],[127.4858825654861,36.85077504808815],[127.48593137322447,36.850752521673705],[127.48609604244184,36.85067563506233],[127.48626381042367,36.85059741546496],[127.48636700738325,36.85055107518562],[127.48672183193432,36.850384854284016],[127.48701791219763,36.850247633263436],[127.48703711963005,36.850239483882866],[127.48718978127881,36.850178942392944],[127.48746649566158,36.85005674248712],[127.48762976504591,36.84999139895021],[127.48774521555845,36.84994831178555],[127.48784121915044,36.849908109694546],[127.48788509357702,36.84988953822485],[127.48837448906356,36.8496801545613],[127.48865227879014,36.8495753188618],[127.48865797900226,36.84957291873708],[127.48866759847333,36.8495688588198],[127.48877350239567,36.84952405649512],[127.48879297709479,36.84951577845265],[127.48881217779906,36.849507578028124],[127.48888302336404,36.84947679406435],[127.48892622213532,36.849457699665244],[127.48901689307687,36.849447213451384],[127.48906843543874,36.84944105584149],[127.48919499484914,36.849425452577094],[127.48929266449106,36.84941418551799],[127.4894193225656,36.84940039899012],[127.48970706070348,36.84936978840709],[127.49033962753249,36.84927249970981],[127.49043653267147,36.84925289857137],[127.4904481875272,36.84925053043935],[127.4905358921698,36.84923262940053],[127.4905440450711,36.84923096010639],[127.49080745899668,36.849176856968676],[127.49080745744017,36.84917685207396],[127.49089321051942,36.84916245335954],[127.49149274263827,36.84900350721719],[127.49155154532812,36.84898490619506],[127.49161904157697,36.848963147693574],[127.49174144706502,36.84892294549804],[127.49174785368268,36.848920837627674],[127.49217567282597,36.848779829931516],[127.49273731654559,36.84856472199275],[127.49288819505314,36.84849844073812],[127.49290315474758,36.848492275324496],[127.49299341576742,36.848453182441936],[127.49302172465273,36.84844411333127],[127.49353377110717,36.84825559292119],[127.49401969328504,36.84802672943458],[127.49447458589722,36.84775983332629],[127.49489385704544,36.84745759897577],[127.49527327458405,36.847123077475366],[127.49541599128617,36.84696858746778],[127.49541715761356,36.84696773542053],[127.49578828849297,36.84663723034576],[127.49596595811674,36.84644356275123],[127.4960000558776,36.8464111593017],[127.49609195397929,36.84631955598584],[127.49628058420888,36.846120457524385],[127.49635058190192,36.84604215489549],[127.49646064758089,36.84591443919464],[127.49652384496198,36.845838336767315],[127.49661063349598,36.84573052937892],[127.49667593029483,36.8456468268276],[127.49676952267714,36.84552243776084],[127.4968474181329,36.845415034662096],[127.49709538919386,36.84503205009692],[127.49725616594117,36.84471220391438],[127.49728573054543,36.8446816494795],[127.49738151424822,36.84455971231425],[127.4974304037758,36.84455718707901],[127.49789469972806,36.84449698005513],[127.49827909848818,36.844471148074625],[127.49882754092538,36.8443895871774],[127.49936318252688,36.84426462374115],[127.49988071971707,36.84409749509479],[127.50037502827105,36.84388985605507],[127.50084121407092,36.84364376253337],[127.50127466157836,36.84336165116995],[127.50167107954236,36.84304631519755],[127.50202654348973,36.842700876773975],[127.50233753457653,36.8423287560581],[127.50260097441665,36.84193363733597],[127.50281425554249,36.84151943253311],[127.50297526719702,36.84109024247464],[127.50308241620253,36.84065031627724],[127.50313464270083,36.8402040092755],[127.50313143061022,36.839755739899324],[127.50307281269686,36.839309945929806],[127.50295937021227,36.838871040566204],[127.50279222710179,36.838443368739625],[127.50218184931157,36.837116395965786],[127.50196651447713,36.83671054336875],[127.501702826804,36.83632356664935],[127.50139331570232,36.8359591768314],[127.50104094989439,36.83562086828574],[127.50064910893049,36.83531188523026],[127.5002215507711,36.83503519062981],[127.49976237574674,36.8347934377935],[127.49927598724136,36.83458894494159],[127.4987670494756,36.83442367298512],[127.49824044279465,36.83429920673085],[127.49770121688829,36.83421673969164],[127.49715454239141,36.83417706264733],[127.49712527149111,36.834177249009386],[127.49680541364013,36.833927295140114],[127.49636812689953,36.833647905717655],[127.49589841834835,36.833404890099175],[127.49540095293023,36.833200661676074],[127.49488067111606,36.83303724862787],[127.49434273985598,36.83291627378966],[127.49379250128734,36.832838938543524],[127.49323541970735,36.83280601089349],[127.49267702733566,36.83281781784236],[127.49212286940389,36.832874242145685],[127.4915784491165,36.832974723475196],[127.49104917302748,36.83311826398021],[127.49054029737475,36.833303438191756],[127.4900568759032,36.833528407171464],[127.48960370969377,36.83379093676518],[127.48939565273298,36.833938862435815],[127.48935525605755,36.83396329165023],[127.48920316905881,36.83407571488126],[127.48918529949583,36.83408841978007],[127.4891813903654,36.83409181372333],[127.48894879486836,36.83426374798696],[127.48885809468648,36.8343377449813],[127.48863403240718,36.8345454230697],[127.48840026516989,36.834671374562866],[127.48799989302545,36.83493300579963],[127.48763114624603,36.83522312269536],[127.48754954568648,36.835293519920775],[127.4871895243957,36.83563694383539],[127.48687382293812,36.83600747118767],[127.48680779518241,36.83610444140185],[127.48679739339522,36.83611539372595],[127.48666048928254,36.83626458862816],[127.48641080143064,36.83656060400604],[127.48619110851656,36.836871605400695],[127.48612570361475,36.83697340273183],[127.48589712209701,36.83737666290647],[127.48582181332633,36.83752895971343],[127.485630990023,36.83798419348509],[127.48556057677482,36.83818739042494],[127.48549587019775,36.83839266524445],[127.48544725861767,36.83856366312348],[127.48542245546378,36.838675849799515],[127.48542002722274,36.83868083529025],[127.48513353926717,36.83876919083524],[127.48503489852574,36.83880047591018],[127.48502393314344,36.83880405042083],[127.48469601395111,36.83890478717382],[127.48400967821317,36.839112730133444],[127.48343403462846,36.83931749480934],[127.48337591768905,36.83934138951037],[127.48326237624912,36.839387199328854],[127.48316739148545,36.83942643704374],[127.48309029434243,36.83945903535224],[127.48279469811378,36.83959336015796],[127.48255769263343,36.839708809993525],[127.48245033405509,36.83976053741527],[127.48219807663232,36.839873789143596],[127.48196288105432,36.83999310583963],[127.4819611778869,36.83999085221315],[127.48105763531731,36.84043199505521],[127.48104247838421,36.84043902739509],[127.48098542249731,36.84046586126064],[127.48001145383195,36.84093013790742],[127.47982024006092,36.841025506316264],[127.47978940640233,36.84104158248918],[127.47888258274763,36.84150029418742],[127.47882161386747,36.841531577724936],[127.47874091612913,36.84157357566695],[127.478727568529,36.84158054385415],[127.47778599462454,36.84207361973976],[127.47762580311088,36.84216070647196],[127.47755170610962,36.84220250378441],[127.47737966788242,36.84229884820297],[127.47737838159647,36.84229951265411],[127.47723242881328,36.84237209692386],[127.47688664841786,36.84255868003564],[127.47673063492266,36.842657120583596],[127.47655017118046,36.84271046741062],[127.47604109570806,36.84290988764601],[127.47555965008642,36.84314957253407],[127.47554983902923,36.84315502658394],[127.47508461673561,36.84310054158875],[127.47453775403909,36.84307986911881],[127.47399099025755,36.84310216833924],[127.473449539731,36.84316722659442],[127.47291856615628,36.84327442344529],[127.47240313336704,36.84342273658306],[127.47197031924345,36.84358713965373],[127.47191822660028,36.84359759804322],[127.47150245682103,36.84371586474388],[127.47106177661378,36.843807866610824],[127.47094130187145,36.84383834702162],[127.47084292553598,36.84386228663994],[127.47081198033767,36.843869895491956],[127.47077562336955,36.843878927307244],[127.47033039139251,36.84397373194055],[127.46983543543571,36.84412034896047],[127.46979949220375,36.844134205756745],[127.46953676522021,36.84417486828503],[127.46932816906266,36.84420642767332],[127.46900297821449,36.8442558172769],[127.46897152636377,36.84426066903735],[127.46872569872075,36.844299175592475],[127.46842387442211,36.8443462826457],[127.46818415101907,36.84438809103892],[127.46807965572806,36.84440824887276],[127.46803142943871,36.84441187487576],[127.46754063660435,36.84448460563841],[127.46705983597728,36.84459212961796],[127.46695554113917,36.84461952807332],[127.46679000207622,36.844668885287774],[127.46677892575883,36.844668298153586],[127.4662298588387,36.84468250254766],[127.46568515766614,36.84473983062934],[127.46515005252328,36.8448397319348],[127.4646296815994,36.84498124720431],[127.46412904167649,36.845163017588504],[127.46365294016972,36.84538329768955],[127.46320594898104,36.84563997231299],[127.46279236060951,36.845930576769064],[127.4624161469384,36.84625232052974],[127.46208092109458,36.846602114014274],[127.46190354411279,36.84683036434326],[127.46186860173037,36.84686198531551],[127.4617443991158,36.8469681323061],[127.46173015143879,36.84698035417694],[127.46155529172482,36.84713091088425],[127.46149046267061,36.84717714720079],[127.46110328467934,36.84751600797061],[127.46076111968279,36.847884834108186],[127.46069261686598,36.847967131477034],[127.4606557660998,36.84801735437827],[127.46048897915239,36.84818403323677],[127.46046495764908,36.84821014139949],[127.46045410062833,36.848220208863125],[127.46021711520308,36.8483697785826],[127.4598661720709,36.84863327476654],[127.4597798718807,36.84870387190178],[127.45942734578047,36.849020874895096],[127.4592567562511,36.84920696882702],[127.45873180465945,36.849718781815206],[127.45872007434909,36.84972958646356],[127.45866545878854,36.84978065763398],[127.45801124847662,36.85040173445799],[127.45769158755581,36.85073569251362],[127.45741214061283,36.85109218777904],[127.45736000096664,36.85117496267786],[127.45730107230482,36.851224790326064],[127.45693937183724,36.85156262399602],[127.45682629882393,36.851692210086576],[127.45682565024596,36.85169182225355],[127.4567738445063,36.85174777506684],[127.45650681335326,36.851790556270984],[127.45621847175647,36.85182955898204],[127.45606676516704,36.85185914681327],[127.45525366411101,36.851983254213046],[127.45491564171697,36.85203442162378],[127.45475820982915,36.85206510222577],[127.45450231280645,36.85210694440805],[127.45385725755622,36.85221196223135],[127.45371443379666,36.85223677749966],[127.45342960223554,36.85213645322553],[127.4528990147731,36.85199819890549],[127.45235395981243,36.85190299766776],[127.45179983186102,36.85185179173721],[127.45124211517751,36.85184508791049],[127.45068632952157,36.8518829525425],[127.4501379755529,36.85196501088979],[127.44960248041912,36.85209045081721],[127.44940102188052,36.85215570934376],[127.44913824473372,36.852214244380306],[127.44863218605053,36.852370647224454],[127.4481472915107,36.8525656020976],[127.4476880958869,36.85279728583983],[127.447258893733,36.85306353179442],[127.44698740182783,36.853268471762405],[127.4466187000617,36.85333789896735],[127.44627134923363,36.85343022160185],[127.44614069334361,36.85345899789628],[127.44597506896221,36.853497686356306],[127.44567758398853,36.85357118218546],[127.44534601813247,36.85366230403651],[127.44522405047269,36.85369928332253],[127.44505877092192,36.853746033195826],[127.4450602009123,36.85374929814634],[127.44471034448624,36.853851402512106],[127.44421658095614,36.85404112879416],[127.44399740823673,36.85414758672248],[127.44399323068323,36.85414913071649],[127.4439331722727,36.854171674477456],[127.44385234900096,36.854202481598584],[127.44370650523481,36.85425484001439],[127.44331969971587,36.8543831997262],[127.44327586823297,36.854399983245315],[127.44320773980068,36.85442316080093],[127.44316520955212,36.854429880435816],[127.4426267744033,36.854561139918566],[127.44210742052678,36.8547351067802],[127.44206652327907,36.85475286241912],[127.44174648574301,36.8548525753695],[127.44171918691129,36.85486227484771],[127.44160530630917,36.85490396451958],[127.4415419089106,36.854927863248676],[127.44145764059671,36.854960320826166],[127.4414450370399,36.8549652795431],[127.44140424424342,36.85497962683181],[127.44125746037643,36.85501439466104],[127.44071816323866,36.85519289828623],[127.44061935430342,36.85523574040583],[127.44053950739234,36.85526124969892],[127.44045735842909,36.85527885876892],[127.43994911237883,36.855431417792374],[127.43993397913738,36.85543664393366],[127.4399065010725,36.85544413902558],[127.43941533823325,36.8555991855436],[127.43894448857657,36.85579065243978],[127.438772686788,36.85587771162798],[127.43854477844745,36.85597580473829],[127.4381486619992,36.8561825350438],[127.43813046241947,36.85619293454993],[127.43769305807548,36.85647016188093],[127.43729204563283,36.856780901442555],[127.43693138417208,36.857122085753595],[127.43661463458822,36.85749034675248],[127.43651061909137,36.85764140985813],[127.43648010323862,36.85766425268908],[127.43596262318391,36.858051933994794],[127.43556001415618,36.858297908188],[127.43543933129469,36.85837948346442],[127.43535597506516,36.858435385816954],[127.43521078632602,36.858536191893684],[127.43512688700713,36.85859648928475],[127.43510653067769,36.858611191120964],[127.43509918850303,36.85861651990641],[127.43505664076274,36.858640893508195],[127.43461969705747,36.858950918723195],[127.43458909708764,36.858975017725626],[127.43456714049852,36.85899467663732],[127.43456166279715,36.858996460016094],[127.43426057626266,36.85909605459125],[127.434254642048,36.85909802071647],[127.43405095114103,36.85916561703655],[127.43392795152542,36.85920782195993],[127.4337643585388,36.85926581883923],[127.43372466048694,36.859279909863055],[127.43356548363343,36.8593343322052],[127.43352090950046,36.859349755404715],[127.43346725816342,36.85936854099257],[127.43330771700326,36.85942149224668],[127.43329722870341,36.859424983265484],[127.43316243744013,36.859469976797385],[127.43301365380094,36.8595192836293],[127.43296723786368,36.859534861932204],[127.43268155044137,36.859631956668146],[127.43266057063929,36.859639127342824],[127.43252350113022,36.85968624080811],[127.43239414105295,36.85972643900447],[127.43214413543834,36.85980424824184],[127.43203374956326,36.859837077281846],[127.43180199866397,36.859905972934754],[127.43178463312975,36.85991116162016],[127.43168804910046,36.85994016615879],[127.43133924258349,36.860036849918075],[127.43114633463072,36.86008324214393],[127.43093285333734,36.86012038198819],[127.43087382268973,36.86013147852564],[127.43038862766286,36.860208917061534],[127.43035224537525,36.86021622105398],[127.43005954000341,36.860271064862225],[127.42999261473561,36.86028395294027],[127.4298020248989,36.860321650753384],[127.42978433846608,36.860325173535706],[127.42953218952563,36.86037574582877],[127.42946714999272,36.86038816883744],[127.42914197588213,36.86040554262532],[127.42861230291368,36.860475168043514],[127.42809334002939,36.86058516757593],[127.42758984180911,36.860734533455556],[127.427208393186,36.86088237527072],[127.42719095327602,36.86088590175276],[127.42712521094059,36.860899565178926],[127.42701358025931,36.860920684415305],[127.42676038963825,36.86096077927882],[127.42626129476578,36.86107933585252],[127.42617579033757,36.861103166087545],[127.4260211478507,36.86114508641635],[127.42595637567808,36.86115332124098],[127.42547160534728,36.861251164380064],[127.42501903689949,36.86135995043037],[127.42498232751333,36.86136871924201],[127.42485016811524,36.86139916982474],[127.42452398387651,36.861472991564256],[127.42449671803837,36.86147922211772],[127.42424862656843,36.86153645857614],[127.42400460253893,36.86159239426194],[127.42379140002916,36.86160421636439],[127.42323382737993,36.861681046210634],[127.4226887257816,36.86180262878876],[127.42216164334658,36.86196772663582],[127.42165794488045,36.86217465938009],[127.42160548149832,36.862201892363416],[127.42145554460635,36.86224885699624],[127.4214069678329,36.862263920221714],[127.42135073107936,36.86228059595737],[127.42134243434448,36.8622830621403],[127.42119872250589,36.86232588358563],[127.42113538274533,36.86234263606451],[127.42092440969606,36.86240220741977],[127.42013574674586,36.86263919432105],[127.41992628390402,36.862706020626604],[127.4198168098865,36.862743010056164],[127.41962738038403,36.86280497154807],[127.41958755785596,36.86281814072132],[127.41927018907386,36.86292423981582],[127.41913769860341,36.862967411396944],[127.41891233177387,36.86304094879551],[127.41867896167003,36.863116688438176],[127.41865719847179,36.863123148790045],[127.41856897478907,36.863148987411016],[127.4183999928356,36.863207881935224],[127.41816531023959,36.86317697105303],[127.41779213177072,36.863143072870685],[127.41778106700532,36.86314207670812],[127.41766787354044,36.86313197724906],[127.41740751001349,36.8631195463329],[127.4171835548688,36.86307647021923],[127.41664535628178,36.863016404402345],[127.41610244958437,36.86299847696465],[127.41588652800294,36.86300818020153],[127.4158327066794,36.862998548594994],[127.41576940182863,36.86298939050471],[127.41576110725404,36.862987865842314],[127.41563581421057,36.86296796693048],[127.41492146821972,36.86289242923792],[127.41476277748421,36.86288392967194],[127.41425335656754,36.862875287593745],[127.41414161503491,36.86287747342944],[127.414064073474,36.86287863320649],[127.41403483492716,36.86287913180364],[127.41389384319488,36.862881831595985],[127.4135963637129,36.86290505202847],[127.41345963819619,36.862701816650784],[127.41313875051854,36.86232278777874],[127.41277159424044,36.86197192078226],[127.41236197057755,36.8616528476643],[127.41191412018627,36.86136887127182],[127.41144093951645,36.86112715083225],[127.4113074498937,36.86066988299658],[127.4111123131674,36.860220921745196],[127.4109501954105,36.85990292883838],[127.41089209140112,36.85978906338895],[127.41065354346978,36.8593810330049],[127.4103654476289,36.85899420089062],[127.41003068878156,36.85863243970107],[127.40965261884313,36.85829937104998],[127.40923502317041,36.85799832926471],[127.40878208265922,36.857732328018386],[127.4082983318892,36.85750403017203],[127.40778861373548,36.85731572112855],[127.40725803090075,36.85716928596455],[127.40671189485225,36.857066190568496],[127.40615567267409,36.8570074669733],[127.40559493236556,36.85699370303049],[127.4050352871318,36.85702503652816],[127.40448233922318,36.85710115381218],[127.40445356164284,36.85710754784484],[127.40426347914025,36.857003199736255],[127.40376829390667,36.85678647792563],[127.40324852647713,36.856610819028916],[127.40270943335685,36.85647799947637],[127.40215646639419,36.856389362459865],[127.40209746975285,36.85638236284087],[127.4016070280453,36.85634347806416],[127.40127247780558,36.85625752965188],[127.40113412140785,36.85623333495847],[127.40108396395034,36.85619249906065],[127.40066385840211,36.85591137461323],[127.40021168167354,36.85566446450033],[127.3998746688218,36.85551676131787],[127.3995605810745,36.85525115720245],[127.39914151368099,36.85496046545415],[127.39868881757198,36.854704401491496],[127.39820690619852,36.85448546158112],[127.39770047769197,36.85430578006372],[127.39717446907628,36.85416710855663],[127.39663400815745,36.85407079888622],[127.39608436355704,36.854017789916185],[127.3955308933769,36.85400859839942],[127.39497899299332,36.854043313943116],[127.39443404248941,36.854121598135386],[127.39390135423534,36.854242687842294],[127.39338612112745,36.854405402643145],[127.39289336598883,36.85460815633177],[127.3926042002701,36.854757758717085],[127.3923381213855,36.854885615345374],[127.39214688470187,36.85499942932776],[127.3920239320281,36.85496692140778],[127.39147034523766,36.85486897702993],[127.39090728180223,36.85481645156671],[127.39034049652432,36.85480988186168],[127.38977578222709,36.854849335066525],[127.38921891057976,36.85493440795479],[127.38867557313884,36.85506423104077],[127.38815132320586,36.855237477461365],[127.38765151909429,36.85545237653044],[127.3871812693848,36.85570673182762],[127.38674538072644,36.85599794363688],[127.38656677454394,36.856144173078285],[127.38642418254328,36.85624734211862],[127.3860499188316,36.8565776580755],[127.38571819815472,36.856936133408595],[127.38543228202217,36.85731924422132],[127.38519498180264,36.85772322438994],[127.38500863106675,36.858144102576325],[127.38491918975818,36.85843448018096],[127.38473065973301,36.85855766906314],[127.38471185992944,36.858570768488505],[127.38469899403923,36.85858016453556],[127.38454926894869,36.8586118406724],[127.38403506677551,36.858765152034294],[127.38403186691555,36.85876625197488],[127.38356136023837,36.85894928384246],[127.38311410917395,36.859166730347276],[127.3826940011017,36.85941670161063],[127.38269110114443,36.85941860152505],[127.38228420530835,36.8597128869931],[127.38191496068069,36.860037654536924],[127.38158688738842,36.860389808482864],[127.38158478730458,36.8603923084023],[127.3813162049964,36.86074608955592],[127.38108921059698,36.861118203942105],[127.38090572507573,36.86150550350777],[127.38076730139521,36.86190471168627],[127.38076650120568,36.861907511651026],[127.38067817752548,36.862292590673874],[127.3806317974167,36.862682377582075],[127.38063159719094,36.86268547757409],[127.38062760218314,36.863079088299976],[127.38064866768889,36.8632922544544],[127.38063971100783,36.86330865510049],[127.38043507701548,36.86374290694015],[127.38042632023007,36.86376947914352],[127.38011503840478,36.86398550173451],[127.37973094350714,36.864310982406515],[127.37938902603575,36.86466553622399],[127.37909267507625,36.86504564947882],[127.37884482827285,36.86544755510897],[127.37864794269552,36.8658672700213],[127.3785039704639,36.866300634557064],[127.37844605561004,36.86651783200445],[127.37835872594862,36.866944292650345],[127.37832265400661,36.86737551438799],[127.37833817258436,36.86780752909571],[127.37840513974417,36.868236361288915],[127.37845281776411,36.868407040360694],[127.37846857238559,36.86856771824421],[127.37856544046898,36.86900321107762],[127.37871500064286,36.86942897129936],[127.37891581170618,36.869840893725176],[127.37911078542598,36.87014810523091],[127.37901880891806,36.870268199669574],[127.37896150534533,36.87034969736612],[127.37888051324276,36.87046905445789],[127.37884511068435,36.87052315301302],[127.37879809658845,36.87059512679776],[127.37864744446273,36.870844066722526],[127.37861594143537,36.870900465401114],[127.3784011783302,36.871347078583305],[127.37835157071113,36.871469176430224],[127.37832139269054,36.87156126835512],[127.37826735140865,36.87167604902573],[127.37819854141141,36.87183854604851],[127.37817670033402,36.87189118512952],[127.378043679912,36.87221847935611],[127.37800850697279,36.872308899370005],[127.37791750216324,36.87239903371308],[127.3779182770314,36.87239953871402],[127.37771179539678,36.8725901412989],[127.37762529305597,36.87268193809983],[127.37751956433745,36.872797938280534],[127.37744536178228,36.87288213547426],[127.37732721982204,36.87302165873673],[127.37727851768673,36.873081556849655],[127.37710806330615,36.87330514562971],[127.37702145807388,36.87342654215953],[127.37696715565157,36.873504437799085],[127.37693535353011,36.87355113651159],[127.37687077404117,36.87364879322727],[127.37683297120405,36.87370769167833],[127.37667040032098,36.87398353898738],[127.37664186455756,36.874036527381435],[127.37662286562754,36.874070899202216],[127.37639812388632,36.87454886945078],[127.37639125211514,36.87456643891091],[127.37634463563269,36.874679378134005],[127.37630854164011,36.874770017052235],[127.37630543341997,36.87477811612456],[127.37622695779618,36.87482006232536],[127.37579712337472,36.87510285858977],[127.37540422457928,36.875418434954796],[127.37505211757934,36.875763694528885],[127.37474425837551,36.87613524908183],[127.3746746143412,36.876240602593036],[127.3746491499902,36.87626671969321],[127.37438802650266,36.87658732508637],[127.37426473420194,36.87677109609731],[127.37417333724694,36.876877805899916],[127.37390384117278,36.877271349458944],[127.37368445819003,36.877684494603464],[127.37351736945234,36.878113135308574],[127.3734042364796,36.87855301147785],[127.3733461846118,36.87899975127644],[127.37334248061237,36.8790546511266],[127.37333996822592,36.8790952827429],[127.3733241476935,36.87937678212198],[127.37332420398292,36.879385674206986],[127.37330727949276,36.879482332318524],[127.37329322702455,36.879740800029644],[127.37321942722353,36.87974680318548],[127.37265053100258,36.87984161424217],[127.37227494883187,36.87993766315115],[127.37198629840303,36.87996222638826],[127.37181603310503,36.87999020233735],[127.37163021589035,36.88001151882027],[127.37150288141422,36.88003735681927],[127.37148980676248,36.88003864073346],[127.37095375137382,36.88011262510513],[127.37064116836025,36.88016842185208],[127.37030229931382,36.88023788309077],[127.37023047055052,36.88025453895656],[127.37015804711753,36.88027059434626],[127.36990358753856,36.88033225291063],[127.36969579784116,36.88038694983922],[127.36928059718626,36.88051103331433],[127.36924210551268,36.88052540814679],[127.36910697547457,36.88055660387523],[127.36861122931221,36.88071329913257],[127.36813622482349,36.880907072694384],[127.36768624752817,36.88113617639528],[127.36748697627787,36.88126039489207],[127.36736778935344,36.88129473582859],[127.36684379117517,36.881497079006856],[127.36646384278875,36.88168496388387],[127.3664470717562,36.881632973180785],[127.36644227082361,36.88161867340175],[127.36641957860883,36.8815530600003],[127.36641327747085,36.88153536028868],[127.36640438122805,36.88151063828031],[127.36639798010286,36.8814930385726],[127.36635588131965,36.88138257053779],[127.3663503804612,36.88136877078646],[127.36630988073027,36.881271032260635],[127.36630217964655,36.88125313260554],[127.36622028950315,36.88107504008192],[127.366213088663,36.88106034039859],[127.36614931384487,36.88093565797656],[127.36614531343618,36.88092815815007],[127.36609921605827,36.8808441129725],[127.36609611576921,36.88083861310561],[127.36598073995019,36.88064620789928],[127.36597443947849,36.88063630816315],[127.36588487748821,36.88050128823306],[127.36584647505389,36.88044568981045],[127.36583553430124,36.8804299244682],[127.36579593184139,36.88037312609101],[127.365709182898,36.88025308456621],[127.36569698225405,36.880236785056766],[127.36565296835957,36.88017897339731],[127.36563856766102,36.8801603739707],[127.36557487337194,36.880080015568915],[127.36556327287556,36.880065716024326],[127.36545278219877,36.87993461255068],[127.36544508193742,36.87992581284553],[127.36520480286359,36.879670950151294],[127.36519050260362,36.87965685066912],[127.36508137947064,36.879552521919436],[127.36507037933656,36.87954232230743],[127.36496536711861,36.879447676376905],[127.36495486704568,36.879438476737825],[127.36483486928832,36.87933657177158],[127.36481676926132,36.87932167237517],[127.36476687749102,36.87928212877148],[127.36455003793564,36.87909321781237],[127.36412043154974,36.878788292043076],[127.36369043898769,36.87851320448067],[127.36314872851393,36.87820682568335],[127.36302261587794,36.87815210464323],[127.36290498134086,36.8780862766795],[127.36290158143663,36.87808447676612],[127.36255634708907,36.877915717102255],[127.3625543471602,36.8779148171474],[127.3621290387768,36.87774307082663],[127.36189337580396,36.877624663629454],[127.3617619535392,36.877564315068916],[127.36167656093072,36.87752409951616],[127.36148103914206,36.877436186538816],[127.36142463531058,36.877412001274685],[127.36134784251593,36.87737733858521],[127.36119154819112,36.87730834206085],[127.36083446323238,36.87716377239141],[127.3605906735685,36.87707367708187],[127.36020271985306,36.876944216428214],[127.3600287008786,36.876892195233424],[127.35978937974893,36.87681622332002],[127.35934678078513,36.87669262940532],[127.35886650545007,36.87657633572947],[127.35886590957811,36.876577924000365],[127.35845754324737,36.8764780343831],[127.35782895356826,36.876385336618895],[127.35731988282336,36.87633413940833],[127.35650788895977,36.876300196552606],[127.35629610138884,36.87630369628353],[127.35569734430598,36.87633941475147],[127.35510677068524,36.87642635146109],[127.35499647942147,36.87644754489671],[127.35479716682661,36.87648304320257],[127.35422722519822,36.87661022012627],[127.35367712541014,36.87678491515295],[127.35365004083837,36.876794873323604],[127.35364741947039,36.87679575296741],[127.3535452760288,36.876830988030925],[127.35348207874442,36.87685338682823],[127.35336418081971,36.87689744071509],[127.35331651139622,36.87691317316015],[127.35301467515602,36.876982557500355],[127.35248618962203,36.87715224086267],[127.35198182975842,36.877364079645716],[127.35189448156228,36.87741038206981],[127.35150581387258,36.87757569605946],[127.35144010122885,36.8776040970021],[127.35105533880932,36.877773050935424],[127.35086276985608,36.87785750969179],[127.35067982770333,36.87794136595086],[127.35049993348916,36.87802746163142],[127.35049468569,36.87802997628466],[127.35045758687905,36.878047775392275],[127.35031394464472,36.878124987845396],[127.35009292142954,36.878060671153264],[127.35005352343121,36.87805077169067],[127.3495334773593,36.877941776636206],[127.34900283330961,36.87787327173951],[127.34846646393312,36.8778458860515],[127.3483340090676,36.87784933468707],[127.34818026637751,36.8778447786712],[127.34761201840344,36.877874359297984],[127.34744715603063,36.877896587998215],[127.3473025824524,36.87790555659558],[127.34702104619078,36.87794494813015],[127.34654304769569,36.87788719041953],[127.3463437369055,36.87787917876575],[127.34615024799312,36.877836775463834],[127.3460608150535,36.87781722410616],[127.34562301951284,36.877721666552766],[127.34523817513077,36.87764926091131],[127.34523313269663,36.87764846164684],[127.34521756977725,36.87764540544468],[127.34465813993857,36.877559464380674],[127.3440907454734,36.87751954904318],[127.34352123775203,36.877526071072765],[127.34295548992796,36.87757896321502],[127.34272980260381,36.877609461406045],[127.34232389365357,36.877676789644035],[127.34226839105719,36.87768772806867],[127.34218970477926,36.8777029160827],[127.34183345622249,36.87778173627602],[127.34176945945025,36.877797735373676],[127.34118603160898,36.87797268000774],[127.34109593550018,36.878004378304155],[127.34083741715438,36.87810170495802],[127.34075652031488,36.87813420325637],[127.34023924008926,36.87837035279114],[127.34019514135728,36.878393051676404],[127.33969423339764,36.878683330333054],[127.33964913408934,36.8787126290085],[127.33923299975025,36.87901168267805],[127.33920239976352,36.879035981675855],[127.33904045057297,36.87917441789016],[127.33876098053844,36.87934903472047],[127.33873088091366,36.8793694338144],[127.33870421875832,36.87938963907367],[127.33833443661955,36.87955161090644],[127.33818075341406,36.879625628073676],[127.33808197268303,36.879672287483615],[127.33769307626335,36.879875115721156],[127.33767278089549,36.87988196470485],[127.33717788188713,36.88009822438633],[127.3367124847294,36.88035327834011],[127.3365798873059,36.880434074594],[127.33652148174939,36.88047348194902],[127.33608395803421,36.88067877827954],[127.33605395888183,36.880694377515844],[127.33598675607695,36.88072987406341],[127.33590045837738,36.88077617181907],[127.33536590648094,36.88110170041961],[127.33524432254106,36.881185393524646],[127.33515385530312,36.881215838455056],[127.33505988868764,36.88125663167914],[127.33490722817646,36.88130464622336],[127.33444191521063,36.88149268188266],[127.3340003217514,36.88171458314161],[127.33358625633362,36.881968436318346],[127.33332185972306,36.882146728381855],[127.3332534420466,36.88219362092932],[127.33317664285539,36.88224711858122],[127.33282192150412,36.88251682509115],[127.33249775281143,36.88281029955082],[127.3322065952635,36.88312531658759],[127.3321524931246,36.883189514511045],[127.33210662546831,36.88324481540692],[127.33202182179393,36.88334871212127],[127.33171260176407,36.883777194902386],[127.33158331196134,36.884012674035915],[127.33154552042632,36.88400499407867],[127.33100257949567,36.88393914696127],[127.33045422555848,36.88391626101443],[127.32990571351884,36.88393655556032],[127.3293622997962,36.8839998361194],[127.32882919197927,36.88410549627302],[127.32831149894632,36.884252523471716],[127.32781418192933,36.88443950873336],[127.32735693950163,36.88465753978453],[127.32730201116088,36.88467144191497],[127.32681590142349,36.88483622995139],[127.32671680544195,36.884874327938554],[127.3262286126582,36.88508647283971],[127.32576891079908,36.885336338520574],[127.32534220158584,36.88562147828491],[127.325261902085,36.88568077575045],[127.32524364172373,36.885694320250714],[127.32516244217315,36.8857548176758],[127.32476103710549,36.88608624398081],[127.32440403168627,36.88644897262188],[127.32434316139057,36.88651780424417],[127.32423136647883,36.886642678136575],[127.32408633304203,36.88682319580733],[127.32400128501344,36.88688432544165],[127.32362955481129,36.887209486973134],[127.32329922271532,36.8875623097897],[127.32301346055166,36.88793940674229],[127.32292605464525,36.88806860319268],[127.32292629088705,36.88806870631619],[127.32287084859583,36.888145709157676],[127.32268644292532,36.88845352071309],[127.32262895970658,36.88855958485819],[127.32258597903594,36.88863874999113],[127.32254463723439,36.88871497558906],[127.32251138086977,36.88870896564142],[127.32246743258956,36.88870007510721],[127.3223960527664,36.88868812396144],[127.3222750377318,36.88866625442693],[127.32221964081998,36.88865775489638],[127.32221945051205,36.88865855519102],[127.32201491552752,36.88862430924613],[127.32155616898883,36.88857872875325],[127.32149547252325,36.88857472896755],[127.32137385173408,36.888567782361015],[127.32128905669367,36.88856368257466],[127.32075102413948,36.88855843615165],[127.3205030414871,36.88857517258658],[127.32015329062119,36.888597176221374],[127.31960750824831,36.888675615699555],[127.31907403203134,36.88879695266963],[127.31855807398016,36.88896000169936],[127.31806467504204,36.88916316982933],[127.31759865587145,36.88940447212843],[127.31716456974671,36.88968155107724],[127.31676665809341,36.889991699591],[127.31664277482813,36.890109469220775],[127.31644894428177,36.89013167813168],[127.3159331379548,36.89023144883722],[127.31543137303588,36.89036991626055],[127.31494813808492,36.89054584176083],[127.31448775598574,36.890757651610336],[127.31432936058759,36.890838747621444],[127.31391669567029,36.89107161991994],[127.31353173707824,36.89133332197016],[127.31348901074625,36.89136811901708],[127.3133402538779,36.89147250786386],[127.31297185929604,36.89178567141621],[127.31290437719186,36.891855309257124],[127.3128232908868,36.89182969330905],[127.31225984539567,36.89167883278502],[127.31167970087039,36.89157666787043],[127.31155090815196,36.891559668809755],[127.31140236843909,36.891546025513705],[127.31104559392455,36.89148144732458],[127.31101079589838,36.89147704756755],[127.31069977255994,36.891444850144744],[127.3106477755733,36.89144065037322],[127.31051745157501,36.89143418286532],[127.31034558492635,36.891410320462505],[127.31002184941651,36.891391357579735],[127.30988447468636,36.89134535029136],[127.30941056256023,36.8912063784495],[127.30892302274118,36.89110216971627],[127.30842579870615,36.89103356698143],[127.30792291222262,36.8910011251359],[127.30762448406428,36.891003480638595],[127.30759395654087,36.89100120549541],[127.30727718900827,36.89100791376431],[127.30718764023469,36.89096016575903],[127.306770878462,36.89077672757768],[127.3067131807767,36.890753828758065],[127.30618149214926,36.89056959103085],[127.30562899145453,36.890430361847066],[127.30558409384703,36.890421062358556],[127.30512241348646,36.890341913813025],[127.30489795346314,36.890319058774836],[127.30474294154573,36.89029545472436],[127.30420581635018,36.890256016163775],[127.30366645861427,36.890258196055164],[127.30362666094186,36.89025989594616],[127.3031531421233,36.890296345190464],[127.30268517025573,36.89036488836544],[127.3022261104995,36.89046503258529],[127.3021489143715,36.89048473147865],[127.30199758280565,36.8905252598276],[127.30185608966745,36.890564957622466],[127.30178538616863,36.89058522176452],[127.3017361885135,36.8905996209691],[127.30157896635554,36.89065293310794],[127.3014074532659,36.89041768755695],[127.30107400877463,36.89005083610583],[127.30105130834701,36.890028336929426],[127.30089464214049,36.88988621814322],[127.3006863884563,36.88963574888773],[127.30033017668266,36.889288210693046],[127.29993256944843,36.888970958914186],[127.29949753618848,36.88868716039343],[127.2990294197796,36.888439648006994],[127.29853289319236,36.88823089239868],[127.29801291285492,36.88806297732878],[127.29747466919383,36.887937578883765],[127.29692353484461,36.88785594875402],[127.29636501104797,36.88781890174591],[127.29580467276593,36.88782680765262],[127.29524811306328,36.8878795875648],[127.2947008873096,36.88797671465762],[127.29416845775584,36.88811721944645],[127.29365613903833,36.888299699458905],[127.29316904515213,36.88852233322683],[127.29305904835235,36.88857863045865],[127.2926144629276,36.88883135739511],[127.29220248624587,36.88911752756349],[127.29182700277458,36.8894344429746],[127.2914915530557,36.889779115739984],[127.29119930031938,36.89014829623191],[127.29095300064921,36.89053850371158],[127.29075497698001,36.89094605913743],[127.29060709717437,36.89136711984469],[127.29051075638527,36.891797715769364],[127.29046686387186,36.89223378687577],[127.29047583439409,36.89267122143467],[127.29053758426849,36.893105894791404],[127.29065153212305,36.893533708258474],[127.29081660434642,36.89395062776587],[127.29103124518001,36.894352721904575],[127.29129343135982,36.894736199004385],[127.29135842809482,36.89482120159927],[127.29152302644711,36.89501344942602]]]}}]}