{"type":"FeatureCollection","features":[{"type":"Feature","properties":{"id":"43150:방도교천:1","candidate_rank":1,"admin_code":"43150","admin_name":"제천시","river_name":"방도교천","width_class":"wide","width_proxy_m":62.74,"buffer_m":200.0},"geometry":{"type":"Polygon","coordinates":[[[127.9982403769668,37.15789798140939],[127.9982399518095,37.157898981607225],[127.99821181966907,37.15799770510296],[127.9981909240612,37.15804083743055],[127.99813051313974,37.15821634387102],[127.99809253523567,37.1583958332805],[127.99807737813185,37.15857747369521],[127.99808519669487,37.15875941118411],[127.99811591128741,37.158939788770795],[127.99816920857461,37.15911676538743],[127.99824454471565,37.15928853466656],[127.99834115090854,37.159453343379404],[127.99845804123211,37.159609509332064],[127.99858412122303,37.15976013137231],[127.99862285039444,37.15980645003509],[127.99870179690457,37.159900949337896],[127.9987426175088,37.159949710223245],[127.9987480368587,37.15995615344293],[127.99885466232222,37.16008233531437],[127.99900962593163,37.16026829700776],[127.99910721694376,37.16038524894427],[127.99923228520896,37.16052092491932],[127.999372650892,37.16064665078353],[127.99952708506622,37.16076132572185],[127.99966504983423,37.160846027476246],[127.99969446413388,37.160868681179124],[127.99969870931784,37.16087194210592],[127.99971110934312,37.16088144226649],[127.99987133464587,37.16099309196436],[127.99993863515176,37.161035692740576],[127.99994142704502,37.16103745877137],[127.99999852925892,37.16107768696794],[128.00009042993233,37.16113628803302],[128.00031100416058,37.16126041490562],[128.00034455737187,37.16127484165708],[128.0003979461653,37.161310476865616],[128.00054989547607,37.16140276421465],[128.0006359191311,37.16145539340635],[128.00066003024375,37.16147317115199],[128.00068927121723,37.16150841427061],[128.00083089583003,37.16164699360758],[128.00093720618594,37.161732150003736],[128.00104502441806,37.161823186386734],[128.00121296009988,37.16193952245188],[128.00139440129382,37.162042049031285],[128.0015875821676,37.162129768284096],[128.00179062261176,37.16220182647935],[128.00200154654,37.16225752230621],[128.00206174782667,37.16227082258799],[128.002278070923,37.16230955431912],[128.00231773475858,37.16231503090523],[128.00232628636704,37.16231626343117],[128.00316237324822,37.16263827136941],[128.00321500620583,37.162657877193745],[128.00325906495632,37.16267373924809],[128.00338355236056,37.162802808197725],[128.0035113517093,37.16292271003253],[128.00367157767556,37.16305815911779],[128.00384844091755,37.16317962627338],[128.00399994214945,37.16327322799311],[128.00416339054257,37.16336524407894],[128.00433639012002,37.16344529838339],[128.00445145308328,37.163493221071306],[128.0045422299302,37.16361295572012],[128.00466665124077,37.16374720867605],[128.00480608170142,37.16387165674665],[128.0049593215403,37.16398522902007],[128.00505592210143,37.164050430180886],[128.00524130596577,37.164162968264165],[128.00544021288707,37.164259592738034],[128.00565051844745,37.16433927158879],[128.0056578331629,37.16434133418152],[128.0057193199665,37.16436799605039],[128.00586341830336,37.16441646200221],[128.0059661477514,37.164478294497776],[128.00615657443137,37.164570860264725],[128.0063575005251,37.164647910006614],[128.00656695842656,37.16470868919143],[128.00676048643064,37.16474804521771],[128.00677248524684,37.16476774446552],[128.0068800439239,37.16492414720428],[128.0070064134635,37.16507126420518],[128.00715035348327,37.1652076513191],[128.00727870562173,37.16530731888883],[128.00729179593807,37.165333753391465],[128.00739578736054,37.16549447308156],[128.0075194003863,37.165646033160485],[128.0076613879863,37.16578690452875],[128.00782031772562,37.165915665918384],[128.00799458621313,37.16603101823397],[128.00818243527792,37.16613179766148],[128.0082476361574,37.1661630982781],[128.00844087988906,37.16624590930231],[128.0086432702003,37.16631328904161],[128.0088528886899,37.16636459881775],[128.00906774842846,37.166399352275675],[128.009285812796,37.16641721999469],[128.00936248926902,37.16641750429269],[128.00946162793258,37.16644996145226],[128.00957870290358,37.166647960522056],[128.00959486066517,37.166675291775256],[128.00961402147848,37.16674392173985],[128.00968353563744,37.16691266172941],[128.0097734771474,37.16707510263328],[128.0098829716576,37.167229665082104],[128.0100109546897,37.167374846297754],[128.01015618198417,37.167509234705875],[128.01031724159574,37.16763152366221],[128.01051984266812,37.16777082612507],[128.01069760206988,37.16788118843233],[128.01082870344263,37.167954489821625],[128.01098527722397,37.16803454877986],[128.01114956641084,37.1681040037497],[128.01152026570628,37.16824538454083],[128.01157371162887,37.16826873543839],[128.01163922726235,37.16830165246974],[128.01166838821882,37.168314997046934],[128.01164261463387,37.168431593753795],[128.01161497917838,37.16860565199943],[128.01160862798807,37.168781036007005],[128.01162362142855,37.16895608288973],[128.0116598174865,37.1691291329459],[128.01171687311074,37.16929854539562],[128.01179424745948,37.169462713938486],[128.0119374417407,37.169726816489906],[128.01203639916815,37.16988705721388],[128.01215470815276,37.17003866374997],[128.0122912046469,37.17018014429375],[128.01244454561592,37.170310106672666],[128.01249005028328,37.17034171497167],[128.0124965978956,37.170375564640885],[128.0125532275311,37.17055028079182],[128.01263141565028,37.17071958655391],[128.0127303778362,37.17088178307597],[128.01284912120207,37.17103524283232],[128.01298645434997,37.1711784259552],[128.0131409993225,37.1713098956883],[128.01331120542753,37.17142833280545],[128.01335157834393,37.171451179944825],[128.0133723120305,37.17147376966452],[128.0135229128093,37.171607505787804],[128.0136894383343,37.171728548629574],[128.01387022638406,37.17183568991738],[128.01406347234214,37.17192786014248],[128.01426724721227,37.172004139237615],[128.0144660801408,37.1720599913998],[128.0145034703227,37.172093124442235],[128.0146715334415,37.17221484185373],[128.0148540375785,37.17232242098363],[128.0150491332756,37.172414771617284],[128.01525484344796,37.172490957863644],[128.01546908342235,37.172550207641336],[128.01550176653436,37.17255638770004],[128.01558255591718,37.17260914082546],[128.01577054344364,37.17270862202698],[128.01597001683137,37.17279256688405],[128.0161789777238,37.17286013441196],[128.01629578662968,37.1728874063255],[128.01630199211323,37.17292332257538],[128.01634927413295,37.17308516440936],[128.01641499021085,37.173242831504545],[128.01649858134044,37.173394982414784],[128.01659933642023,37.17354032261847],[128.01663152909666,37.17358209490128],[128.0166693217584,37.17366979703613],[128.01674030115535,37.173793594494676],[128.01674563652583,37.17380649825035],[128.01682751165762,37.17397549472812],[128.0169301893037,37.174137054170586],[128.01705263065966,37.174289541857696],[128.01718409738314,37.17442185423144],[128.01726052994104,37.17450904920916],[128.0174024479389,37.17464155334944],[128.01755971876437,37.1747624504152],[128.01773086730003,37.174870606405015],[128.01791428823572,37.17496500682328],[128.01810826112705,37.175044766197665],[128.01822429707107,37.17508161408992],[128.01823325031773,37.175101698316375],[128.0183244416746,37.17525745131494],[128.01832774158257,37.17526245137108],[128.01844375730954,37.17541862555361],[128.01857883728394,37.17556465720901],[128.0187316082937,37.17569906168017],[128.01890051724266,37.17582047251282],[128.01908384693942,37.17592765534981],[128.0192797335555,37.176019520482605],[128.01948618557552,37.1760951339319],[128.019701104047,37.17615372694502],[128.01992230392318,37.176194703813046],[128.020147536282,37.17621764792869],[128.02037451119534,37.176222326022405],[128.02060092101544,37.176208690534665],[128.0208244638417,37.17617688009937],[128.02104286692892,37.17612721813401],[128.02125390979862,37.176060209550705],[128.02145544681886,37.17597653562174],[128.02149584734588,37.17595763523102],[128.02149862746813,37.175956332482244],[128.02172873045654,37.175848330251654],[128.0219155448985,37.175750369693844],[128.02208931232371,37.17563808180517],[128.02224832318367,37.17551257133106],[128.02239101313518,37.175375073101314],[128.0225159784304,37.17522693987933],[128.02262198972574,37.17506962905143],[128.02270800417327,37.17490468828684],[128.02277317567732,37.17473374030982],[128.02277697510692,37.17471849711845],[128.0228088298318,37.174732726107166],[128.02281872998182,37.174737026193576],[128.02283817946872,37.17474537550271],[128.0228480796222,37.17474957558749],[128.02290401247205,37.17477251040144],[128.0229141126384,37.17477651048306],[128.0229421216378,37.174787410877535],[128.02295232181038,37.1747913109575],[128.02302182253248,37.17481673484522],[128.0230321227176,37.174820334919865],[128.0230604736182,37.1748300595157],[128.02307087380927,37.17483355958853],[128.02309220289965,37.174840634902615],[128.02310260309363,37.17484403497355],[128.02318127447384,37.174868388769845],[128.023191874682,37.174871488835045],[128.023213995399,37.17487785357067],[128.02322459560983,37.174880853633894],[128.02325306815507,37.17488874080953],[128.02326376837124,37.17489164087074],[128.0233318567147,37.1749091353545],[128.0233425569382,37.17491173540953],[128.02337640156145,37.17491972810473],[128.02338730179255,37.17492222815768],[128.02342861255303,37.17493136356853],[128.02343941278588,37.174933663617196],[128.02346731476945,37.17493929702741],[128.0235035662035,37.17498195843624],[128.02363886764175,37.17511275970932],[128.0237586032436,37.1752085160282],[128.02389059282012,37.1753646759366],[128.02403039148604,37.175512982103136],[128.02418852941733,37.17564898255368],[128.02436332589215,37.17577123177086],[128.02455292310125,37.17587843038994],[128.02475530589447,37.175969439011766],[128.02496832320094,37.17604329031527],[128.02518971089506,37.17609919934096],[128.02541711586545,37.17613657183554],[128.02580152473485,37.17618337278801],[128.02594666300655,37.17619720324993],[128.02608426624914,37.17620670342328],[128.0262790028268,37.17621337261767],[128.02647373061626,37.176206541235636],[128.02653012768772,37.176200622939895],[128.02654700292584,37.17620147892741],[128.02676584118976,37.17619552787972],[128.0269829224648,37.176172597256425],[128.02719619408404,37.17613290388611],[128.02740363941172,37.176076823101255],[128.02760329691583,37.176004885188455],[128.02779327871875,37.175917770372976],[128.02797178845114,37.1758163023856],[128.02813713823926,37.17570144067208],[128.02816108934385,37.17568121951722],[128.028349761422,37.1757245335295],[128.0287977777956,37.17580763071038],[128.02886402104156,37.175841127234236],[128.0289369174342,37.17587646124166],[128.0293382230853,37.17606276493804],[128.0293489164273,37.1760676303414],[128.02936092146888,37.17607589941039],[128.02944052198643,37.17612830035225],[128.02961319225128,37.17623129725039],[128.0297973694666,37.17632062349791],[128.0299913689099,37.17639546198618],[128.03019341599327,37.17645512813114],[128.03040166249892,37.17649907613665],[128.03061420348826,37.17652690398814],[128.03082909473113,37.176538357130674],[128.03104437049416,37.17653333079798],[128.03125806152622,37.176511870970906],[128.03146821307627,37.1764741739566],[128.03167290277827,37.176420584592364],[128.03187025823914,37.176351593090594],[128.03205847416996,37.17626783055342],[128.03243687868604,37.17607992673877],[128.03262404770769,37.17597614055278],[128.03279715999534,37.175857758662744],[128.03295444526296,37.17572599171838],[128.03309429510657,37.17558218724657],[128.0332152794514,37.17542781586873],[128.0333161611744,37.17526445625944],[128.03339590875183,37.17509377900055],[128.0334537068038,37.17491752949548],[128.03348896442716,37.17473751011898],[128.03350132123205,37.17455556178455],[128.03349065102117,37.174373545118456],[128.03345706307323,37.17419332143252],[128.03340090101898,37.174016733690536],[128.03332273932062,37.173845587662875],[128.03322337739172,37.173681633461726],[128.03310383141687,37.17352654764621],[128.03292672890655,37.17332085042285],[128.0327985318342,37.17318599542812],[128.03265507286073,37.17306137229736],[128.03249762049367,37.172948082926126],[128.03232756694854,37.17284712899467],[128.03214641583924,37.172759403112565],[128.0319557688841,37.17268568092783],[128.03181717141,37.17263838191036],[128.03160551189387,37.172575977594676],[128.031387112513,37.17253083190104],[128.031210263439,37.17250907038689],[128.03098022180887,37.17240462717991],[128.03095672935845,37.17239542239188],[128.0308900255843,37.17235971449433],[128.03068979947062,37.17227449192443],[128.03047987686773,37.172205818227276],[128.03026238705988,37.17215438996847],[128.0301450570632,37.17213666757289],[128.03009048738,37.17210429169497],[128.0299103785148,37.17201702484576],[128.029720871578,37.17194360140519],[128.02952362341426,37.17188466330171],[128.02934142715966,37.17183786429051],[128.0290796204869,37.171784699990475],[128.0289770708951,37.171758331939536],[128.0288946501361,37.17172114466874],[128.02869125802866,37.17163991677579],[128.0284786687517,37.171575512476444],[128.0282590487031,37.17152858808154],[128.02803463591317,37.17149962177312],[128.0278077172429,37.17148890873223],[128.0275806050843,37.17149655813157],[128.0273556138013,37.17152249202317],[128.02713503615047,37.17156644613231],[128.02692111992155,37.17162797254993],[128.02671604503604,37.17170644429614],[128.0265921893757,37.17176014427715],[128.0264638380542,37.17169607504311],[128.02633049539637,37.171643412302636],[128.02625554237656,37.17160636029717],[128.02605563650326,37.171518408878484],[128.02591073892552,37.17146211003022],[128.0258193265182,37.17142858953211],[128.0257078285362,37.17139009033107],[128.02551653673348,37.17133213563083],[128.02531946254015,37.171288310871724],[128.02526066384118,37.17127751109906],[128.02513246353135,37.17126022806483],[128.02503945144056,37.17108342382717],[128.02493487043952,37.170910918127106],[128.02480797695327,37.1707482814449],[128.02466020778664,37.17059735512923],[128.02444240687296,37.1703977582233],[128.0242842760907,37.17026683046483],[128.02411044145867,37.1701493421574],[128.02392267805195,37.17004649296463],[128.0237229031469,37.16995933306736],[128.02353390632703,37.169886534558465],[128.02343369850493,37.1698529252877],[128.02339351792406,37.169827907111944],[128.0233076627949,37.16978378147054],[128.02323177510993,37.16972305623005],[128.02307363291902,37.169618092010985],[128.02300015594972,37.16954731221697],[128.02286606492086,37.169441054448136],[128.02280378426792,37.16930791214882],[128.02270870095273,37.169152156879065],[128.0225953559266,37.16900443397267],[128.02241945335322,37.16879813673935],[128.02239490305658,37.16876992604472],[128.0222783015691,37.1686386278515],[128.0221928696602,37.16854855288273],[128.02198646818226,37.16834455591668],[128.0218825210671,37.16824890485658],[128.02160282057906,37.1680091087027],[128.02159786983793,37.16800489649215],[128.02131128230863,37.167735696598236],[128.02122062435694,37.16765553977831],[128.02113462429548,37.16758394094329],[128.0209776308525,37.16746520229039],[128.02080714253523,37.16735904934805],[128.02070356404974,37.16730647474187],[128.02069544184036,37.16729597278818],[128.0205653684949,37.16715897136862],[128.02041956059134,37.16703252295482],[128.02025934761528,37.16691778044905],[128.02008619037136,37.16681579001959],[128.01990166766424,37.16672748156384],[128.01970746190474,37.16665366023124],[128.01950534377193,37.16659499908379],[128.01929715607142,37.16655203296047],[128.0190847969366,37.16652515360182],[128.01878250401532,37.16649865411349],[128.01869017863933,37.1664941537081],[128.01864062321155,37.16642682046777],[128.01851039125654,37.166284007699666],[128.01836329870133,37.166152096058646],[128.01820076162448,37.166032355402535],[128.01802434476008,37.16592593841897],[128.01800264500022,37.16591413864431],[128.01781155213934,37.16582098418563],[128.01760985016338,37.16574346849636],[128.01739953093912,37.16568235705856],[128.0171826714135,37.16563825335821],[128.01696141310728,37.16561159292683],[128.01673794097098,37.16560263904133],[128.016514461813,37.16561148012459],[128.01629318251148,37.16563802887229],[128.01626134874343,37.165644485974546],[128.01611754809576,37.16551313680206],[128.01602840372385,37.16542702023681],[128.0158907826697,37.165305746242375],[128.01573996818385,37.16519497627343],[128.01557720683718,37.165095625871366],[128.0154038439281,37.16500851618893],[128.01522131236362,37.16493436720444],[128.01507081501055,37.16487996832784],[128.01485018946573,37.16481115453767],[128.01462175409472,37.16476126460811],[128.01438803530579,37.16473085030325],[128.01415161792818,37.16472024799468],[128.01414554002335,37.164720231603695],[128.01404308995774,37.164704245304314],[128.0138282511777,37.16468757449674],[128.01380301234468,37.164687559274014],[128.01370828661453,37.16452149190409],[128.0137066528593,37.16448661337048],[128.01367747379263,37.16431377496461],[128.01362755297822,37.16414400379262],[128.01355735822264,37.16397889031077],[128.0134675472512,37.163819981331166],[128.01335896154237,37.16366876553182],[128.01323261844072,37.16352665951191],[128.01314321769635,37.16343576084176],[128.01299508185664,37.16329974758737],[128.01282948175322,37.16316224982711],[128.01266435139124,37.16303827063116],[128.0124844978192,37.16292819173168],[128.01229173988617,37.162833126316954],[128.01208802691528,37.16275403574597],[128.01208362602438,37.16275274583869],[128.01198184584783,37.16266565019628],[128.01181237280753,37.16254698213613],[128.0116289369273,37.16244245590477],[128.01145128070493,37.16236129773981],[128.01137874837244,37.162325309239336],[128.01117938513312,37.1622469936665],[128.01102349583428,37.16220037286881],[128.0109916780932,37.162180127828414],[128.010985375498,37.162173988223245],[128.01088998381866,37.162090048846395],[128.01085357790618,37.16204475016108],[128.0107193186658,37.16190853777383],[128.01070572743248,37.16189718966344],[128.01065766343993,37.161842357106465],[128.0106483460398,37.16183366077785],[128.01060044606055,37.16176853641733],[128.010483743968,37.161621938296],[128.0103589253772,37.1614806114808],[128.01021774241957,37.1613495201951],[128.01006149752553,37.16122987369978],[128.0098916320445,37.16112277567739],[128.00970971294907,37.16102921405282],[128.00951741838077,37.16095005188159],[128.00931652217162,37.16088601939011],[128.0091088774836,37.16083770724092],[128.0088963997171,37.16080556108512],[128.00868104884583,37.1607898774524],[128.00846481134076,37.16079080101619],[128.00831931845246,37.16080265141908],[128.00829690258874,37.1607998539087],[128.00824211735338,37.16075223866231],[128.00806126971457,37.16061172788365],[128.00786193271733,37.16048827589059],[128.00766366014193,37.16037911460472],[128.00764931854363,37.16036859262841],[128.00747616013984,37.16026419086084],[128.00729125874815,37.16017360249595],[128.0072880526358,37.16017235355754],[128.00728080977484,37.160167293179825],[128.0069105815218,37.15988441185163],[128.00684128470934,37.15983363292598],[128.006784784973,37.15979393362176],[128.00663849751177,37.159691350424126],[128.0064678160052,37.15958288658529],[128.00629621769627,37.15948428843865],[128.00629406853386,37.15948305508503],[128.0062202692653,37.15944075588076],[128.0061792536185,37.1594172742907],[128.0059616250475,37.159307169210216],[128.0057297138014,37.159217670398554],[128.00532736545435,37.15908451588445],[128.00527972978622,37.15906865465498],[128.00451838430524,37.15878573873616],[128.00451630960873,37.15878447334123],[128.00432347088199,37.15868971467303],[128.00429742765354,37.15867964412904],[128.00418345684432,37.158605673838316],[128.00411182960605,37.158561070452286],[128.0038382320558,37.15839767348725],[128.00381659022995,37.15838490886357],[128.00360874109504,37.15826384232131],[128.00344483919665,37.158145731775846],[128.0034404081011,37.158142085002765],[128.00343735819547,37.15813957981236],[128.0034169223555,37.15812282638392],[128.0032441446691,37.15798054453065],[128.00324200203738,37.15797234686243],[128.00317642974844,37.157804860727786],[128.00309081042133,37.15764327510822],[128.00298595648894,37.15748912303967],[128.00294385563973,37.15743382372698],[128.00282003806626,37.157287797279935],[128.00267896784422,37.157152165401556],[128.00252199815895,37.15702822902883],[128.00235063467582,37.156917176913645],[128.00226806871098,37.15687363115692],[128.00221956274675,37.1568235751483],[128.0020651834119,37.15669339648174],[128.0018953902144,37.15657615601658],[128.00171186774173,37.15647301689995],[128.00151643676713,37.15638500237514],[128.00131103618662,37.15631298563157],[128.00109770378558,37.15625768114357],[128.00087855602504,37.15621963758334],[128.0006557670482,37.156199232378704],[128.0004315471152,37.156196667969326],[128.0002081206802,37.15621196979868],[127.9999877043273,37.156244986061644],[127.99977248478484,37.15629538920997],[127.99956459723548,37.15636267920135],[127.9993661041369,37.15644618845893],[127.99934200444666,37.1564575882242],[127.99915868119024,37.156554255954525],[127.99898799216739,37.15666475518561],[127.99883156041581,37.1567880352482],[127.99869087343092,37.156922923942176],[127.99856726902122,37.15706813868065],[127.99846192258627,37.15722229868381],[127.9983758359376,37.15738393810664],[127.99830982776955,37.15755151997559],[127.99826452587048,37.15772345080203],[127.9982403769668,37.15789798140939]]]}},{"type":"Feature","properties":{"id":"43730:삼남천:2","candidate_rank":2,"admin_code":"43730","admin_name":"옥천군","river_name":"삼남천","width_class":"medium","width_proxy_m":15.47,"buffer_m":200.0},"geometry":{"type":"Polygon","coordinates":[[[127.7282579390473,36.2815513453434],[127.72828132827541,36.281676150318],[127.72828971496892,36.281708448235634],[127.72829941591176,36.28179693273347],[127.72831331341584,36.281887233015105],[127.72835594993212,36.282079045337],[127.72837941747969,36.28215941149194],[127.72840622657455,36.28225615122345],[127.72849214339074,36.28249047019866],[127.72856213994454,36.28264267144318],[127.72857679153394,36.28267082473857],[127.72860677033745,36.28281257483612],[127.72863127973213,36.282932169161924],[127.7286405558655,36.283034686736954],[127.72864443570147,36.28316500908819],[127.7286537605681,36.2832919751912],[127.72866025902032,36.28334737532761],[127.72871229753238,36.28359940807321],[127.72875059421271,36.28372800879495],[127.72878704080343,36.28383565128646],[127.72881493901713,36.28390905179672],[127.72890127332127,36.28409793584933],[127.72901309922418,36.28427784155674],[127.72903889864102,36.28431414197433],[127.72913653263633,36.28443932275393],[127.7292465279392,36.28455759323082],[127.72927982771843,36.2845904937067],[127.72944475623399,36.284736330487505],[127.72962842566473,36.28486666147926],[127.729688626109,36.28490486215679],[127.7299028978749,36.28502512369868],[127.72993315338014,36.28504006039903],[127.72994267763916,36.285045944761485],[127.73013206801139,36.285140353027245],[127.73033214948758,36.285218989328044],[127.73054092473384,36.28528106865987],[127.73059722586072,36.285295268954904],[127.73061689378456,36.28529959766726],[127.7307636136832,36.28536353411078],[127.73096452784569,36.28543152465483],[127.73111243065819,36.285474825547404],[127.73133605688446,36.28552862991712],[127.73142040215069,36.28557808116655],[127.73143478220227,36.285589183829046],[127.73157568284057,36.28568147684701],[127.73164908347401,36.28572567764501],[127.73175851339226,36.28578753763693],[127.7319357154039,36.28588143939776],[127.73208759289074,36.28595415641071],[127.7321141505983,36.28599411339625],[127.7322365253953,36.286141384936954],[127.73237620038303,36.28627819662076],[127.73243107777081,36.28632228494457],[127.73250751484268,36.28642121992712],[127.73264071099521,36.2865936202265],[127.73270611906537,36.2866734766277],[127.73297245803833,36.286980596635274],[127.73307516045696,36.28710604874498],[127.73319587167218,36.28723972827135],[127.73326809319232,36.28730596770219],[127.73333842261512,36.287387075892134],[127.73348807401479,36.28752670332715],[127.73365460583818,36.287653185102414],[127.73383626597055,36.28776519042186],[127.73384190880115,36.28776798033574],[127.7338424287718,36.28776877375004],[127.73394717749628,36.28791217797665],[127.7340675959104,36.288060887514774],[127.73409439911045,36.28815523686349],[127.73415352379365,36.28832489595564],[127.73423283916746,36.28848906719823],[127.73423566941368,36.28849357029291],[127.73427794462758,36.28861627963418],[127.73429951679744,36.28868017159922],[127.73437540524978,36.28890586343036],[127.73441886144535,36.28902002774878],[127.73442895479735,36.2890437232961],[127.73442901214588,36.289044128322395],[127.7344804716138,36.28927428723584],[127.73453176733359,36.289441088199524],[127.73461303513018,36.289650175938945],[127.73463687878474,36.28969265136587],[127.73464108701326,36.28970261632775],[127.73472248329013,36.289871017763495],[127.73480171615425,36.29001584183604],[127.73489635016396,36.29015447466994],[127.73491158066771,36.290172779963605],[127.7349172387945,36.29018676219296],[127.73499042516498,36.29034279441748],[127.73508112770674,36.29049267656703],[127.73509862102719,36.29051586949366],[127.73515557555167,36.29060470742743],[127.73517677510665,36.290633607767575],[127.7352937369643,36.290777010961],[127.73542703824121,36.290910744197426],[127.73548303804128,36.290961744969074],[127.73570829800445,36.29113977389319],[127.7357613982906,36.2911761745207],[127.73584347578245,36.291229789153334],[127.73589587619449,36.29126238973558],[127.73589873828483,36.29126401415864],[127.7359308004805,36.29138957817528],[127.73600561198653,36.29157669557274],[127.73610516415457,36.29175609956612],[127.73615206282165,36.29182960034728],[127.73624358614022,36.29195951619915],[127.7363481004336,36.292082841544804],[127.73640407338789,36.292138383191215],[127.73648946962633,36.29222894287852],[127.73655746922223,36.29229494384308],[127.73669749610684,36.29241865953776],[127.73685112930015,36.29253129650811],[127.73701703708919,36.2926318783632],[127.73715483855463,36.292707579768894],[127.73720686260349,36.292733911906716],[127.73725448343022,36.29277395624065],[127.73726926615414,36.29279102179281],[127.73741328698078,36.29292645761036],[127.73757316890078,36.29304968107904],[127.73774733995286,36.29315948061184],[127.73784184089078,36.29321318159922],[127.73791565104595,36.29325138230879],[127.73792059340137,36.293254654917696],[127.7379600937495,36.293278255344916],[127.73796809173994,36.2932830116773],[127.73799529198548,36.293299111969645],[127.73818555177941,36.29340007362046],[127.73819840591844,36.2934054646689],[127.7382574143469,36.29343928986569],[127.73828560519084,36.29345890674991],[127.73840024257643,36.29353084165059],[127.73841840615515,36.293542944723306],[127.7384716747801,36.29358675926626],[127.73853579685037,36.293630768670425],[127.73858837094348,36.293677789698364],[127.73877202231405,36.29380947808334],[127.73897245833632,36.29392400833003],[127.73908827109882,36.29398272351861],[127.73927746248887,36.294083288685535],[127.73938038015076,36.29413480991127],[127.7396361836019,36.29425521223549],[127.73988898541111,36.29435740912702],[127.74012968966285,36.29443971080007],[127.74037513769713,36.29451024593558],[127.74062908240658,36.29455709309357],[127.74063879236897,36.29455840625234],[127.74090788417139,36.29460215809837],[127.74096558546887,36.29460835822309],[127.7411810616802,36.29462293677482],[127.74126976371878,36.294625436808204],[127.74153036045405,36.294620420518825],[127.7415752614739,36.29461742043925],[127.74176859902013,36.294597573925785],[127.74179019949304,36.294594573853225],[127.74201086722104,36.29455449095395],[127.74222537291132,36.29449649223005],[127.74238613684817,36.2944377521766],[127.74239625120713,36.294437511351234],[127.74262110791477,36.29441346863693],[127.74277646233202,36.29438359149915],[127.74296612674028,36.29435207241694],[127.7430438294322,36.29433161641346],[127.74312191254882,36.29431554139917],[127.74332804350902,36.29425509332413],[127.74352583027397,36.29417852583882],[127.74370535032268,36.294090506119275],[127.74372735833676,36.29408123066918],[127.7437460523791,36.29409033465241],[127.7439350328971,36.29416374440873],[127.74413170454568,36.294222441014796],[127.74413659407078,36.29422348985331],[127.74417330548694,36.294235008150515],[127.74423871669427,36.29427631123617],[127.74442020718577,36.29436961959454],[127.74461196992151,36.2944483210824],[127.74467000282085,36.294466683493326],[127.74483438232791,36.294534441219106],[127.74504569545252,36.29460062465678],[127.74526422423442,36.29464907858143],[127.74548770518089,36.2946793011134],[127.7459126465763,36.29471890296445],[127.74595021742341,36.29472387808549],[127.74601118877433,36.294772495943604],[127.74616278089155,36.294871719073655],[127.7461951889827,36.29502377966946],[127.746252904681,36.29519353505636],[127.74633080709695,36.29535792147815],[127.7463858050146,36.29545892242748],[127.74648714007078,36.29562208036114],[127.74660835199047,36.295776099281504],[127.7467481963304,36.295919397785376],[127.74690523731377,36.29605050453446],[127.7470491413636,36.29614851242977],[127.74712333725824,36.29621280374702],[127.74730094334484,36.29635058510881],[127.74741915184107,36.29642387019469],[127.74751719352632,36.296493358634294],[127.74759929410166,36.296546259567634],[127.74763485199388,36.29656800619872],[127.74763780638273,36.29657016476802],[127.74768519965902,36.29660381843821],[127.74776360006786,36.29665791936856],[127.74776484498717,36.29665673719972],[127.74784282891808,36.29671087108673],[127.74785522901236,36.296718671225506],[127.74801920761017,36.29681253386087],[127.74819296826666,36.29689405289151],[127.74837509705834,36.29696256497005],[127.7485641119549,36.29701751258982],[127.74875847488065,36.29705844862209],[127.74895660423256,36.297085039955334],[127.74897620467537,36.29708693999306],[127.74922836564404,36.297099696593286],[127.74924949289264,36.297098821442354],[127.74931071389454,36.2971079162979],[127.74952971781202,36.297122621012974],[127.74974944573451,36.29711977683576],[127.74995535414926,36.29710056848745],[127.75001690371634,36.2971508278168],[127.75005150381266,36.297176828248475],[127.75017043018082,36.29726006501662],[127.75025993078347,36.29731836604126],[127.7504270050891,36.29741720618044],[127.75043260515152,36.297420206236545],[127.75058359604479,36.29749429847024],[127.75058642837733,36.297495450541284],[127.75057212345332,36.2975297887305],[127.7505235015319,36.29769863672285],[127.75050711668838,36.29779794055516],[127.75038375418326,36.29792441704496],[127.75027054446548,36.298065898775555],[127.75025261094382,36.29809370089689],[127.7501847656327,36.2981716703098],[127.75013626462726,36.2982359695603],[127.75001175745965,36.29842557886402],[127.74997045594078,36.29849867819099],[127.74989660781796,36.298646300773605],[127.74983914807743,36.29879862433788],[127.74979852552774,36.298954459366755],[127.74977505749963,36.299112588914554],[127.74977215662143,36.29914368887155],[127.7497718798801,36.299151633427456],[127.74976569582456,36.29916027869604],[127.74973779501758,36.29920347825073],[127.74964707641463,36.29936226705374],[127.74957580433919,36.299527427515784],[127.74952465047599,36.29969740341634],[127.7494940969566,36.299870593151326],[127.74948889569099,36.29991559307079],[127.74947922562042,36.300089230788],[127.74949026442145,36.300262815013475],[127.74949074805203,36.30026544240383],[127.74949964128882,36.300398882238575],[127.74950071286999,36.300435683426876],[127.7495226558236,36.300588352902885],[127.74953784668658,36.30073908291577],[127.74957694250162,36.300913301800165],[127.74963697054453,36.301083574386375],[127.7497173515008,36.30124825704116],[127.74981315645537,36.301399216059686],[127.74985179300435,36.301515327007095],[127.74993392408936,36.30168869352121],[127.75003765616253,36.30185429996056],[127.7501618883202,36.30201038854186],[127.75024157332518,36.302090907210015],[127.75027029352017,36.30215245172617],[127.75036441407762,36.30230738818412],[127.75047641921674,36.302454323638365],[127.75060528108925,36.302591909566495],[127.75064634170192,36.30262798102704],[127.75067134593831,36.30265210943134],[127.75082515616737,36.30278609123108],[127.75091995629711,36.30286069244468],[127.75101889195399,36.30293398776279],[127.75106909220166,36.30296898836234],[127.75118307608955,36.30304332004659],[127.75124937664411,36.30308372077338],[127.75142161618801,36.303178787950095],[127.75160408581948,36.30326039928631],[127.75161116348626,36.3032632232192],[127.75173990077212,36.3033199337229],[127.75192431832085,36.3033844811687],[127.75195641937111,36.303393030298885],[127.75198578332441,36.30340477793131],[127.7520189838949,36.30341667817187],[127.75222373982186,36.303480499642404],[127.75243526227345,36.30352769911586],[127.7524595469107,36.30353108171739],[127.75251430647465,36.30354287456124],[127.75273118532293,36.30357144066261],[127.75295048673746,36.3035825647618],[127.7531700748883,36.303576138520285],[127.75338781115283,36.30355222452646],[127.75360157494849,36.303511055685924],[127.75380928438969,36.30345303295254],[127.75400891656763,36.30337872142281],[127.75419852725487,36.30328884483097],[127.75437626984296,36.30318427849924],[127.75454041332874,36.303066040811245],[127.75468935917316,36.3029352832924],[127.75482165686972,36.30279327939327],[127.75493601806961,36.30264141208578],[127.75496221736826,36.30260241167082],[127.75505965291985,36.30243807053418],[127.7551360806998,36.30226660329676],[127.75519071898734,36.302089764080016],[127.75522300898226,36.30190936194911],[127.75523262051543,36.30172724240529],[127.75521945542026,36.301545268506025],[127.75518364853052,36.30136530180613],[127.75512556629455,36.301189183314655],[127.75504580302047,36.30101871466265],[127.75494517479085,36.30085563967402],[127.75482471110968,36.30070162652824],[127.75468564436692,36.30055825069736],[127.7545293972285,36.30042697883146],[127.75435756808136,36.30030915375762],[127.75428555394198,36.300269133465896],[127.75427713177822,36.30025430373052],[127.75431535240129,36.30012668214183],[127.75434621922223,36.29994143838747],[127.75434753387677,36.299906337334676],[127.7544293133625,36.29981423190682],[127.75453857172025,36.29966163948714],[127.75457874812643,36.29959023418771],[127.75461873985807,36.29954284024731],[127.75471601221912,36.29940196697994],[127.75479732600935,36.29925461485435],[127.75483772413016,36.299171614185376],[127.75483801687407,36.2991709271002],[127.75490301197989,36.29903881360809],[127.75493111375893,36.29896234844502],[127.7549711450499,36.298878990629646],[127.75500024340165,36.29881029014295],[127.75506132615996,36.29863883783673],[127.75509125255446,36.298507001039425],[127.7551074634354,36.298484429209466],[127.75519842550432,36.29832309614901],[127.75525022313266,36.298217795292125],[127.7553165963302,36.29805633440017],[127.75540838380377,36.297867767873136],[127.75544628151374,36.297773867237744],[127.75550910629933,36.29758352715544],[127.75554588944188,36.29738877332332],[127.7555561915722,36.2971919330821],[127.75553988977838,36.29699535868802],[127.75552938785401,36.296925858902256],[127.75548241796699,36.296717511006165],[127.75544691493096,36.2965997116759],[127.75538966958251,36.29644156036743],[127.75531481764754,36.2962883031029],[127.75522298507899,36.29614122129825],[127.75515328343204,36.29604122243363],[127.754987951184,36.29583755459184],[127.75496855099532,36.295816854878204],[127.75491721680652,36.29576216009272],[127.75479010016495,36.295638582162425],[127.75472371901162,36.295584653879196],[127.75472194743776,36.29558007883792],[127.75463585531733,36.29541638985483],[127.7545302466646,36.295260369420554],[127.75440615063998,36.29511353779542],[127.75426477652442,36.294977325696394],[127.75410750193382,36.29485306035757],[127.75393585939415,36.29474195259973],[127.75375152140839,36.2946450850339],[127.75366132012886,36.29460734661002],[127.75365511527421,36.294604578772535],[127.7536268129941,36.29458138500319],[127.75359044383966,36.29455668525697],[127.7535883276676,36.294542473088235],[127.75356712467112,36.29443257350841],[127.75353351836196,36.29429415946073],[127.75348664259063,36.29415829703521],[127.75346564132371,36.29410549741752],[127.753401736687,36.29396509840708],[127.75335923527257,36.293891265074926],[127.75335866026788,36.29389004978149],[127.75333755938179,36.29384875015033],[127.75319225163321,36.29361429148318],[127.75317685131336,36.29359339173006],[127.7530565420758,36.29344688108227],[127.75291916081211,36.29331056402935],[127.752901360757,36.29329456427313],[127.75284664531671,36.293247128831965],[127.75282954530641,36.29323282905794],[127.7526799592354,36.293118775845244],[127.75267835414212,36.29311766058299],[127.75260121494908,36.29305578484665],[127.7524193853722,36.292937709270845],[127.75222330227012,36.292835671346985],[127.7521788551549,36.29281754948409],[127.75204524727816,36.29274325235086],[127.75184481592136,36.29265475864965],[127.75163424358486,36.29258334701458],[127.751415744554,36.292529768372894],[127.75119161645091,36.29249458612878],[127.75096445828115,36.29247818772454],[127.75086936318267,36.292458662168215],[127.75063295604829,36.29243147915556],[127.75061745640163,36.292430379176295],[127.75041297240978,36.29242351168842],[127.75020857339055,36.29243187433523],[127.75000598656612,36.29245539645162],[127.74992893543875,36.29246729124792],[127.74990165065232,36.292441214080064],[127.74975596446366,36.29231480488802],[127.74959598746474,36.29220027734603],[127.74942319170046,36.29209868525103],[127.74923916714523,36.29201096337403],[127.74920486848569,36.291998019989144],[127.74920057259942,36.29199360921069],[127.74905266058903,36.29186857019219],[127.74889061146825,36.291755596896614],[127.7487159205309,36.29165573173703],[127.74847332341675,36.29153073409805],[127.74834630549393,36.2914699789786],[127.74828510637862,36.29144287950818],[127.74817277550352,36.291396435427544],[127.74812627626406,36.29137853578577],[127.74808276199242,36.29136224787378],[127.74796126405934,36.291318048765234],[127.74787253997272,36.2912876228681],[127.74777454175828,36.291256023513945],[127.74773907285973,36.291244869963165],[127.74767317408927,36.29122467037786],[127.74756725769642,36.2911946526125],[127.74746445973419,36.291167853168055],[127.7473769391883,36.29114663086408],[127.74727894121044,36.291124631321956],[127.74726545018189,36.2911216396348],[127.74715085255951,36.29109654015733],[127.74707485686736,36.29108105206575],[127.74672566431593,36.291015153436504],[127.74667710901153,36.291006451848446],[127.74661761029998,36.29099635205794],[127.74649137293977,36.29097501651604],[127.74631004876481,36.290892321977196],[127.7463026760646,36.290889330099226],[127.74621757784146,36.290798661320544],[127.74620220192396,36.2907836456306],[127.74616096073801,36.29073403456126],[127.74603236998443,36.29060630204435],[127.74599725681118,36.29057729470526],[127.74596996652673,36.29055006743596],[127.74584998321176,36.29045070472273],[127.7457751096039,36.290375034657245],[127.74562898207664,36.290252967960875],[127.74546929944921,36.29014258916686],[127.74529748219267,36.290044880124384],[127.74511505870117,36.28996070997866],[127.74492365169722,36.28989082744096],[127.74472496379896,36.28983585412981],[127.74452076237692,36.289796279042555],[127.74449409825779,36.28979217687174],[127.7443092666774,36.289756017484706],[127.74410669843643,36.28972434978412],[127.74390137895755,36.289707998992895],[127.74369507145892,36.28970710552785],[127.74350237587431,36.28971350533147],[127.74328294706663,36.289729626815586],[127.74306656122722,36.28976322870414],[127.74285533775657,36.289813981884215],[127.74265134550278,36.289881389253175],[127.7425302474419,36.28992718828843],[127.74234930884809,36.29000399517013],[127.74217782938322,36.290093906926465],[127.7420172531904,36.2901961663695],[127.74190485363908,36.290274765013464],[127.74176602808024,36.29038311440501],[127.74172721337372,36.290403795322995],[127.74159665690328,36.29048516753309],[127.7414693575486,36.290570766030214],[127.74146140335792,36.29057663167807],[127.74133309379354,36.290478625904484],[127.74118657298884,36.290384225252005],[127.74110087376704,36.29033362617132],[127.74090731911359,36.290231367372755],[127.74084544644782,36.29020564955857],[127.74084136958015,36.29020287092095],[127.74071429776986,36.29011619579843],[127.74051999087168,36.28999772730035],[127.74031440732368,36.28989882506499],[127.74029475044811,36.28988362665408],[127.74026981231144,36.28986580635279],[127.74025282643542,36.28984245753062],[127.74024846093022,36.28983287442896],[127.7401792428944,36.28969802527254],[127.74009644002055,36.2895535266863],[127.74008432674914,36.28953273621877],[127.74000312409201,36.289395637595206],[127.7399081180306,36.289252225953746],[127.7398604170374,36.289187426718364],[127.73972291472799,36.28902215430465],[127.73956951558574,36.28887571650582],[127.73954228123985,36.288839904158486],[127.73944618460918,36.28872386750631],[127.73933927505638,36.28861420529046],[127.73931437493079,36.28859060563993],[127.73910059928538,36.28841409617487],[127.73905209948133,36.28837919676488],[127.73900483312177,36.28834833410726],[127.73895196869731,36.28819269014119],[127.73888304541516,36.28804861435852],[127.73883908067864,36.28791511373572],[127.73875599500799,36.28770929260862],[127.73864847459971,36.28737628042258],[127.73862209779334,36.28724859446329],[127.73856930009046,36.28705749914185],[127.73850069516591,36.28686020041215],[127.7384397784783,36.28671045777768],[127.73836293110054,36.286565597991206],[127.73827490205414,36.28643299721418],[127.73827101432428,36.28642458827056],[127.73818209546043,36.28625825747721],[127.73807299236563,36.28609999782287],[127.73794480845979,36.28595140970545],[127.73782452293537,36.285838173475526],[127.737745800142,36.2857225492879],[127.73770366135659,36.28566334126681],[127.73761045946131,36.28553794275632],[127.73749208331023,36.28539466160297],[127.73735734152109,36.285261191664645],[127.73724765482115,36.285171584937714],[127.73722014761442,36.28513364985328],[127.73707436028965,36.284975285069756],[127.73690804476443,36.284830786681596],[127.73672319850337,36.284701890037496],[127.7366061555329,36.28462892256056],[127.73656136320544,36.28456689792503],[127.73641012725064,36.28438602247459],[127.73636931068809,36.28433485745676],[127.73635467194698,36.284316746797124],[127.73635076967115,36.2843119816986],[127.73634315802335,36.28425432410663],[127.73629927319915,36.28408247770065],[127.73627667139337,36.2840115781235],[127.73621440553991,36.28384857354636],[127.73613338005433,36.283691066548506],[127.736034321217,36.28354046874743],[127.73591811691293,36.28339812983103],[127.73578580867157,36.28326532546254],[127.73576607610515,36.28324896331438],[127.73569721665147,36.28316212633073],[127.73557323473358,36.28303317352574],[127.73543533606022,36.28291384297978],[127.73528465436941,36.282805115721786],[127.73512242847396,36.28270788560636],[127.73494999207706,36.28262295196636],[127.73489949280537,36.28260055240399],[127.73471286517665,36.282526718028386],[127.73451855002658,36.282467289112965],[127.73431823922358,36.2824227830921],[127.7341136768286,36.28239358746953],[127.73397909229743,36.28238472648008],[127.73390636387259,36.2823465076625],[127.73371382975549,36.2822560723953],[127.73356973196167,36.28219597358291],[127.73345231636716,36.282152826347364],[127.7334327071616,36.28214463902782],[127.73328433464748,36.282092249149464],[127.73322996935632,36.28193131905024],[127.73322634383341,36.28192044337125],[127.73322438107779,36.28191459469204],[127.73317391462528,36.28176520605913],[127.73311884781218,36.28160211752013],[127.73311821613109,36.28160025064051],[127.73310041481274,36.281547750970994],[127.73299168892171,36.2812996965218],[127.73298307756798,36.28128383326207],[127.73297968972084,36.28125078873408],[127.73296385837565,36.28113890433942],[127.73295857510954,36.28110967482216],[127.73295057063451,36.281042037743404],[127.73294591019112,36.280999695810365],[127.73293817575222,36.28092619063968],[127.73293610147999,36.28090761450341],[127.73292009769487,36.28077211483929],[127.73291342370705,36.280722784865],[127.7329073226008,36.28068278498889],[127.73288399997759,36.28058226078324],[127.7328862443205,36.280581954000084],[127.73287494285329,36.280527754221595],[127.73281798037118,36.28032597127376],[127.73277397732804,36.28020307208511],[127.73277371379145,36.28020313394124],[127.73273598590129,36.28009923173866],[127.73267277900855,36.279965474560704],[127.73265047812517,36.279923374947415],[127.73260794545544,36.27984313976476],[127.7325217474982,36.27969864480421],[127.73243604526492,36.27956994621593],[127.73226415268361,36.279351127926155],[127.73221761141818,36.279300356925205],[127.73220452388543,36.2792830163204],[127.73207662620926,36.27914515406085],[127.73193304337771,36.279017818303004],[127.7317750895696,36.27890217445753],[127.73160421047105,36.278799280923124],[127.73142197004434,36.27871007940112],[127.73123003621484,36.27863538627833],[127.73103016560746,36.27857588515659],[127.73082418747171,36.27853212059742],[127.73061398694308,36.27850449313916],[127.73040148779333,36.27849325563176],[127.73018863482726,36.27849851092311],[127.72997737608765,36.27852021091797],[127.72976964503002,36.278558157017954],[127.72956734283132,36.27861200193867],[127.7293723209932,36.27868125288743],[127.72918636439998,36.27876527607254],[127.729011174985,36.27886330250247],[127.72870057722359,36.27905549901055],[127.7285333468746,36.279169955479944],[127.72838081457354,36.279297161812025],[127.72824445643842,36.27943588704187],[127.7281255920922,36.279584788730254],[127.72802537189088,36.27974242595254],[127.72794476578872,36.279907273241186],[127.72788455394843,36.28007773534634],[127.72784531918688,36.28025216267229],[127.72782744133026,36.28042886723997],[127.72783109353321,36.28060613902149],[127.72785624059729,36.28078226248847],[127.72790263930624,36.280955533213834],[127.7279698407742,36.28112427436687],[127.72805719478444,36.28128685294147],[127.72816385607757,36.28144169556079],[127.7282579390473,36.2815513453434]]]}},{"type":"Feature","properties":{"id":"43110:산막천:5","candidate_rank":5,"admin_code":"43110","admin_name":"청주시","river_name":"산막천","width_class":"medium","width_proxy_m":14.79,"buffer_m":200.0},"geometry":{"type":"Polygon","coordinates":[[[127.37284803830215,36.558273066067855],[127.37262706312706,36.5582911330273],[127.37240940368598,36.55832681230359],[127.37219721132486,36.55837975124426],[127.37199258336437,36.55844942660169],[127.37179754237337,36.558535149703935],[127.37161401618069,36.558636073260146],[127.3714438188225,36.5587511997337],[127.37128863261344,36.558879391200435],[127.37114999151837,36.559019380594016],[127.37102926598965,36.55916978422824],[127.37092764941926,36.55932911547187],[127.3708461463401,36.55949579944132],[127.37078556249303,36.55966818856579],[127.37074649685779,36.559844578871484],[127.37072933572757,36.56002322682345],[127.37073424888456,36.56020236655896],[127.3707611879161,36.560380227342186],[127.37080988668693,36.56055505106738],[127.3708798639644,36.560725109637765],[127.37097042816946,36.5608887220482],[127.37108068420821,36.56104427100271],[127.37120954231537,36.56119021890275],[127.3713557288234,36.56132512304791],[127.37151779875013,36.56144764989874],[127.37169415008137,36.561556588260586],[127.37188303960639,36.561650861258386],[127.3719408838479,36.561676615093766],[127.3720368304984,36.56172072269076],[127.3722346311475,36.56180144234437],[127.37244137439538,36.56186595136936],[127.37265502477925,36.56191361464612],[127.3728734788193,36.56194396290807],[127.37309458573188,36.561956697362675],[127.37364516676827,36.56196630968489],[127.37413092253689,36.56199065222018],[127.37415782506898,36.56199186898933],[127.37444251700539,36.562003356036726],[127.37446178632901,36.562051515085166],[127.37452821532489,36.56221764885982],[127.37460953966605,36.56239022827036],[127.37471232470142,36.56255519015127],[127.37483549185232,36.562710803256984],[127.37497774861055,36.5628554344458],[127.37513760209976,36.56298756582145],[127.37531337474113,36.56310581066542],[127.37550322185811,36.56320892799263],[127.3756535237941,36.563281829413945],[127.37586034758155,36.56337058411621],[127.37607755569135,36.563441379736695],[127.3763027597469,36.56349343781448],[127.37653348343161,36.56352618592361],[127.3765861846306,36.56353138603513],[127.37666084615616,36.5635377278527],[127.3767029471239,36.563540727915694],[127.37685884537198,36.563547419540555],[127.3769677479009,36.56354901956285],[127.37729058188462,36.56353488777391],[127.37742008481474,36.56352158745481],[127.37770520515292,36.56347695214032],[127.37783600787799,36.563449251510605],[127.3779735667275,36.56341627608112],[127.37813426986115,36.56337317512575],[127.37829538572828,36.563324326913964],[127.37839768751826,36.56328962617051],[127.3785524376344,36.56323142518351],[127.37858453811778,36.56321812490955],[127.3786596958772,36.563185169075595],[127.37866693172295,36.563182764124754],[127.3786698080389,36.56318209171518],[127.378753177641,36.56315539529549],[127.3787597287244,36.56315364833516],[127.37881996683646,36.56313681197535],[127.37883056703633,36.563133711907405],[127.37886531498673,36.56312328578443],[127.3788757151783,36.56312008571481],[127.37889730594573,36.56311333878528],[127.37890770613448,36.56311003871378],[127.37895719916874,36.56309378009403],[127.37896749934882,36.563090280019075],[127.37901646056955,36.56307308399406],[127.37902666074055,36.563069383915746],[127.37905474185429,36.563059008739366],[127.37906484201929,36.5630552086595],[127.3791129966625,36.56303652213575],[127.37912299681796,36.56303252205272],[127.37914276441697,36.56302451637812],[127.37915276456903,36.56302041629346],[127.37920800458387,36.562996978811796],[127.37921780472313,36.5629926787244],[127.379245330048,36.56298039786553],[127.37925503018072,36.56297599777685],[127.37930095825756,36.56295458138073],[127.37931055838,36.56294998128938],[127.37932873676067,36.56294117634229],[127.37933833687941,36.56293647624951],[127.37939175191104,36.56290948596158],[127.37940115201617,36.56290458586663],[127.37941361247479,36.56289804295103],[127.37998061864991,36.56259813716682],[127.3801345692007,36.56250895199169],[127.38015151931336,36.562497254864496],[127.38015975022891,36.56249969157643],[127.38065201328935,36.56265714022307],[127.38083188524175,36.56270762673385],[127.38101643401151,36.56274557143939],[127.38118413766715,36.56277397205553],[127.38142230086102,36.56280359209614],[127.38166303339686,36.56281234646291],[127.38190353434564,36.56280013329984],[127.38195423549713,36.562795333183914],[127.38215369355372,36.56276902417947],[127.382267437252,36.56274534337028],[127.38241331260132,36.5627750647516],[127.38262217529648,36.56280100638475],[127.38283314208606,36.562810912200945],[127.38304432529473,36.56280469356638],[127.38325383531048,36.56278240612445],[127.38328207282021,36.56277717482934],[127.383442396502,36.56275490716958],[127.38362587181298,36.56271626064528],[127.3838046234282,36.56266520172963],[127.38392562559741,36.562625900881365],[127.38413447406285,36.562547752048594],[127.38433224361349,36.56245267946547],[127.38439609863971,36.5624182670425],[127.38440209692187,36.5624153200368],[127.38457332326665,36.56232217926252],[127.38463285508827,36.56228288534396],[127.38473170579005,36.56222437550682],[127.38489731037257,36.56210415178777],[127.38504724783584,36.56197121998079],[127.38518002714473,36.561826902084874],[127.38522416444074,36.56176733122092],[127.38530338379661,36.56169004505859],[127.38533320679184,36.561654178198495],[127.38537082212395,36.5616214989429],[127.38544105267829,36.5615473530811],[127.3855449604276,36.56155558913038],[127.38576025407707,36.56155585549195],[127.38597457974797,36.56153940256404],[127.38604858141024,36.56153080235923],[127.38628373741196,36.56149298523457],[127.38651251448117,36.56143505413411],[127.38665084357888,36.56138634896988],[127.38670464766473,36.56136952629472],[127.38689778226687,36.56129105056625],[127.3870806065158,36.561197878648024],[127.38709120661605,36.56119187853483],[127.38718149251883,36.561137990686795],[127.38724669297382,36.56109698994298],[127.38737095778407,36.561012819830786],[127.3875225582292,36.560902317948916],[127.38761351286897,36.56083216765244],[127.3877863585625,36.56069112945537],[127.3878415561529,36.560651751628505],[127.38796539170536,36.5605563398611],[127.3883599435838,36.560228115965096],[127.38844469193094,36.56026122003314],[127.388549515101,36.56034313996112],[127.38857922282553,36.5603619671729],[127.3886321127472,36.56040419207042],[127.38881088616351,36.56052020770066],[127.38900346725303,36.56062081929397],[127.3891313725666,36.560673485697315],[127.38925071982256,36.56073699670018],[127.38934962111045,36.56078459762969],[127.38950264353599,36.56085186202641],[127.3896616996721,36.560909299705166],[127.38978980200416,36.56095080057425],[127.38997280281228,36.561002763368855],[127.39007560489608,36.56102796390931],[127.3902990324529,36.56107273278137],[127.3905269849891,36.56109871458323],[127.39057373858807,36.56110207306977],[127.3907128614881,36.56111670900477],[127.39078706319627,36.561121609106635],[127.39103518102141,36.56112683412071],[127.3911570838477,36.56112393403762],[127.39133142595671,36.561114270107865],[127.39143802838548,36.561104969881576],[127.39149108839709,36.561099822108105],[127.39171389342697,36.561076021537566],[127.39174797390257,36.56107216524592],[127.39195369636154,36.56104758218376],[127.39208438694698,36.56104356269377],[127.39230181193412,36.56101949183081],[127.39244754643858,36.56099138616609],[127.39248827919518,36.56098466546912],[127.39265382456136,36.56095199857567],[127.3928158012546,36.560909246203444],[127.39284830186175,36.560899545991326],[127.39310703516567,36.5608068970541],[127.39315333585168,36.5607873966538],[127.39337600807197,36.56067989833001],[127.39343850870453,36.56064559767625],[127.3936645199596,36.56050364519234],[127.39370532010119,36.56047444469084],[127.39375576901823,36.560433923231535],[127.39376317010134,36.560435036663],[127.39387086233397,36.56045504465225],[127.3940945418515,36.56048704008894],[127.39411446905517,36.56048822796427],[127.39425479409239,36.560510582101074],[127.394478263278,36.56052765836445],[127.39453594116402,36.56052737547891],[127.39459110330748,36.5605337735718],[127.39467273494887,36.56054200722107],[127.39494544118563,36.56056540771726],[127.39504057630965,36.560571915821185],[127.39527358169379,36.56058381606132],[127.3955053391485,36.56058593380943],[127.39573612129571,36.56056866929884],[127.39580284711036,36.560560843835304],[127.39583269149433,36.560565834080535],[127.39585525865101,36.560567600118965],[127.39603909693395,36.56059397719601],[127.39605220764913,36.56059482460416],[127.39611101338126,36.56060723900715],[127.39621491561262,36.56062673942918],[127.39634878544133,36.560648408220224],[127.39646538804206,36.560664308564036],[127.39661294539337,36.56068037033398],[127.39674164834139,36.5606908705558],[127.39691945257863,36.56069961804843],[127.39720520377392,36.56070446618891],[127.39741275871702,36.56070933075423],[127.39741752787211,36.56070957892141],[127.39756556752617,36.560711284198064],[127.3977249344288,36.56072232385349],[127.39793833770835,36.560720618251445],[127.39815056546708,36.56070249318434],[127.39835968089471,36.56066811406403],[127.39856377559066,36.560617794637956],[127.39876098698326,36.560551994125305],[127.39894951533076,36.560471313025346],[127.39912764014828,36.56037648763606],[127.39922314096302,36.56032018658928],[127.39941167354402,36.560195772166736],[127.39958229531722,36.56005553903646],[127.39973297805993,36.55990115426799],[127.3998024770881,36.55982135322244],[127.39981421568872,36.559807741872845],[127.39985691505363,36.55975774122656],[127.40001082273011,36.559548584370795],[127.40004442169469,36.55949498382269],[127.40012244662472,36.55935623993457],[127.40018566687515,36.55921267540561],[127.40033638038639,36.55881831706666],[127.40039707334151,36.55878771877172],[127.40048897423787,36.55873641779946],[127.40065996121326,36.558630785017],[127.40081754512828,36.558512360372816],[127.4009602614791,36.55838224449318],[127.40108678395923,36.55824164665569],[127.4011959367849,36.558091873548776],[127.40128670562049,36.55793431712618],[127.40135824700238,36.557770441669206],[127.40138334970854,36.55768846347106],[127.401387420084,36.557681331499005],[127.40140034777305,36.55765583625168],[127.40145945365926,36.5575876156026],[127.4015679293321,36.55743139576725],[127.401655376008,36.55726962700277],[127.40174978975726,36.5571652037194],[127.40185965533051,36.55701511733927],[127.40195103529553,36.55685717057001],[127.40202307500284,36.55669284083977],[127.40203717404728,36.556654940595934],[127.40209178081449,36.55647504061958],[127.40212321293649,36.556291569165936],[127.40213113860834,36.5561064639663],[127.40212819772468,36.55607177192932],[127.4021311339347,36.55603956020401],[127.40213645409193,36.55589449024236],[127.402154223613,36.55579176104715],[127.40216317680876,36.55561619388186],[127.40215089559511,36.55544075775611],[127.40211749685687,36.55526712031721],[127.40206329821117,36.5550969321037],[127.40198881498286,36.554931810856424],[127.40197720509333,36.55491224895409],[127.40196972669825,36.554869606434345],[127.40196405796023,36.55484952960862],[127.40196411726124,36.554794239317836],[127.40195412476976,36.55464993863178],[127.40201411354923,36.554552100782864],[127.4020522121039,36.55448370014923],[127.40212717376463,36.55433082192303],[127.4021845555158,36.55417306855992],[127.40220595365265,36.55410246818702],[127.4022474577242,36.55392912593977],[127.40226774095667,36.55375333915813],[127.40226660885754,36.553576794683785],[127.40224407243589,36.55340118661782],[127.40220034809127,36.553228200064446],[127.40216435349562,36.55313404244735],[127.4021642436532,36.55313134981408],[127.40214307158885,36.55298386369403],[127.40213652647998,36.552950399249994],[127.40212589517151,36.55289105750181],[127.40212544811061,36.55288857430956],[127.40212014729576,36.552859274411524],[127.40208508716998,36.552710849695515],[127.40208818372034,36.55270101137012],[127.40211190794014,36.55265902048478],[127.4021171110177,36.55264680673046],[127.40215927532408,36.552589574663195],[127.40225249196233,36.55242891523939],[127.40232568064414,36.55226164048433],[127.40237813244049,36.552089370975565],[127.40240933933492,36.551913775669604],[127.40241856507804,36.551834126714176],[127.40244182194489,36.551803652200235],[127.40253452519444,36.55165193130486],[127.4025620846158,36.551593587834674],[127.40256756516,36.551583806977625],[127.40265046406708,36.551413259654126],[127.40271147579668,36.55123680358145],[127.40274997011336,36.55105626194216],[127.40276554944634,36.550873500119046],[127.40276994372354,36.55067460007292],[127.40276271424887,36.550494090927366],[127.40273312973028,36.55031507188025],[127.40272748455484,36.55029586221639],[127.40274728212626,36.550235755820204],[127.4027671923409,36.550129400673775],[127.40282157358124,36.54999739080349],[127.40286901284678,36.54982569239534],[127.40288438958865,36.54977811237334],[127.40293021657465,36.54959987669047],[127.40295352624143,36.54941882037392],[127.4029540809577,36.549236790436446],[127.4029318752242,36.54905564381026],[127.40288713572336,36.54887722840389],[127.4028203190005,36.548703364251864],[127.40273210680056,36.548535824949035],[127.40262339910812,36.548376319559296],[127.40249530496192,36.548226475182766],[127.40234913113785,36.54808782035962],[127.40218636881596,36.54796176947949],[127.40200867836762,36.54784960835545],[127.40181787241782,36.54775248110969],[127.40161589735598,36.547671378504646],[127.40140481348293,36.54760712783809],[127.4011867739974,36.54756038450593],[127.40096400303551,36.54753162531788],[127.40088180491331,36.547524425470385],[127.40066164813545,36.547513977318665],[127.40044128744927,36.547521096707484],[127.40022287081634,36.54754571424159],[127.40000852725271,36.547587589962596],[127.39980034608062,36.54764631568742],[127.39960035656645,36.547721318986326],[127.3994105081437,36.54781186876147],[127.39923265141326,36.547917082372095],[127.39906852010633,36.548035934236495],[127.3989197141853,36.54816726582743],[127.39878768424774,36.548309796963224],[127.39877208399908,36.548328496725404],[127.39865502306061,36.54848549344201],[127.39860155781983,36.54857714916],[127.39855781099814,36.54864152909162],[127.39850460927245,36.548728828219275],[127.39842521212388,36.54887515325994],[127.3983621841732,36.54902657568778],[127.39832648161632,36.549126875068744],[127.39831675044832,36.54915856510884],[127.39823071093363,36.54928372555331],[127.39815065135394,36.549429111254994],[127.39808679388095,36.54957962689751],[127.3980768931915,36.54960682672603],[127.39802735020548,36.5497710642122],[127.39799709541606,36.549938324236344],[127.39798805428754,36.550080959457006],[127.39789753456867,36.550215150534505],[127.39780839615172,36.55038786673058],[127.39778549491898,36.55043966633916],[127.39776891427563,36.55047856689586],[127.39774691296489,36.5505321665176],[127.39774532126407,36.550536059044006],[127.39772752019263,36.550579758737776],[127.3976641300176,36.55076978308351],[127.39762679546122,36.55096425076081],[127.39761596182638,36.55116084330826],[127.39761646069017,36.55120034332434],[127.39762722353365,36.55135236869619],[127.39755463382912,36.551496146591916],[127.39753983301506,36.551530146338614],[127.3974746524385,36.551708959767076],[127.39743270996982,36.55189224827785],[127.39742743544073,36.55192458789327],[127.39742659041958,36.55192590380799],[127.39734724146001,36.552084843190634],[127.39728695901326,36.55224914392352],[127.39724628809,36.55241732090609],[127.39722559644203,36.55258785399109],[127.39722507123372,36.552759201724484],[127.39722826959384,36.55281640179345],[127.39724877274008,36.55299186736406],[127.39726197068056,36.553065867618024],[127.39726542143092,36.553065467011685],[127.39729875869703,36.553232071249134],[127.3973033582742,36.55324807133454],[127.39735449174356,36.55339169748647],[127.3972704108221,36.55351044204494],[127.39718281708718,36.553667173509275],[127.39711413248102,36.55382992570417],[127.39706498216061,36.55399721756949],[127.39704698003628,36.5540748172551],[127.39701712131725,36.55425144832337],[127.39700903717818,36.5544295951862],[127.39702280686147,36.55460751490999],[127.3970582957972,36.55478346677159],[127.39711515691377,36.55495572928941],[127.39719283402803,36.55512261706663],[127.39729056728186,36.55528249728185],[127.39740740057195,36.55543380566563],[127.39747234915342,36.555501869876466],[127.39749512427049,36.555589851543054],[127.39746247223627,36.55567528937913],[127.39737324807523,36.55578998173307],[127.39735833619154,36.55581439684561],[127.39726493554566,36.555865954770596],[127.39705865065498,36.55599470827703],[127.39689965128792,36.556106506341145],[127.39676963663548,36.556205585360395],[127.39661593647944,36.556332483328234],[127.39646409314884,36.55647147307259],[127.39633073838066,36.556622304622486],[127.39626991092605,36.55670866398331],[127.39623264150073,36.55675709331522],[127.39615561301049,36.55674923344258],[127.39597133241398,36.55674280375979],[127.39586016665021,36.556746336371674],[127.3958299018041,36.55674072988977],[127.39560522641922,36.55671808100679],[127.39552622824084,36.55671338110321],[127.39529349371293,36.556709346184356],[127.39506150225169,36.55672487179413],[127.39483277280742,36.556759789357244],[127.39477537108108,36.556773672457254],[127.39462903993632,36.556757320951725],[127.39456844450555,36.55673691377136],[127.39456250351732,36.55673484591988],[127.39439157631458,36.55668194311425],[127.39421585390943,36.55664050903631],[127.39403651637582,36.55661082193821],[127.39386522020745,36.556588322424126],[127.39385781788302,36.556587360417815],[127.3938368183535,36.55658466047611],[127.39376660322297,36.55657905143213],[127.39368584833913,36.556565636768404],[127.39363574946466,36.556559436902084],[127.39361313759005,36.55655673407126],[127.39349954015366,36.556543634353055],[127.39319977385259,36.55652554819658],[127.39303037778645,36.556524548195824],[127.39277798208899,36.556534588976334],[127.39252860665064,36.556567561918676],[127.39245510822866,36.55658076161384],[127.39243686506269,36.55658410266392],[127.39239026605688,36.556592802463655],[127.39216516368539,36.556644994775944],[127.39205616506769,36.556680602104926],[127.3919937014179,36.556694570124144],[127.39180151081052,36.5567533630565],[127.39161683147044,36.556826157907615],[127.39144122675864,36.55691233845855],[127.3913902272861,36.556940037928634],[127.39119168225933,36.55706137869542],[127.39108396030825,36.55714395536896],[127.39103672147299,36.55711649371084],[127.39100422181205,36.55709859404766],[127.39081921292737,36.55700699901867],[127.39068411487192,36.55694720020875],[127.390563641336,36.55689764097923],[127.3904749427958,36.55686384167104],[127.3904536425524,36.556855835294144],[127.39025712078632,36.556782978463815],[127.3902188458142,36.55676576989965],[127.3899976724513,36.55667884123333],[127.38977128225243,36.55661358518409],[127.3895574713771,36.55652219909306],[127.38955335450663,36.55652044390332],[127.38930540539486,36.556414999226426],[127.38926098003395,36.55639556323213],[127.38897345685007,36.55629025325265],[127.38876376081087,36.556227454578526],[127.38872723764064,36.55621680724097],[127.38861123988079,36.556183907939065],[127.38838204394428,36.55612981795439],[127.38833674491501,36.55612121814048],[127.38827284351943,36.55610988083572],[127.38823104443344,36.55610298098523],[127.3880791843413,36.55608228484736],[127.38792338787022,36.55606548520808],[127.38775196025513,36.55605240144799],[127.38757979279468,36.556050008843364],[127.3873821973787,36.55605340873821],[127.38712211543377,36.55607017844698],[127.38686623073598,36.55611129796709],[127.38675403307627,36.55613489742974],[127.38655191643436,36.55618577525384],[127.3863566775923,36.556251861413166],[127.3861700702508,36.55633256230667],[127.38598747255318,36.55642076055836],[127.38581118807194,36.556515341782514],[127.38564679256204,36.5566229609417],[127.38557949278245,36.556671460111225],[127.38538508008676,36.55683007139495],[127.38537458003418,36.556839771248995],[127.38528539737348,36.55692759351864],[127.38524389695401,36.55697119291234],[127.38522776455848,36.556988157220076],[127.38509569305536,36.55714316764525],[127.38498436635986,36.557308438945455],[127.38489499721776,36.55748217092725],[127.38483622037977,36.55764168033215],[127.38482363502614,36.55764031040892],[127.38473364319913,36.557621721945566],[127.38448964933309,36.55759392358863],[127.3842433448947,36.5575879731844],[127.3836197593573,36.55760067280827],[127.3834036806257,36.557613551862175],[127.38319016453043,36.557643257121676],[127.3829812193985,36.55768950918093],[127.38287442149208,36.557717708554264],[127.38265974467922,36.55778444845069],[127.38245471412982,36.55786864634224],[127.38226150425893,36.55796940929772],[127.38208216414408,36.55808566870683],[127.38191859579592,36.55821619161119],[127.38187349564186,36.558256090995755],[127.38173488199399,36.55839140768086],[127.3816132434419,36.558536961467134],[127.38150973404281,36.5586913715173],[127.38143279007998,36.55883888240579],[127.38135085716314,36.55881136114742],[127.3811372916786,36.55874968787429],[127.38101276406066,36.55871938496739],[127.38086080432585,36.55868106797935],[127.3808561236708,36.558679892284275],[127.38079237835491,36.5586639424762],[127.38078781010864,36.558662590972446],[127.38078350039443,36.55866132000388],[127.38054300497258,36.55859062149991],[127.38028819839815,36.55852930267249],[127.38024031528711,36.55852024371001],[127.3801481048858,36.558501979815844],[127.3798996229567,36.55846464093731],[127.379647503377,36.558450184431116],[127.3793949732502,36.5584587953404],[127.3793924733073,36.558458995335506],[127.37929197082792,36.558468895540436],[127.37928087107716,36.55847019550951],[127.37922617027907,36.55847716141945],[127.37921527052075,36.558478661384136],[127.37912320972177,36.55849294000653],[127.37911220995937,36.55849483996257],[127.37900972097151,36.558514592809175],[127.37899892119619,36.55851689275688],[127.3789248264615,36.55853377918595],[127.37891412667683,36.55853637912764],[127.3788126154882,36.55856319680934],[127.37880211568809,36.55856619674335],[127.37875180169047,36.55858112258574],[127.37874140188207,36.55858432251608],[127.37857645856322,36.558641295277205],[127.37841771437236,36.558708762795575],[127.37826621637016,36.55877956137951],[127.37810895604272,36.558860303099834],[127.3779605866394,36.55895134028882],[127.37787008712742,36.55901183921802],[127.3776785110377,36.559157400073794],[127.37766144427103,36.5591480159881],[127.37755896803465,36.55909491123392],[127.37740477000546,36.55901971269772],[127.37736766289518,36.55900200855508],[127.37711866626658,36.55888581084128],[127.37711269814982,36.55888303562463],[127.3769476004047,36.55880653713225],[127.37688557784092,36.55877884503568],[127.37670438052783,36.55870094659605],[127.37663505731415,36.558672383482225],[127.37649055962883,36.55861538464267],[127.37642735279108,36.55859143201401],[127.37621095647064,36.55851273363743],[127.37615597404012,36.558493449612854],[127.37598937700352,36.558437150786126],[127.37593993966016,36.558421001059855],[127.37574724321327,36.55836020233738],[127.37562088700759,36.55832382443464],[127.37548058979769,36.558287225216844],[127.3753127474603,36.55824920740968],[127.37514174164684,36.558221863638764],[127.37501224454994,36.55820536399569],[127.37490715199318,36.558194028712606],[127.37477145509303,36.55818202896824],[127.37462081896454,36.55817285316001],[127.37458801972474,36.558171753180844],[127.37442273975037,36.55817114694031],[127.37425785653888,36.558180400448904],[127.37424045693547,36.55818190041244],[127.374047376215,36.55820546977609],[127.3740122375341,36.55821233527613],[127.37389546708091,36.55821859377213],[127.3738909660784,36.55821861992791],[127.37362137230399,36.55823101960848],[127.37361425327711,36.55823135622956],[127.37343515741031,36.55824005600679],[127.37339516847274,36.55824228912315],[127.37302102974961,36.558265904316144],[127.37284803830215,36.558273066067855]]]}},{"type":"Feature","properties":{"id":"43770:오신천:9","candidate_rank":9,"admin_code":"43770","admin_name":"음성군","river_name":"오신천","width_class":"wide","width_proxy_m":29.28,"buffer_m":200.0},"geometry":{"type":"Polygon","coordinates":[[[127.60685954419412,37.033876134288214],[127.60708903400516,37.03392019252913],[127.60718218962845,37.033938905022985],[127.60729471450925,37.03396441893079],[127.60736117353875,37.03397861117456],[127.60779318287811,37.034065213050944],[127.60780983043732,37.03406849620734],[127.60834084198501,37.03417149843948],[127.60841639994065,37.03418505454925],[127.6087414928629,37.03423868383128],[127.60874658851523,37.034239632212895],[127.60875190458972,37.03424190720247],[127.60895719871958,37.03430984361514],[127.60916985361796,37.034361205980346],[127.60936558651045,37.0344001388892],[127.60955330755621,37.034472939151904],[127.60977772601568,37.03453748057822],[127.61000940942616,37.03458260194212],[127.61019816972502,37.03461096068935],[127.61082691573098,37.03472614762206],[127.61084949918668,37.03473257820783],[127.61104505638939,37.034772848783724],[127.61115053836585,37.03479056393342],[127.61132600759662,37.03482337591122],[127.61145326872064,37.034848201317416],[127.61153751609172,37.03486572908343],[127.61157966230034,37.034884773660984],[127.61179616549225,37.03497997557962],[127.61201732226661,37.035064988247186],[127.61215935288816,37.0351050018532],[127.61259904930999,37.035266384683275],[127.61259913760021,37.03526623007681],[127.61267166039809,37.03529351222563],[127.61313336875918,37.03544961550587],[127.6133325328114,37.03550824029061],[127.61353770437599,37.035551549977484],[127.61361303344889,37.035561484241285],[127.61369821204865,37.03558211632976],[127.61387201401395,37.03561820993295],[127.61400493667797,37.03564131563221],[127.61432015136253,37.035701110634506],[127.61432043051607,37.0357001648344],[127.61440157640826,37.03571730420008],[127.61463529568569,37.03574607623515],[127.61514260752143,37.03578677707282],[127.61515211616634,37.03578752355654],[127.61535364054089,37.03580299764256],[127.61565675986604,37.03584332289789],[127.61591708408963,37.03586556518901],[127.61594371870822,37.03586534400919],[127.61601219820093,37.03587325429036],[127.61624280190608,37.035880724196375],[127.61633329889892,37.03587619590535],[127.61648856652069,37.035897487131756],[127.61672302509139,37.03590969074541],[127.61695779182362,37.03590220772295],[127.61716459663802,37.03588690732378],[127.61722392449757,37.0358818805329],[127.61749303070503,37.0358561798811],[127.61761318334148,37.035842056324235],[127.61782568811822,37.03581235559817],[127.61797633411688,37.035787011466645],[127.61819853887873,37.03574321043104],[127.61849643062754,37.03566583328965],[127.61849846108422,37.03566535643135],[127.6185015071595,37.035664514656744],[127.61850717685186,37.03566304194967],[127.61850909575745,37.03566241756791],[127.61854116191726,37.03565355616352],[127.61874889088931,37.03558669945184],[127.61894729519629,37.03550361075175],[127.61913440727976,37.035405114061646],[127.61930837158748,37.03529218617849],[127.61946746297663,37.03516594700931],[127.61961010382227,37.03502764846316],[127.61962106841766,37.0350158692261],[127.61963142991328,37.03500561514341],[127.61974001979301,37.03488879476029],[127.61983648349471,37.034765323670065],[127.61986328283402,37.03472772324095],[127.61996600587395,37.034564996876995],[127.62004768657457,37.03439477996084],[127.62010748845238,37.03421881596569],[127.62012133976575,37.03416805722932],[127.62015541723468,37.03411983353504],[127.62024161806178,37.03396579534429],[127.62030945929034,37.03380596575499],[127.62035834556953,37.0336417476519],[127.62038784793248,37.0334745824303],[127.62039279501542,37.03338996456212],[127.62042094107642,37.03324953776949],[127.62043477539052,37.03308190189026],[127.62043088052697,37.03296710849828],[127.62046791039545,37.03272249589179],[127.62046965866405,37.032706593062585],[127.62047404335698,37.032690983074644],[127.62052957727434,37.032526676096225],[127.62056599933878,37.032353697387066],[127.62058127023084,37.032178699080866],[127.62057912905735,37.03211637808486],[127.62058667440975,37.03196788660024],[127.6205734561345,37.03178854056492],[127.62057342113295,37.03178836529393],[127.62059721379714,37.03162852980279],[127.62060960934215,37.031477080539496],[127.62064416019055,37.03117767819423],[127.62068285086815,37.03102088109948],[127.62070423231032,37.03084148469354],[127.62070354970125,37.030726964063774],[127.62070378835931,37.030722129402236],[127.62070552388221,37.030709126008],[127.62081414891867,37.0304568725845],[127.62083080241646,37.03041132534776],[127.62087983043773,37.03040452535241],[127.62108409471233,37.03035999171322],[127.62128222746593,37.03030024908557],[127.62147247127919,37.03022582738674],[127.62149447379275,37.030215056702325],[127.62197788752972,37.03019423920619],[127.62200766722317,37.030192797751944],[127.62251187903667,37.030165697012954],[127.62275103905915,37.03014246759238],[127.62287934193989,37.030124367150144],[127.62305019182459,37.030094730720904],[127.62319699494076,37.03006443000787],[127.62336081786374,37.03002523328531],[127.62348322026266,37.02999183252578],[127.62365330426549,37.02993915699486],[127.62375770608013,37.029902856201424],[127.62399247208211,37.02980777866472],[127.62409617345716,37.02975947767796],[127.62424632061192,37.02968301739512],[127.62433642149566,37.029633016428086],[127.62451941117662,37.02951988490555],[127.6246206116242,37.02945038367034],[127.62478795982759,37.029322943628074],[127.62486805965506,37.02925534254374],[127.6250046692965,37.029128761655734],[127.62506926868919,37.02906296071212],[127.62519613305628,37.02891991600627],[127.62526663173041,37.02883161490821],[127.62537002194487,37.02868795880682],[127.6254269202264,37.02859975787767],[127.6254893507233,37.02849481662321],[127.62554424850354,37.02839431570342],[127.62562977654936,37.02821132900369],[127.62566957395411,37.028109728317695],[127.62571557594084,37.02797395782901],[127.62576667107302,37.027795956942995],[127.6257850824301,37.02772538632406],[127.6258515744906,37.02744238517573],[127.62585920478145,37.02740809041913],[127.62590072544045,37.02721044156316],[127.62607698076704,37.02719883349653],[127.62629487831838,37.02716694337949],[127.62650780257489,37.027118011594375],[127.62671368551328,37.027052513394],[127.6269115888425,37.0269803118306],[127.62709735724407,37.02690399918906],[127.62727349449167,37.026814197815966],[127.62743848140316,37.02671168226667],[127.62759089498665,37.02659733675527],[127.627603012321,37.02658638603444],[127.62780364095777,37.0264598678027],[127.62797963085328,37.026471168791915],[127.62819952074271,37.026467999639245],[127.62841797154799,37.026447614457915],[127.62863289153307,37.026410208443906],[127.62884222277803,37.02635613977267],[127.62904396088801,37.026285926168704],[127.62923617418942,37.02620023994719],[127.62937175855716,37.026125014881515],[127.6294160934605,37.026115332096424],[127.62962953671031,37.02604939578134],[127.62978453935845,37.02599409457848],[127.63004675451103,37.02588339701749],[127.63020825649014,37.02580389541911],[127.63037047750505,37.025716017149236],[127.63052254472666,37.02561715307783],[127.6307002453387,37.025490950869035],[127.63082623432135,37.0253942234209],[127.63094248780666,37.02528995304322],[127.6310531869864,37.02518255145537],[127.63105580887742,37.02518000290857],[127.63107490873301,37.025161402634204],[127.63122764914412,37.02499385602057],[127.63135535107307,37.024813339904554],[127.63136815065101,37.02479253969388],[127.63145564325556,37.02463088508807],[127.63152302557809,37.02446315155657],[127.631560156933,37.02432601602725],[127.63156272240698,37.02431714287396],[127.63158637803993,37.02423553278314],[127.63163286079907,37.02401250115464],[127.6316834493713,37.02361930032064],[127.6316847905362,37.023588163190034],[127.63183233697902,37.02353334228735],[127.63193778620726,37.02348439646712],[127.63195126107001,37.02347967025323],[127.63214926430483,37.02340456864],[127.63234191926797,37.02332208253428],[127.63252367911687,37.0232249921394],[127.63258917966053,37.02318619140661],[127.63275110230538,37.02308061227035],[127.63288790274113,37.02298261056217],[127.63302284872897,37.022877467593524],[127.63314635253866,37.02276364191947],[127.63323105179467,37.022678640689215],[127.63335422972999,37.02254244156265],[127.63346102952839,37.022397625017234],[127.63352282774807,37.02230412401299],[127.63360479682717,37.022166287000054],[127.63370782927038,37.02197227123774],[127.6337490148442,37.0218991324501],[127.63381354316412,37.0217516186786],[127.63386188463582,37.02160017573412],[127.6338936755777,37.02144594325462],[127.63390997245672,37.02133794298144],[127.63392434515112,37.02119555909739],[127.63393124119838,37.02106115900567],[127.63393133983102,37.020914948769665],[127.633920833657,37.020704649023976],[127.63391977960194,37.02068597292278],[127.63391677820388,37.02063827299197],[127.63389845982744,37.020482294962605],[127.63382804817718,37.0200738963762],[127.63379765572135,37.01995079277419],[127.63378644117691,37.01988921824601],[127.63375707597825,37.019703997245834],[127.63374887120113,37.01959886066645],[127.63371146167349,37.01941793762313],[127.633655934401,37.019254591795246],[127.63365407926415,37.019201579439866],[127.63364922343673,37.01890236934407],[127.63364825833106,37.01870232968454],[127.63365253706093,37.01852704704249],[127.63365283457112,37.018509128468594],[127.63368004273495,37.01836094676997],[127.63369153511447,37.01820257011038],[127.63369283713084,37.018128475326485],[127.63369686596279,37.01802984185254],[127.63369941655333,37.018014516687494],[127.63370749641675,37.01799196060189],[127.63373419757232,37.01790120390642],[127.63374799141239,37.017892762132],[127.63386939214656,37.01781416069939],[127.63403467724879,37.01769589331659],[127.63413937726035,37.01761319194293],[127.6342660339641,37.017504531025324],[127.63438108420945,37.01738786459103],[127.63444498338444,37.01731726363197],[127.63455430227897,37.01718452617308],[127.63456838709838,37.01716362183388],[127.63474664489918,37.017174745572355],[127.63496259131676,37.01717154445084],[127.63517715709911,37.01715173446589],[127.63528707597418,37.01713287587334],[127.63535941216337,37.01713361125228],[127.63558107305666,37.01711822124542],[127.63579974968123,37.01708533026864],[127.63601329849153,37.01703526073286],[127.63621962621747,37.01696850343868],[127.63626757761868,37.01694836016854],[127.63638284848427,37.016915906974035],[127.63653721448857,37.01686171560326],[127.63669411700745,37.01680091430336],[127.63697783975809,37.01666971242848],[127.6371155411678,37.016594810970155],[127.63711986595368,37.01659245263938],[127.6371498662576,37.01657605232062],[127.63717563476068,37.01656072810526],[127.63733997547611,37.01659829144426],[127.63755402967313,37.01662966913536],[127.63777086493168,37.016644298339095],[127.63786566716796,37.016646998380985],[127.63811129336135,37.01665392173293],[127.63828849556141,37.01665331018348],[127.63859620279905,37.01664250986377],[127.638732801796,37.0166343643854],[127.6390520091908,37.01660746369201],[127.6393234762023,37.016570993975186],[127.63944857891074,37.01654779342268],[127.6396329041805,37.01650691193796],[127.63964680445785,37.016503311855466],[127.63972426527505,37.0164819924727],[127.63991626893544,37.01642599121123],[127.63996929341508,37.016409915535135],[127.64020119767945,37.01633691391067],[127.64042238186097,37.01625595571316],[127.64057901135247,37.01619019500159],[127.64065346463478,37.01617377773875],[127.64084725685838,37.01611518836214],[127.64101955986405,37.016055687059705],[127.64120204135254,37.0159846785647],[127.64137579499815,37.01590076501304],[127.64153940528519,37.01580463003729],[127.64164170591302,37.015738628832544],[127.64181351704343,37.01561563430187],[127.64196872672579,37.015479183902116],[127.64202114513212,37.01542236670882],[127.64205318926028,37.015395549630185],[127.64219527912955,37.01526454830897],[127.64226867443739,37.015182016103125],[127.6423689532102,37.01507684695774],[127.64247517126341,37.01494230581497],[127.64256616352549,37.014800770665964],[127.64264382474138,37.0146656234608],[127.64277941082804,37.01467276203046],[127.64301339707478,37.01467528958141],[127.64324644239929,37.0146582905277],[127.64352224868992,37.014626489734205],[127.64375071532723,37.01459037214549],[127.64397329421442,37.01453548872182],[127.64419729847668,37.01446988724485],[127.64437694775074,37.01441008841384],[127.64454947525905,37.01433805538941],[127.64471358836161,37.014254327879414],[127.64486805747482,37.014159533210524],[127.64505235841162,37.01403593099141],[127.64520879174974,37.013920506879494],[127.64535092429021,37.01379374552219],[127.6454774841901,37.013656781283444],[127.64557208262038,37.01354357982944],[127.64571728913063,37.013343009197754],[127.64580748620054,37.01319760771618],[127.64589111761306,37.01304559220403],[127.64595693407924,37.01288804579285],[127.64596181005236,37.01287142282973],[127.6460069721021,37.012856439779995],[127.6461971748115,37.01277544724523],[127.64621232510022,37.01276822919499],[127.64624092646578,37.01276152780022],[127.64634806400717,37.0127420537566],[127.64655179324181,37.01269684704549],[127.64674932390214,37.012636488565775],[127.6469389080094,37.012561512444655],[127.64710116883556,37.012481328490246],[127.64713716660606,37.012465282176876],[127.64726116807599,37.0124029809322],[127.64746488783504,37.01228752360507],[127.6476513936703,37.012154669377935],[127.64772549365836,37.01209566840214],[127.64785730502835,37.01198122564142],[127.64797629784461,37.01185808070169],[127.64808158281593,37.01172715397176],[127.64810495165587,37.011691703214936],[127.64815313034312,37.01162842767445],[127.64816927627409,37.0116011698598],[127.6481822524231,37.011584462313905],[127.64828187088632,37.011421754623875],[127.64836060300732,37.01125184450859],[127.64841769930491,37.011106643526254],[127.64847447294835,37.01093231171187],[127.64850925476048,37.01075430470304],[127.64851264101382,37.01070534357355],[127.64853988896144,37.010646018654036],[127.64855178134422,37.01060970582295],[127.64859717252016,37.01053809224378],[127.64867984630392,37.010386973875036],[127.64871277453959,37.010340538596644],[127.6487648987016,37.01027976047381],[127.64891997506496,37.010108875584024],[127.64899693942456,37.01001840982951],[127.64909743752241,37.0098922082646],[127.6492015909997,37.00974694096365],[127.64928846847836,37.00959454308329],[127.64934256597921,37.00948664216914],[127.64939958601813,37.0093592947033],[127.64944453055175,37.009228875109095],[127.64947252796665,37.00913387462467],[127.64950655392852,37.00899387725775],[127.64952666733443,37.008852160282856],[127.64953040763947,37.00881156043615],[127.64954520680318,37.00880528371959],[127.64963247043228,37.00876625758994],[127.64970977144111,37.00872985684867],[127.64990766095171,37.00862503173076],[127.65000466175431,37.00856753064537],[127.65017489022573,37.00845588977621],[127.65033069623269,37.008331439162994],[127.65034510307902,37.00831742605695],[127.6503610279187,37.008304325384614],[127.65042181592496,37.00825665148342],[127.65087022557461,37.007876771736804],[127.65101456332917,37.00775829395374],[127.65112407784991,37.00769574834041],[127.65128378072433,37.007585034739414],[127.65142982348337,37.007462790198225],[127.65156091717428,37.00733009368792],[127.65158071690958,37.007307993389915],[127.65169850733656,37.00716216033835],[127.65179823728114,37.007007907163135],[127.65186463915933,37.00687530540407],[127.65188279829391,37.00685265517458],[127.65199212311595,37.00667669451463],[127.65207689706304,37.006492229984644],[127.6520905961464,37.00645652974878],[127.65214519892696,37.00631415137143],[127.6521994923717,37.00614321103438],[127.65224818702941,37.00595101019415],[127.6522809794004,37.00577973731711],[127.65229310919456,37.005606730278295],[127.6522844644003,37.00543358870177],[127.65225512508741,37.00526191344471],[127.65220536266175,37.0050932917963],[127.65213563735068,37.00492928280218],[127.65204659394334,37.00477140285063],[127.65193879072834,37.00460240467565],[127.6519342913604,37.00459545084249],[127.65191576656476,37.00454640774056],[127.65182882290522,37.00437905846404],[127.65172135429485,37.00421956226308],[127.6515944485246,37.00406953336598],[127.65151253633067,37.00399101797398],[127.65149529548201,37.00394158768196],[127.65141399582468,37.00377460673651],[127.65123777824219,37.00345985049533],[127.65123770915253,37.00344168341627],[127.65123765691322,37.003427947130334],[127.6512379789655,37.00340471011942],[127.65122295630745,37.00320882065715],[127.65122555700333,37.00318084293375],[127.65122062691975,37.003006085353235],[127.65119460931233,37.002832533017674],[127.6511477491233,37.002661818883475],[127.65110084550555,37.00252331976445],[127.65102134598541,37.00233172789283],[127.650961497391,37.00222799041297],[127.65096996241836,37.00207316352711],[127.65096955997898,37.00199026355817],[127.65095872261003,37.001820358762096],[127.6509279570901,37.001652030765435],[127.65087753774432,37.00148677977667],[127.65080791405316,37.00132607857128],[127.65080066459574,37.00131336276977],[127.65078298932185,37.00124516418818],[127.65071633823375,37.00107480875306],[127.65062899647785,37.00091057939507],[127.65052182154514,37.000754088218045],[127.6503958655938,37.000606871357185],[127.65038079926123,37.000592540313896],[127.65042321689702,37.00056033551275],[127.65045761684097,37.00053173505062],[127.65061491261237,37.00038612339016],[127.6507519270899,37.000227874863555],[127.65076783169138,37.00020452542196],[127.65093838689762,37.00011080818295],[127.65110619178938,36.99999786046398],[127.6511197918177,36.99998776029104],[127.65132739825799,36.999811323341184],[127.65138789780164,36.999752422473],[127.65154157333622,36.99958376545166],[127.65163467162272,36.999468064006436],[127.65167003115734,36.999422652766576],[127.65172952986475,36.99934365182734],[127.65174225303737,36.99932489889746],[127.6518591046365,36.99921607966756],[127.65198515240748,36.99907250832659],[127.65203105152116,36.99901440761061],[127.65213832815519,36.998862870793765],[127.65222685462822,36.99870373161876],[127.6522958032304,36.99853847822973],[127.65234452934206,36.998368655936225],[127.65237257745723,36.998195852761945],[127.65237968543812,36.998021684594285],[127.65237398978377,36.9979504178939],[127.65237526939927,36.997925243342635],[127.65236226089488,36.997746887713895],[127.65235345901797,36.99768178789558],[127.65232171143768,36.997517828173734],[127.65227129721299,36.9973569055791],[127.65220264384956,36.997200384343266],[127.65211633346647,36.997049591376864],[127.6520130978579,36.996905805021626],[127.6518938122866,36.996770244214204],[127.65183098228287,36.99671122089956],[127.65181476325961,36.99669427636007],[127.65179532096603,36.99667772014312],[127.65175948806154,36.99664405815382],[127.65174348803211,36.99663035837234],[127.65174147734893,36.99663186919104],[127.65165965748697,36.996562194695336],[127.65148877922731,36.99644329321611],[127.65130386085461,36.99633877730681],[127.65110677705309,36.99624970651144],[127.65089952581336,36.99617698379407],[127.65068420817988,36.99612134638661],[127.65046300695452,36.99608335831641],[127.65023816457251,36.99606340468956],[127.65001196037385,36.99606168778756],[127.64978668750152,36.996078225017044],[127.6497525882792,36.99608212491953],[127.64954132611231,36.996114630532205],[127.64933490782737,36.99616319316552],[127.64913522567586,36.99622736764584],[127.64894411017167,36.996306565683845],[127.64876331331295,36.99640006126644],[127.64859449252359,36.996506997310895],[127.64843919546047,36.99662639352034],[127.64843659545458,36.99662859348515],[127.64829008907091,36.99676570947658],[127.64816142637153,36.99691389787697],[127.64806028307638,36.99705959408948],[127.64802701395512,36.99709175335478],[127.64795185643835,36.99717871858257],[127.64792229569436,36.997194191164056],[127.64787556759453,36.997219324086366],[127.64784606788632,36.99723562377074],[127.64759496972688,36.9973967812809],[127.6475015699246,36.99746608009348],[127.64734748531563,36.99759218807856],[127.64720952651592,36.997729785718434],[127.64710192513157,36.997848584104496],[127.64698413158503,36.99799264559918],[127.64689402951375,36.99811524416823],[127.64687776834967,36.99813836953419],[127.6468660322009,36.998143462761995],[127.64677943322769,36.99818696189294],[127.64658215012884,36.998298314292995],[127.64640088824467,36.99842599022607],[127.6462377372322,36.99856851785568],[127.64609457799897,36.99872425412726],[127.64604047705238,36.99879025329134],[127.64594645237494,36.998915787346256],[127.64586544616647,36.99904703038146],[127.64581374413413,36.99914012951815],[127.64573903243962,36.999293057579415],[127.64568199085484,36.99945080651387],[127.6456430933451,36.99961206587374],[127.6456411930478,36.99962246584145],[127.64562894736356,36.99971796337477],[127.6456147161867,36.999781591726205],[127.64558581204128,36.999927391232326],[127.64556432074993,37.000074624262005],[127.64556075155281,37.000158144020205],[127.64555020077835,37.00019525138414],[127.64553774027105,37.00024667066725],[127.64552304164057,37.0002998170387],[127.64548353962792,37.000490530523265],[127.64546973701894,37.00068354061646],[127.64548179286275,37.00087662596364],[127.64551956860245,37.001067564327506],[127.64553516700803,37.00112596462787],[127.64553802021979,37.00113459263855],[127.64552617258201,37.00129629893466],[127.6455360128552,37.001479437972755],[127.64556899900846,37.001660827728934],[127.64562478988849,37.001838591316556],[127.64570280836469,37.00201088935715],[127.64580224729504,37.002175939014144],[127.64592207787237,37.00233203244194],[127.64602858112245,37.00244354712038],[127.64602799871143,37.00248520753256],[127.64605115520698,37.00267773208626],[127.64609990543768,37.00286715716315],[127.6461226036172,37.00293635759091],[127.6461894357054,37.00310570153051],[127.64627672981449,37.00326894586099],[127.6463836379524,37.00342450455745],[127.6464070374926,37.00345490493401],[127.64646242714791,37.003526813267236],[127.64651467543443,37.003591506653855],[127.64656760174819,37.00365406546115],[127.64655893252512,37.00376229936188],[127.64655900148438,37.00386006909612],[127.64654474628354,37.004008775888586],[127.64655074544899,37.004193768921574],[127.6465803681205,37.00437729310232],[127.64663330208421,37.004557413099306],[127.64670898928951,37.004732229466114],[127.64680663172742,37.004899898673074],[127.64685028880132,37.00496580972711],[127.64691210031668,37.00509346218868],[127.64696991552249,37.00518655155479],[127.64702254059682,37.0053194510192],[127.64706786112103,37.005399177099974],[127.64695027423625,37.0054092248634],[127.64674260294976,37.00543489423602],[127.64653882929692,37.005476009327985],[127.64642403163592,37.00550380868512],[127.64629069839681,37.00553978578596],[127.64620180007462,37.005566285190795],[127.6460234494035,37.00562658127588],[127.64585223006915,37.005698963120224],[127.64568941243245,37.00578289369702],[127.6455504408483,37.00586893608809],[127.64544496292343,37.00592692386036],[127.64527371088047,37.00604276304621],[127.64511769243454,37.006171702969915],[127.64497845853111,37.00631246193514],[127.64485739329596,37.006463640753715],[127.64474919065492,37.006614839024515],[127.64464054366633,37.006787507767086],[127.64455559570959,37.00696852025944],[127.64449532542827,37.00715579151213],[127.64445222065744,37.00732729076775],[127.6444215990246,37.0074848104908],[127.64440845586813,37.00764388425784],[127.64440601969946,37.00773300799001],[127.64440118154211,37.00775899834667],[127.64439011136038,37.00793487707893],[127.64440049934298,37.00811078257145],[127.64443224643585,37.00828503498863],[127.6444850496078,37.008455970269914],[127.64451152357492,37.00851587484512],[127.64450605194506,37.00852450364303],[127.64440944831321,37.00869380203542],[127.64432670357493,37.00886218128985],[127.64428128472053,37.00891950887399],[127.6442378371061,37.00898905556214],[127.64415957639652,37.00909615824943],[127.64407054219693,37.00924930906599],[127.6440351527463,37.009328917641625],[127.64378248886054,37.00936055421589],[127.64377904256679,37.00936098792756],[127.64368654466215,37.00937268763803],[127.64345963675615,37.00941110393319],[127.64323887418233,37.00946807078325],[127.64275488322767,37.00961546748413],[127.64256515328779,37.00968140971315],[127.64238378491373,37.00976105949031],[127.6422123138935,37.0098537423717],[127.64210341478115,37.00991864114875],[127.64194855512467,37.01001979879598],[127.641805507355,37.01013158444853],[127.64167540160744,37.01025311499728],[127.64155926578975,37.010383430343744],[127.64148596446387,37.01047392920702],[127.64138990611652,37.01060418887538],[127.6413078143919,37.010740452637386],[127.64129192849033,37.010773686099746],[127.64126175703326,37.010774568478],[127.64119305863262,37.01077946834892],[127.64117593461557,37.01078074268618],[127.64103273794157,37.01079184239686],[127.64078557819586,37.010822208705605],[127.64054415517472,37.01087440794199],[127.6405105558399,37.010883307738624],[127.6405062737147,37.01088444581206],[127.64033977700309,37.010928844798435],[127.64015314710622,37.01098612131596],[127.63997359984258,37.01105646748551],[127.6397887024883,37.011137265806106],[127.63961792594321,37.011219981519204],[127.63945697048362,37.011314518301106],[127.63929267150078,37.01142031636802],[127.63914344860156,37.01152543351789],[127.63900638242158,37.0116407067463],[127.63886788168935,37.01176800480193],[127.63868021935893,37.011966708012544],[127.63855981721862,37.012114406148484],[127.63842449283591,37.01230475206405],[127.63831897425335,37.012506861308104],[127.63823896972156,37.012690759938565],[127.63823097016703,37.01271216455931],[127.63820578849673,37.01270379514714],[127.63813654329574,37.012687128886114],[127.63812448556898,37.01268220055894],[127.63808869166115,37.01266789094189],[127.63805569220314,37.0126549912071],[127.63783235426952,37.012579353583014],[127.63760015556971,37.01252345020516],[127.6374251593725,37.01248945093945],[127.63721888033086,37.012457477517785],[127.63700977938196,37.01244109265587],[127.63686708274223,37.01243529275907],[127.63668650605702,37.012433779436456],[127.63650636089581,37.012443898661026],[127.63636426418113,37.012456498337905],[127.63617020693376,37.0124806280201],[127.63597951744762,37.01251825181843],[127.63584372023948,37.01255015107825],[127.63561709491395,37.01261411797443],[127.6354942971098,37.012654817076665],[127.63532586851306,37.01271728810948],[127.63516444146093,37.01279069037873],[127.63505174281012,37.01284698925175],[127.6348961969621,37.01293214903867],[127.63475008947209,37.01302745477083],[127.63456619010607,37.01315805248511],[127.6345052930826,37.013204961137816],[127.63444010288369,37.01320249082038],[127.63435338868588,37.01320054903792],[127.63390408639192,37.01319744430445],[127.63348818081062,37.01319047532314],[127.63344873614722,37.013190597288336],[127.63339567956955,37.01318364570647],[127.63316884084641,37.013172575555565],[127.63294176782148,37.01317993452704],[127.63271678269211,37.013205647364735],[127.63249618630842,37.01324945111344],[127.63228223464787,37.01331089780748],[127.63207711574857,37.013389359050976],[127.63188292733642,37.01348403244288],[127.63170165537501,37.01359394978133],[127.6315351537576,37.013717986963556],[127.63139485978577,37.013845993631],[127.63137505142633,37.01386084408262],[127.63129955124819,37.01392494305797],[127.63120190669257,37.01401348755998],[127.63115660635945,37.014057386910494],[127.6310231897511,37.01420058250336],[127.63090811943187,37.01435367286457],[127.63087081838563,37.01440937225989],[127.63084473157633,37.01444952833607],[127.6308432464054,37.014451886326256],[127.63080911457246,37.01450182857044],[127.63080712677652,37.014504259721186],[127.63069378983602,37.01465920271889],[127.63060025155842,37.014822424208376],[127.63055467278718,37.01492876725692],[127.63053103080183,37.014943758717095],[127.63037627318482,37.01506278478098],[127.63023636656942,37.01519309711331],[127.63015697953192,37.01527460235511],[127.63007415015039,37.015350480443296],[127.62992229929765,37.01552879713564],[127.62991516424906,37.015538359555045],[127.62988864371194,37.01557164090805],[127.62984409528794,37.01562439980915],[127.62980409675005,37.01567347092631],[127.62975769584351,37.01573247020087],[127.62972228484027,37.01577904319206],[127.62968518398621,37.01582954260229],[127.62961182156388,37.01593768273909],[127.62956582008688,37.01601138198367],[127.62955462050357,37.016029580169814],[127.62950201872529,37.01611627930193],[127.62945939379365,37.01619079683094],[127.62942343591739,37.01625762997647],[127.62937616514841,37.016341000554455],[127.6292836851131,37.01653233198065],[127.62928249014296,37.016535995405185],[127.62922836486885,37.01664980796652],[127.6291730387654,37.0168082734526],[127.62912260207769,37.01698312800405],[127.62908380196548,37.017059594851496],[127.62902147624841,37.01722761680335],[127.62899597399301,37.01731101636122],[127.62895663052969,37.0174704572118],[127.62894400533322,37.01756640438269],[127.62893002424353,37.01762889802862],[127.62892389488607,37.01769179755688],[127.6288912290461,37.01784526211748],[127.62887588800217,37.01802885235613],[127.62888397355984,37.01821274000328],[127.62889338816683,37.01826734042981],[127.62889161930393,37.01855272344666],[127.62889169414994,37.01857889975983],[127.62889169782105,37.01857920781071],[127.62888381686835,37.01866311471985],[127.62888830738211,37.01883600595373],[127.62889521204661,37.01888318397486],[127.62889697563969,37.01903496901283],[127.62890446337859,37.01916611491446],[127.62893099596708,37.01942440780706],[127.62893103228407,37.01946315652497],[127.62895024765406,37.01962848765584],[127.62898835974843,37.01979169869684],[127.62903272662987,37.019916697945774],[127.62903970863923,37.01997670708588],[127.62903463126392,37.02009698772196],[127.62904840699161,37.02025273712615],[127.62870453006035,37.02037769877563],[127.62862530495778,37.02040547002307],[127.62841936316869,37.02048797861297],[127.62822502813027,37.020586947726144],[127.62804433900875,37.020701338901],[127.62787919181115,37.02082995185022],[127.62773131949139,37.020971437053085],[127.62760227376572,37.02112430991377],[127.62739876935434,37.02139420669792],[127.62729710253073,37.02154476005297],[127.62721371226756,37.021702370050214],[127.62714935134552,37.021865614130924],[127.62710460080201,37.02203301887492],[127.62710390070555,37.02203641886292],[127.62710011199344,37.02205545125389],[127.62708604243245,37.02212864122578],[127.62708307657266,37.022143931641885],[127.6270757698434,37.022181676840994],[127.6270739182436,37.02219141761955],[127.62701710582279,37.02249587712418],[127.62699754753291,37.02258748369962],[127.62697499756672,37.022684589269026],[127.62680527441728,37.02268590624175],[127.6265732968487,37.02270712956361],[127.626345316927,37.02274753547567],[127.62605825392153,37.022811115506684],[127.62599966865778,37.0228215131498],[127.62578041577437,37.022879903152464],[127.6255697967275,37.02295603212177],[127.62537003700486,37.023049095659054],[127.62518324737317,37.02315811042689],[127.62512807565997,37.02319786146483],[127.62493292811271,37.02317340318232],[127.62462486417702,37.0231520548368],[127.62444654427232,37.023149571131846],[127.62440945460718,37.023146568898326],[127.6242072635878,37.02314484823506],[127.6240056979463,37.02315770525903],[127.62380520255847,37.02317780475104],[127.62376384901624,37.023182263353476],[127.62306976485371,37.023262361357375],[127.62282187948111,37.023302492001555],[127.62258118562382,37.023364697211086],[127.62235073049011,37.023448189468695],[127.62220173272479,37.02351048815953],[127.62218857015502,37.02351603614302],[127.62208765752982,37.02355891268278],[127.62204111303689,37.02357088370113],[127.62183000073014,37.02364505887764],[127.62162947291192,37.02373618064787],[127.62144163855409,37.02384329069445],[127.62126847315643,37.023965262548316],[127.6211117979717,37.024100813433755],[127.62097326085129,37.02424851775716],[127.6209516911585,37.02427722573745],[127.62091574838229,37.024315075801255],[127.62080685366404,37.024454516908015],[127.62071427288254,37.024601339780965],[127.62063877775992,37.024754320707274],[127.6205809976278,37.02491218464153],[127.6205414141788,37.025073615832056],[127.62053201273827,37.0251240156714],[127.62051059298047,37.02529288971086],[127.62050908525727,37.02546263050461],[127.62052750307856,37.02563173201932],[127.6205354017386,37.025678632178014],[127.62054236159243,37.02571686291524],[127.62055066039332,37.02575926307957],[127.62056273742401,37.02581519944612],[127.62058852611615,37.02592438189599],[127.62060977415331,37.026020640903845],[127.62068014846061,37.02625036614213],[127.62071161473665,37.02633007682732],[127.62073980511538,37.026411783943],[127.62070089355132,37.026414985069486],[127.62047019875146,37.02644618430382],[127.620297482563,37.026469594761934],[127.62009906617435,37.02650394226473],[127.61995448054817,37.02654018179037],[127.61975912247026,37.0265700489005],[127.61951895082736,37.02660390354591],[127.61940277968617,37.02662031232392],[127.6193132708779,37.026634462598025],[127.6189162795578,37.02670396093419],[127.61870863748314,37.02674875192965],[127.61850728373767,37.02680924685816],[127.61850076153387,37.02681180026001],[127.6183339386517,37.026857106899634],[127.61814945410997,37.026922520086345],[127.61797302700232,37.02700093156255],[127.61780802902257,37.02708222992816],[127.61760869614042,37.02719274085573],[127.61742536141017,37.027319816614884],[127.61708736169668,37.027580912225815],[127.61700996704631,37.027643699527786],[127.61691196680285,37.02772719819508],[127.61677537107788,37.02785505540446],[127.61665425225209,37.0279925746484],[127.61654966741408,37.02813855579902],[127.61653721443923,37.02816044536983],[127.6164981970798,37.028201095105196],[127.61638339195176,37.02834802245443],[127.61628672838658,37.02850311535967],[127.6162091012371,37.02866493824648],[127.6161512291655,37.028831993236885],[127.61612073088267,37.028970554687746],[127.61608057544882,37.02906016892122],[127.6160263836538,37.029233385755894],[127.6159938413313,37.029410052448846],[127.6159832682115,37.02958843406061],[127.61598384057709,37.029597310410566],[127.6159823116192,37.02960684341247],[127.61596662213037,37.029765791578356],[127.61594689174748,37.02981442119764],[127.61594179134687,37.02982952110921],[127.61589569502904,37.02999733049243],[127.61586974290633,37.030167896981254],[127.61586494337176,37.03031586067622],[127.61585514315829,37.03035692695991],[127.61581765154475,37.03050537672273],[127.61576943336588,37.0305881872986],[127.615696062227,37.03075533581109],[127.61564352068687,37.03092745345912],[127.61561231689006,37.03110287610974],[127.61560275268289,37.03127990766393],[127.61560325068837,37.031347607691416],[127.61561567600457,37.03152649734423],[127.61565019661013,37.03170351363463],[127.61568130142267,37.0317993534332],[127.6155456310414,37.03179622776438],[127.61528591374744,37.03171689989623],[127.61510256972683,37.03165642348013],[127.61506757083131,37.03164628021675],[127.61503282442298,37.03163316917016],[127.61478882889494,37.031552470869684],[127.61463652641835,37.03150718895666],[127.61455532805495,37.03148568941799],[127.61448830621214,37.03147010266606],[127.61443451288699,37.03145371192286],[127.61428484882246,37.03141407867199],[127.6141044196348,37.031338979570364],[127.61408784842973,37.03133215195655],[127.61402976633913,37.031308464583454],[127.6140046250108,37.031294608914536],[127.61383545275389,37.031209980909075],[127.61365759153873,37.03113770612163],[127.61347244107476,37.0310783533233],[127.61325402890282,37.03101719809665],[127.6131927712628,37.030996234201645],[127.61278464809503,37.030856486317134],[127.61278284330317,37.030855845574536],[127.61270023799752,37.03081836677433],[127.6124670424456,37.030738841470544],[127.6122848098979,37.03069534264906],[127.61228484726766,37.03069524160958],[127.6119769536752,37.03062204318847],[127.61184448183054,37.030594040545736],[127.61131966688744,37.03049671196355],[127.61131750406737,37.030496267266386],[127.61094551208583,37.03042056890523],[127.6109130240768,37.030414163662535],[127.61062693031498,37.03035956484501],[127.61054792766653,37.030345686836085],[127.61053957331416,37.03034434507921],[127.610534257134,37.03034242057013],[127.6103184941656,37.030284545305534],[127.61009653923342,37.03024445397465],[127.60987066636451,37.03022255733139],[127.6097761881575,37.030221113021845],[127.60962355367649,37.03020932321046],[127.6094406405661,37.03017480771859],[127.60933318531256,37.03016035777398],[127.60841915359251,37.02997036050707],[127.60833164942987,37.0299536615443],[127.60799129347522,37.02989445190298],[127.60797872927849,37.02989224467812],[127.60796988910371,37.02989070661329],[127.60794028975911,37.02988560672368],[127.6078187848566,37.02986745832041],[127.6075038216717,37.02982756357486],[127.60730912882978,37.02979740455636],[127.60729350249406,37.02979502988315],[127.60718010504795,37.02977813024769],[127.60716158971779,37.029775655785805],[127.60712698308568,37.02976741753904],[127.60686468870786,37.029712518727464],[127.6066498089752,37.02967642800623],[127.60643156278879,37.0296573166537],[127.60621203221093,37.02965536699296],[127.60599331155478,37.02967059762503],[127.60577748740876,37.029702863251394],[127.60556661873485,37.029751856059846],[127.60536271722982,37.02981710866035],[127.60516772813733,37.029897998542914],[127.60498351169294,37.029993754015294],[127.60481182537946,37.03010346156346],[127.60465430716187,37.030226074565206],[127.60451245986111,37.03036042327324],[127.60438763681645,37.03050522597309],[127.60428102897265,37.030659101209494],[127.60419365351558,37.030820580964075],[127.60412634416477,37.030988124659366],[127.60407974321507,37.03116013385535],[127.6040542954043,37.031334967498296],[127.60405024366484,37.031510957576565],[127.60407562398893,37.03218005822685],[127.60409286651357,37.032354647422494],[127.60413116652893,37.03252707022438],[127.60419016242741,37.03269569807789],[127.60426929711623,37.03285893826172],[127.60436782327446,37.03301524893228],[127.60448481040751,37.03316315368799],[127.60461915363251,37.03330125551563],[127.60476958411141,37.03342824998709],[127.60493468103408,37.03354293758186],[127.60511288503764,37.033644235018656],[127.60530251293538,37.033731185489145],[127.60550177361637,37.03380296769702],[127.60570878496537,37.03385890361709],[127.60592159164315,37.033898464900645],[127.6061381835589,37.03392127786718],[127.6063565148607,37.03392712703454],[127.60657452326377,37.03391595715482],[127.60679014953432,37.03388787373616],[127.60685627607529,37.033876592949035],[127.60685954419412,37.033876134288214]]]}},{"type":"Feature","properties":{"id":"43150:다락골천:10","candidate_rank":10,"admin_code":"43150","admin_name":"제천시","river_name":"다락골천","width_class":"medium","width_proxy_m":14.61,"buffer_m":200.0},"geometry":{"type":"Polygon","coordinates":[[[128.1104617749334,37.0413532019537],[128.11048212759815,37.04137132111607],[128.1106417459962,37.04149978939341],[128.1107390463597,37.04157059061189],[128.1107560263913,37.04158156282474],[128.1107592460474,37.0416264271165],[128.11079485100592,37.041805440944984],[128.11085271316287,37.04198068119033],[128.11093015210994,37.042145904528304],[128.11092709679673,37.0422050193526],[128.11093108117848,37.04226956644619],[128.1109164680249,37.04244316590942],[128.1109161700274,37.0424467349029],[128.11091373104813,37.04265290847805],[128.1109406894828,37.04285795569201],[128.1109609866874,37.04295735611308],[128.11096720085885,37.04298630610469],[128.11097400001756,37.04301650624383],[128.11098756339217,37.04307669529017],[128.11102793943832,37.04322150119289],[128.11103283905408,37.04323620128789],[128.11108528972102,37.04337187758354],[128.1111509093126,37.043503820575566],[128.1111717833056,37.04354141288801],[128.11119797956076,37.04359238132126],[128.11121763020654,37.04362311429228],[128.11123788712325,37.04366715309502],[128.11126548593606,37.043720753592254],[128.1113957753159,37.04393307235509],[128.11141527165697,37.04396018797499],[128.1115176842015,37.04412068896426],[128.1115334448665,37.04415481152066],[128.1115702433493,37.044224412180085],[128.11157159881282,37.04422697040811],[128.1115848880977,37.04425199820751],[128.11166757542517,37.04440812694452],[128.11174303971214,37.04453634479515],[128.1118308457491,37.0446594100538],[128.11194072041806,37.04480024331522],[128.1119475576435,37.044809791399864],[128.11198784191308,37.044902389245145],[128.11204030372676,37.045005441355386],[128.11208163676451,37.04512901356235],[128.11210323542403,37.045183013969584],[128.11216541539855,37.04531932823578],[128.11218921437197,37.04536562866472],[128.1123323036483,37.04559582514605],[128.11246580076786,37.0457769273457],[128.11258343642191,37.04592042860167],[128.11271757857494,37.04605430283298],[128.11286700915898,37.046177334324085],[128.1130303712514,37.04628840581752],[128.11320618139692,37.04638650866118],[128.11340238388016,37.04648521057328],[128.11362230350997,37.0465825581746],[128.1137581057899,37.04663495924004],[128.1139821177074,37.046709744957795],[128.1142148815139,37.046764739505385],[128.1144536847169,37.04679930200879],[128.1146957444302,37.04681302969759],[128.11471824496226,37.04681332969582],[128.1147268212533,37.046813430923756],[128.1147382679638,37.046813548523325],[128.1147859090162,37.04681979264506],[128.11479758593646,37.04682050842358],[128.11484050289403,37.04688040488681],[128.11488858113938,37.04694120605361],[128.11490944875732,37.04697403730592],[128.11504356463607,37.04713808465157],[128.11504806458635,37.04714298472025],[128.11510786536894,37.04720521456536],[128.1152211963673,37.04731797654508],[128.11528618942083,37.04738758939521],[128.11537010994357,37.04748015643961],[128.115458001286,37.04757087568714],[128.1155335008246,37.047643876783205],[128.11560944466876,37.0477172809887],[128.1156151754045,37.04772285173681],[128.11563410431938,37.04774599260068],[128.11570880647258,37.0478289716639],[128.115724717711,37.04785004527907],[128.1157861516122,37.04795077317613],[128.11590838227923,37.04812577069079],[128.11605411847782,37.04828879617642],[128.11611001806875,37.04834449699884],[128.11623581135913,37.048459487954254],[128.11637331706322,37.04856551440034],[128.11643378516516,37.04860479840409],[128.11648769312313,37.04866193771888],[128.11652474372198,37.04870013228971],[128.11659684317567,37.04877243335342],[128.11676402649059,37.04892214215524],[128.11695096508083,37.0490560008837],[128.11701696556486,37.04909820164647],[128.11722903346808,37.04921841221287],[128.11723803358305,37.04922291230015],[128.11726799813889,37.04923763511938],[128.1172795982944,37.04924323522887],[128.11728594951524,37.049246289936036],[128.11729074958023,37.04924858998108],[128.11730051657892,37.04925324321506],[128.11730241660504,37.04925414323271],[128.1173243685628,37.04926440783699],[128.11733996878405,37.049271607979136],[128.11736312564574,37.049282149916515],[128.11737292578914,37.04928655000383],[128.11740050462885,37.04929872979814],[128.1174104047789,37.04930302988399],[128.11741533157016,37.04930516580991],[128.11742445664433,37.049309098274115],[128.11742935671958,37.04931119831615],[128.11744595299612,37.04931823975397],[128.11745095307438,37.04932033979613],[128.11745746656445,37.04932306460884],[128.11746346665896,37.04932556465912],[128.11748857531663,37.04933586677775],[128.11750367556115,37.04934196690098],[128.1175303917792,37.0493525820758],[128.11754549203033,37.049358482195565],[128.11757363721495,37.04936928621453],[128.1175797373191,37.049371586261465],[128.11758911891653,37.04937510246455],[128.11759931909216,37.04937890254214],[128.1176274548891,37.0493891964834],[128.11763775507086,37.04939289655929],[128.1176496609675,37.04939714027711],[128.11765786111354,37.04940004033671],[128.11782535955606,37.04945296135157],[128.11783215969163,37.049454861391254],[128.11784800536745,37.04945923583496],[128.1178502054117,37.04945983584749],[128.117904979589,37.049474149233326],[128.11791137972125,37.04947574926681],[128.11795432807813,37.0494861106822],[128.11795862816874,37.04948711070314],[128.1180099116266,37.049498511325815],[128.11801321169753,37.04949921134047],[128.1180346224565,37.04950366278607],[128.11804002257352,37.04950476280905],[128.11809643512169,37.04951563501785],[128.1181008352189,37.04951643503446],[128.11814846944205,37.04952466174011],[128.11815396956518,37.0495255617587],[128.11818608443883,37.04953062199579],[128.11818938451339,37.04953112200604],[128.1182299014506,37.04953695347129],[128.11823210150072,37.04953725347737],[128.11824025179584,37.049538352525744],[128.11824475189866,37.049538952537866],[128.11829808083624,37.049545536863285],[128.1183024809378,37.04954603687317],[128.11836469096,37.0495523979793],[128.11836579098565,37.04955249798118],[128.11836952512846,37.04955283491372],[128.11837622528463,37.04955343492507],[128.11837985158567,37.049553757278964],[128.11838325166502,37.0495540572846],[128.11862923170594,37.049564876567125],[128.11863033173196,37.04956487656668],[128.11872660968683,37.04956322323524],[128.11892451434483,37.049556422999565],[128.11894766085618,37.049555531816445],[128.11908836416148,37.049549531621814],[128.11925830516935,37.049537085526765],[128.11942657861687,37.04951434254973],[128.11942717863008,37.049514242547225],[128.1194430941232,37.04951154176529],[128.11945409436336,37.0495096417179],[128.11947782778785,37.04950543454517],[128.11949212809753,37.049502834480805],[128.1195192044455,37.049497892634356],[128.1195235449173,37.04949709669808],[128.1195311450815,37.049495696663456],[128.11955109468718,37.049491944914315],[128.11956099489947,37.04949004486765],[128.11956604230312,37.04948907123004],[128.1195758425129,37.04948717118342],[128.1195848189752,37.049485415183376],[128.11959241913735,37.04948391514666],[128.11959916805256,37.04948257424291],[128.11960466816956,37.04948147421605],[128.1196093645314,37.049480530633346],[128.11962026476291,37.049478330579674],[128.1196331808386,37.04947569099296],[128.11964188102237,37.049473890949216],[128.11964553639433,37.04947313203756],[128.1196575366474,37.04947063197686],[128.11966106222812,37.04946989503304],[128.1198264053422,37.04943521889431],[128.11987761994544,37.04943449951014],[128.12017725458213,37.04941416746333],[128.1202737567709,37.04940236715461],[128.12054179937127,37.04935603111883],[128.1205675999056,37.04935023097953],[128.12084141325803,37.049273078302264],[128.12090351433997,37.04925187782869],[128.12097706646207,37.049226713069494],[128.12113675079598,37.04916467655536],[128.12114524176303,37.049171264470736],[128.12122546281154,37.04923354882816],[128.1214073053702,37.04936031726409],[128.12160503389674,37.049470754109535],[128.12164862554366,37.04948990261639],[128.12176122438984,37.04960966786947],[128.12189963933218,37.04973181053461],[128.12205141418252,37.049843291887385],[128.12207381431938,37.04985829215409],[128.12228853446265,37.04998551647412],[128.12252056017766,37.05009143688814],[128.1225832850475,37.05011623936879],[128.12267570317258,37.05028023713716],[128.122794424381,37.050443036042424],[128.12290812253153,37.050581737852774],[128.1230329825823,37.05071941576468],[128.12317349323885,37.05084703637971],[128.12317579323812,37.05084893641064],[128.12337665048145,37.05099592656134],[128.1235981847175,37.05112239884954],[128.1237411865408,37.0511940002381],[128.12391256667146,37.05126993353333],[128.12392627661222,37.05128666576989],[128.12406298292325,37.05142269849317],[128.12421548025287,37.051547482528484],[128.12438233557984,37.051659845219824],[128.12448168687956,37.05172041578922],[128.12449857337268,37.05181496060503],[128.12455769883084,37.05200135201194],[128.12457139794896,37.052036552271574],[128.1246603907919,37.05222676524524],[128.12477553113732,37.052407740460616],[128.12491535565368,37.05257717760466],[128.1250076546854,37.05267637900654],[128.1250122638387,37.0526813151914],[128.12510166292847,37.05277671654534],[128.12523621192503,37.052907073565365],[128.12538542187926,37.05302674164797],[128.12548542224377,37.05309974290305],[128.1256192839862,37.053190079544926],[128.12562618404132,37.053194379623335],[128.125818056436,37.05330159957505],[128.1260227900142,37.05339226043691],[128.12623816852096,37.05346538078417],[128.12646186044563,37.053520169070424],[128.12652752328816,37.05353042626611],[128.12656680688926,37.05354057552504],[128.12670917798522,37.053573250709],[128.12675410280238,37.05358228936073],[128.12677165455128,37.05358589313897],[128.12682472585098,37.053596934818486],[128.12683144464827,37.05359850766544],[128.12701546248886,37.053634913928136],[128.12705141649516,37.05364075043785],[128.12725123398062,37.05368250520817],[128.12734663612892,37.053697405514136],[128.1273603309725,37.05369950911404],[128.12739476196052,37.05370470921469],[128.12745843276494,37.05371688396466],[128.12757482421657,37.05373654667819],[128.12770892725487,37.053756247080365],[128.12783010758395,37.05376730372305],[128.1278772064155,37.053774968152084],[128.1279264075292,37.05378226830124],[128.12813953620937,37.053805503834],[128.12835445993042,37.05381230827745],[128.12856921127747,37.053802619346],[128.12861672278976,37.05379864127346],[128.1286639326716,37.0538007301844],[128.1287459735133,37.053804893880255],[128.12876309996537,37.05380595106059],[128.12887278841586,37.0538083102513],[128.12892009299563,37.05385066677641],[128.12895149301627,37.053875867192204],[128.12909215186409,37.053979542508856],[128.12914940697547,37.05401827610532],[128.12915021631486,37.05401899817552],[128.12932070558293,37.0541428887363],[128.12950610407825,37.05425216089002],[128.12970446913485,37.054345669615955],[128.12991372219122,37.054422435068965],[128.13013167057275,37.054481652848956],[128.13019132956796,37.054492568289554],[128.1303872947617,37.054555995850016],[128.13040349454036,37.05456047413997],[128.1304042134054,37.05456083193287],[128.13061608706857,37.05465402908017],[128.13083921910408,37.05472845850411],[128.13084035131286,37.05472878011842],[128.1308569143818,37.0547378188491],[128.13107265135466,37.05482983029953],[128.1310977686928,37.054839176315596],[128.13114698665916,37.05485752214903],[128.13115004614676,37.05485866032535],[128.13126629104633,37.05490182020865],[128.131488983267,37.05500177612291],[128.131553384357,37.05502637662362],[128.13174242815415,37.055090277170805],[128.13193795327672,37.055140098720194],[128.13203745541128,37.0551614991675],[128.1322471165949,37.05519809445735],[128.13246017586502,37.05521850291785],[128.13267469228762,37.055222538633636],[128.13288871165184,37.05521016484232],[128.13302369727387,37.055191872752744],[128.13311939209407,37.05532494493876],[128.13315409149158,37.055368245495714],[128.13315852485178,37.055373057517606],[128.1331838822114,37.05542189366023],[128.13327650832863,37.05557857357203],[128.13338749403914,37.055727393297175],[128.13350709672153,37.05585749482528],[128.1335194400426,37.05588467694442],[128.13361429732137,37.05604337919736],[128.1337143946828,37.056191780890984],[128.13380953853246,37.056319871588734],[128.13391756758875,37.056441220740695],[128.13394390315992,37.056466154296785],[128.13393051018008,37.05668171482056],[128.1339329069559,37.05679111491956],[128.13395309311693,37.05700244982187],[128.13400410285985,37.057210422939285],[128.1340340004173,37.05730312352252],[128.13411325743655,37.05750098539741],[128.1342204121107,37.05769021787415],[128.13426361090248,37.0577561186108],[128.1343264786052,37.05784204125478],[128.13435175717848,37.05790785638492],[128.1343579766747,37.05792769191459],[128.1344328380427,37.0580947692608],[128.1345278498191,37.05825513191286],[128.13462254728486,37.05839653351836],[128.13472915443722,37.05853945026352],[128.13474535418007,37.05855905052085],[128.13488290799611,37.05870819436467],[128.1349129301962,37.05873457198027],[128.13494070663037,37.058830415032475],[128.13501691833858,37.05900746077114],[128.13511564850697,37.05917721028386],[128.13520602673427,37.059313603255255],[128.13518062122662,37.059336148089706],[128.13506526788368,37.059438614912516],[128.13502634993264,37.05947738352242],[128.13494094921774,37.059541895142274],[128.1348384149487,37.05963131210043],[128.13480582166827,37.059656392457335],[128.13465236577036,37.05978683992755],[128.13456268222947,37.05988013695666],[128.13447320636445,37.05995139122377],[128.13438691572549,37.0600274871844],[128.13420392985222,37.060183833486875],[128.13406758874783,37.06031181071236],[128.13394673844786,37.0604494229708],[128.13386841064187,37.06055909661639],[128.13385291773167,37.06057038539266],[128.13370589342708,37.06070062083203],[128.13365337258267,37.06075196685832],[128.13365065452143,37.06075461516557],[128.13352013534913,37.060895196573306],[128.13340727097065,37.06104527304911],[128.13331312877332,37.061203425425624],[128.13329356561428,37.061246665905166],[128.13328938589964,37.06125314901288],[128.1332079915156,37.06141692752428],[128.13314695630143,37.061586296419144],[128.13310686460218,37.06175963455953],[128.13308810030807,37.0619352828041],[128.13308817645688,37.06194017671472],[128.13308491360914,37.06196133093346],[128.13307827528092,37.062123826120256],[128.13308994017828,37.06228613938425],[128.13311981345208,37.0624469493155],[128.13312728383656,37.062477596045056],[128.13314262199185,37.06256994254199],[128.1331459898723,37.06259025245214],[128.13316903514757,37.06272904965491],[128.13317327186357,37.062747655764866],[128.13314482076376,37.06282159289032],[128.13311601836114,37.062910692408224],[128.13311116434795,37.0629302454601],[128.13307494387465,37.06303816761272],[128.13305924228095,37.06309566735209],[128.13303533649892,37.063197020929394],[128.13303123590978,37.063217620863405],[128.13302135063293,37.06326744599227],[128.13299791874644,37.0634369537321],[128.13299458867084,37.0636074775434],[128.13299555111098,37.06363180620408],[128.1329363869649,37.06369263307479],[128.13290128653765,37.063730432554344],[128.13285898296616,37.06377755530554],[128.13283278256677,37.06380775490918],[128.13283278734292,37.06380775757033],[128.13282936876016,37.06381169000096],[128.13282746873082,37.06381388997217],[128.1327912573832,37.063857140326185],[128.1327869573039,37.063862440259975],[128.13277914788318,37.06387213329003],[128.13277794786026,37.063873633271484],[128.1327392851828,37.0639237446331],[128.13273638511652,37.06392764458753],[128.13273335155262,37.06393173634525],[128.13273165151327,37.0639340363185],[128.1327066495544,37.06396873542411],[128.1327033494689,37.06397343537165],[128.13267286793376,37.06401832466233],[128.13267076787147,37.06402152462857],[128.13265041667924,37.06405329496909],[128.13264941664676,37.06405489495287],[128.13264791656616,37.06405729497944],[128.13264691652594,37.064058894975496],[128.13263477404033,37.064078621901416],[128.1326327739716,37.06408192186885],[128.1326184169322,37.0641060641816],[128.1326170168808,37.0641084641587],[128.13259367001257,37.0641498363442],[128.13259186993872,37.06415313631453],[128.13258222436286,37.064171083516364],[128.13258132432415,37.06417278350148],[128.1325804242697,37.064174483516354],[128.13257198214626,37.06419064704518],[128.13257028207005,37.064193947017024],[128.1325614555731,37.064211336138676],[128.1325610555543,37.06421213613205],[128.13254437141893,37.06424651774616],[128.13254357137797,37.06424821773281],[128.13254277132185,37.064249917751546],[128.132532760674,37.064271609725985],[128.13253086057094,37.06427580969423],[128.1325265772386,37.06428536139406],[128.13252617721636,37.064286261387366],[128.13250908283823,37.064326195270965],[128.13250838279507,37.06432789525925],[128.13250768274148,37.06432959527291],[128.13250698268158,37.06433129530195],[128.13250628263776,37.064332995291885],[128.13248678998787,37.06438273830813],[128.13248518987555,37.0643870382813],[128.13247178351412,37.06442454296984],[128.1324705834209,37.06442804294972],[128.13246640226137,37.064440408879626],[128.13246610223723,37.06444130887459],[128.13246580220888,37.06444220888217],[128.13245772516225,37.064467151851865],[128.1324566250674,37.06447065183346],[128.13245391983386,37.06447934989315],[128.13245311976308,37.06448194987979],[128.13244770060984,37.064499958174295],[128.13244720056323,37.064501658165966],[128.1324342426828,37.064548493999155],[128.13243354260746,37.06455119398757],[128.13243280152656,37.064554063836866],[128.1324319014288,37.06455756382197],[128.13242201888312,37.06459836648636],[128.13242101875858,37.06460276647002],[128.13241945613274,37.064609718402735],[128.1324190560817,37.06461151839622],[128.13241103744025,37.06465000711677],[128.13241033733712,37.06465360710554],[128.13240848740688,37.064663292601544],[128.13240818736094,37.064664892596774],[128.1324035706349,37.06469078899499],[128.13240237042987,37.06469788897615],[128.13239770536484,37.064727303085526],[128.13239730528645,37.06473000307938],[128.13239690520402,37.06473270310033],[128.1323950234121,37.064745812434545],[128.13239452330725,37.06474941242701],[128.1323940231987,37.06475301244659],[128.1323890835618,37.06479252508255],[128.1323888835091,37.064794325079696],[128.13238878347977,37.06479522510486],[128.13238798326736,37.06480242510763],[128.13238788323926,37.0648033251223],[128.13238778320806,37.06480422516462],[128.13238486472284,37.06483311162601],[128.13238446459357,37.064837511620695],[128.13238351815463,37.06484837151792],[128.1323832180488,37.06485197151409],[128.132381422193,37.06487590790758],[128.13238112206042,37.064880407904184],[128.13238014463715,37.06489639469776],[128.1323798444779,37.06490179469481],[128.13237974442407,37.0649035947068],[128.13237894367765,37.064919600505],[128.13237874354488,37.06492410050349],[128.1323778749075,37.06494813649796],[128.13237777480117,37.06495173649787],[128.13237755878308,37.06496045117652],[128.13237745864726,37.06496505117691],[128.1323771165871,37.06499643783995],[128.13237711656052,37.0649973378404],[128.13237711653395,37.06499823784088],[128.13237711629486,37.065006337846725],[128.13237711624174,37.06500813786142],[128.13237736301207,37.065034875742434],[128.13237746285282,37.065040275746966],[128.13237820425314,37.06506699600508],[128.13237840409417,37.06507239601147],[128.13237963865632,37.065099081010906],[128.13238023833907,37.06510988102744],[128.13238196362605,37.06513651330114],[128.13238236346788,37.06514191331129],[128.13238340910948,37.065155204260556],[128.13238370900424,37.065158804267924],[128.13238757159866,37.06519855071542],[128.1323883713894,37.06520575073383],[128.13238859288774,37.065207732357614],[128.13238949265536,37.06521573237831],[128.13239420848137,37.06525326345569],[128.13239520827375,37.06526046347779],[128.1323970893026,37.065273572850884],[128.13239748922499,37.06527627285962],[128.13240159885189,37.06530238733526],[128.1324018988005,37.065304187341695],[128.13240245252214,37.06530748701483],[128.13240365231943,37.06531458704052],[128.1324076650346,37.06533724965351],[128.132408164958,37.06533994966406],[128.13241004113036,37.06534989144833],[128.13241054105677,37.06535249145882],[128.1324191332074,37.06539395796786],[128.1324193331823,37.06539485797197],[128.13246067043775,37.0655439685523],[128.13246077042987,37.06554426855423],[128.13246456141056,37.06555430334812],[128.13246939780805,37.06557506371444],[128.1324771765033,37.06560828905688],[128.13253293646866,37.06579241392992],[128.1325357362782,37.065799913983376],[128.13255752756726,37.06585504942453],[128.132576226471,37.0658998497751],[128.13264986211723,37.0660527692712],[128.13274053369418,37.0661996938338],[128.1328474910037,37.06633940768594],[128.13285714649294,37.06634977253106],[128.1328658601105,37.06636134705854],[128.13288058349954,37.06638563940006],[128.1328891599633,37.066396836843396],[128.1329008088121,37.06642007012757],[128.13299111922365,37.06657778073937],[128.1330999414422,37.06672779873656],[128.1331161860882,37.06674592207854],[128.13316146581485,37.06682276583692],[128.1332665695407,37.06698038119016],[128.13339063957892,37.06712887827863],[128.13353245561876,37.06726679641062],[128.13369062276817,37.06739277894723],[128.13373475009837,37.067421559245545],[128.13375344956728,37.067478911091264],[128.13382798351802,37.067641627520345],[128.1339216828477,37.06779785225864],[128.1340336806193,37.06794613967486],[128.1341629405529,37.06808511757836],[128.134308266612,37.06821349991803],[128.13446831406958,37.06833009868448],[128.13464160195062,37.06843383490511],[128.13482652673676,37.06852374863008],[128.13502137720536,37.06859900781698],[128.13522435026653,37.068658916031744],[128.13543356765092,37.06870291889433],[128.13545066803258,37.06870581895431],[128.13545307514534,37.068706226074916],[128.13546967551605,37.06870902613275],[128.13547223340427,37.068709456338965],[128.1355366348435,37.06872025656201],[128.13575723533305,37.06874817132837],[128.1359802034174,37.068758412286165],[128.13620333946818,37.06875087840885],[128.13642444220025,37.06872564402225],[128.13664133039248,37.06868295807126],[128.13685186441026,37.06862324166316],[128.13705396731746,37.06854708391251],[128.1372456453689,37.06845523612813],[128.13742500768157,37.06834860439994],[128.13759028489017,37.06822824065853],[128.13773984660264,37.06809533229614],[128.13787221748365,37.067951190451076],[128.1378798173501,37.06794199033461],[128.13799832116456,37.06778096562376],[128.13800309048122,37.0677726112125],[128.1380348371891,37.06772888687677],[128.13812718095812,37.06756666057637],[128.13819906426986,37.0673979148623],[128.13820676370256,37.06737641473323],[128.13825779837842,37.06720141271147],[128.13827993514724,37.06706550758854],[128.13828686327219,37.06704590901055],[128.13832578861863,37.066873040730194],[128.13834352428654,37.06669795660368],[128.13833990187123,37.06652232054604],[128.13831495594522,37.066347801706286],[128.13830585469546,37.06630340189561],[128.13826860369647,37.06615939569059],[128.1382604059059,37.06610505971988],[128.13820999812074,37.06592620207046],[128.13820709790602,37.06591790212643],[128.138149746037,37.06577651511007],[128.13813204514196,37.065738315436015],[128.13809107225606,37.06565613582228],[128.13803987017965,37.065560336739075],[128.1379535956849,37.06541680493706],[128.13785183842424,37.06527994090945],[128.13782033791236,37.06524154141118],[128.1378197058468,37.065241874395845],[128.13775850530234,37.0651662092967],[128.13763920768952,37.065043405376414],[128.1376253076184,37.06503030557601],[128.13760019356752,37.06500882079831],[128.1376564032918,37.06490225573137],[128.13772011089455,37.06474051941592],[128.13776456073822,37.06457469943754],[128.13778935914732,37.0644062648756],[128.13779428655326,37.064236707963516],[128.1377792994349,37.06406753086817],[128.1377445306993,37.0639002323817],[128.13772332854833,37.06382133280622],[128.13770232372605,37.06376074474849],[128.13776459822196,37.06361402098375],[128.13782939344344,37.0634329198975],[128.13788076280446,37.06325619339265],[128.13789894539855,37.06314307896394],[128.13790137163943,37.06313279043252],[128.13790565931035,37.063114066969064],[128.13790605925928,37.06311226696255],[128.1379064592093,37.06311046695128],[128.13790836713835,37.0631017563434],[128.1379102668882,37.06309295631257],[128.1379148510903,37.063070908093096],[128.13791645086152,37.06306290806736],[128.13791997746574,37.06304467551378],[128.13792197715838,37.0630339754819],[128.13792667991646,37.06300746892124],[128.13792877955532,37.06299496888835],[128.13792909318198,37.06299309429609],[128.13792939312995,37.06299129429141],[128.1379335028598,37.06296517913257],[128.13793470262453,37.06295707911422],[128.1379361960162,37.0629467417913],[128.13793719580957,37.06293964177617],[128.13794252096608,37.062897355457785],[128.1379427209134,37.062895555454936],[128.1379515773022,37.062735181260166],[128.13794258785646,37.062574811816354],[128.13794098744097,37.06256051185322],[128.13793537909942,37.062516484288025],[128.1379348789986,37.06251298429904],[128.13793378937117,37.06250549705846],[128.13793338929352,37.062502797067204],[128.13793298921382,37.062500097062234],[128.13792887796728,37.06247398198438],[128.13792827786443,37.06247038199725],[128.1379279778067,37.062468581965916],[128.1379276777532,37.06246678196004],[128.13792654640838,37.06246009062831],[128.1379259463086,37.06245659064113],[128.13792250958286,37.06243731899623],[128.13792200950627,37.062434619006794],[128.1379216637057,37.06243279748296],[128.13793766443905,37.0624190732065],[128.13803101123887,37.06234249037686],[128.13810382344172,37.06227984362037],[128.13818089359418,37.06221029109052],[128.1382272628653,37.06216853824963],[128.13838201399486,37.06201262838647],[128.13839404151733,37.06199903068131],[128.13843999599658,37.06197559101411],[128.13861082167074,37.06186862621122],[128.13876799897946,37.06174897415851],[128.13891006676997,37.06161774721926],[128.13908336507092,37.06144114469639],[128.13912456529312,37.061399141569446],[128.13921185596533,37.06131019607091],[128.13926314586237,37.06126569499044],[128.13928391903124,37.06124742146846],[128.13938841855978,37.0611542200205],[128.1395213108148,37.06102393944826],[128.13963845864225,37.06088429186351],[128.13973884045228,37.0607364951736],[128.13982158089186,37.060581838349016],[128.13988595847627,37.06042167018104],[128.1399119564245,37.0603448697457],[128.13995792253468,37.060178204684156],[128.1399840050841,37.06000880170544],[128.1399899701641,37.05983818088425],[128.13997576438456,37.059667873213],[128.13996367359232,37.059608400343464],[128.1399664774445,37.059600318792214],[128.14000392507137,37.05943164995274],[128.1400212164052,37.05926089326274],[128.140018195277,37.05908959227631],[128.14001319337743,37.059024692401884],[128.13998792381102,37.058844616654774],[128.1399402145844,37.05866748558827],[128.13991978055242,37.05861691993443],[128.13991786968717,37.05860403598799],[128.13987356220778,37.05843905346971],[128.13985876103342,37.05839425375757],[128.13977231630406,37.05818519014987],[128.139763815921,37.05816819030413],[128.13976079862752,37.05816218728525],[128.13975109819728,37.05814298746092],[128.1396724209322,37.05800440216457],[128.13965183226006,37.057971858640855],[128.1396493736451,37.0579674702612],[128.13961932013962,37.057909298238265],[128.13952925018066,37.05777045008395],[128.13942448841564,37.05763838883903],[128.13933093070352,37.057540404189126],[128.13932560782683,37.05753335141697],[128.1393059571814,37.057455351180124],[128.13924598634017,37.057269152197165],[128.13916159858232,37.05708913567912],[128.13905375518516,37.05691735187261],[128.1389772534032,37.05681015314656],[128.1389533025805,37.05677662287835],[128.13882934501746,37.05662195996785],[128.13868637220193,37.05647822346841],[128.13859841004438,37.056406256702495],[128.13854239589875,37.05628456986468],[128.1385258952539,37.05625437015866],[128.13850870963842,37.05622650002292],[128.13850384482635,37.05618023146664],[128.13849274280904,37.05610983170698],[128.13847935323372,37.05603896587168],[128.13847997242445,37.05601615411329],[128.13848136998024,37.05593335412833],[128.13847592383888,37.05581965046651],[128.13847626966148,37.05579882135426],[128.13847395421766,37.05577852892478],[128.13847242244896,37.055746548782274],[128.1384682213688,37.05570934887885],[128.13846607825982,37.05570950434774],[128.13845488232033,37.05561138334256],[128.13843777962325,37.05551648370509],[128.13839801624354,37.05535098139708],[128.13833913339172,37.05518918071629],[128.13828155493817,37.05507275367669],[128.13826976081165,37.05503007551743],[128.13819992044893,37.05485974525975],[128.1381093064837,37.05469582088772],[128.13799881614332,37.054539925289255],[128.1379347149984,37.05445912632172],[128.1378085757602,37.05431600680384],[128.1376656892596,37.05418338357852],[128.13760712626706,37.05413866188048],[128.13748254925872,37.053973497664735],[128.13741798983978,37.05389766052395],[128.137355295338,37.053766425926895],[128.13734179481077,37.0537417261674],[128.13724218296343,37.05358161664024],[128.13723129860358,37.05356776045295],[128.13723000508318,37.05356335930214],[128.13716841268908,37.053413784667576],[128.13713931126333,37.053352285201186],[128.13705258225204,37.053192708610325],[128.13694704846685,37.05304058341457],[128.1368236947234,37.05289732905473],[128.13668367209146,37.05276428219279],[128.13652828715257,37.052642684241505],[128.13650771903696,37.0526280753017],[128.13637605067893,37.05253436839403],[128.13637153761707,37.05253116515436],[128.1363537376981,37.052518565373695],[128.13631413136986,37.05249247336515],[128.1362678479981,37.05245851793667],[128.1361484620219,37.05237477209315],[128.13611741413843,37.052352877580674],[128.13610771321223,37.05234528693788],[128.13606645240205,37.05231179079137],[128.13606022002355,37.052306751135184],[128.13597232007066,37.05223595230134],[128.13589379615294,37.05217569198443],[128.1357699359054,37.05208513762676],[128.13568104203767,37.0520183744127],[128.13565938678295,37.05200125812844],[128.13565088679766,37.051994658238975],[128.13564014548538,37.051986373202745],[128.13563244550198,37.051980473302116],[128.13561498483114,37.051967236979664],[128.13561458483227,37.05196693698479],[128.13560673279855,37.051961076147606],[128.13559973282037,37.051955876236356],[128.1355922950229,37.05195036087421],[128.13556809173573,37.05193267773981],[128.13556559174592,37.05193087777092],[128.1355630916697,37.05192907773987],[128.13555645772004,37.051924320346394],[128.13555435772906,37.05192282037241],[128.13554995464276,37.05191968363767],[128.13554615465966,37.05191698368461],[128.13533645804642,37.05178493159517],[128.1351087286109,37.05167371038016],[128.13508501491728,37.05166362325846],[128.1350656373689,37.051655318633244],[128.13503827972,37.05164355579054],[128.13501494676765,37.05163347470234],[128.13498780328308,37.05162165152365],[128.1349699248016,37.05161382457689],[128.13495285057493,37.051606318553034],[128.13493770046887,37.051599627930585],[128.1349295497926,37.05159600542602],[128.13490258701702,37.05158403205375],[128.13487486471368,37.05157162553102],[128.13485743431096,37.051563798029925],[128.13483103761143,37.051551866457935],[128.1348055828756,37.05154027327395],[128.1347902426448,37.05153325876254],[128.1347074878111,37.05149083286825],[128.13453935122428,37.05141989954618],[128.13449245202173,37.051402099908664],[128.13448950467236,37.05140098339744],[128.13446940501504,37.05139338355229],[128.1342555607027,37.05132305786191],[128.13403383775295,37.05127070312051],[128.1338065799327,37.05123687275454],[128.1336911826048,37.05122457299449],[128.13344891946124,37.0512093702161],[128.13320602437128,37.051215214508325],[128.1331157264764,37.05122131433084],[128.13301938985407,37.05122783028766],[128.13279098417436,37.0512527852146],[128.13262194053965,37.05128566373508],[128.13252364028946,37.05124719533317],[128.1324310419411,37.05121449600466],[128.1323485281835,37.05118691474317],[128.13229365404533,37.05116959072952],[128.13222490346357,37.05113838309712],[128.13212271710933,37.0511013319054],[128.1320954834589,37.05107819440422],[128.13208641632286,37.05107121979393],[128.13204889155898,37.051026655168556],[128.13196959084536,37.05094435635594],[128.131804912964,37.050791910803355],[128.13178388567735,37.0507745157922],[128.1316764571006,37.05068542291464],[128.13153995495924,37.05058132472221],[128.13144877111577,37.05051740286073],[128.13131451890584,37.05041747593877],[128.13112811083258,37.05029304422981],[128.1309260611279,37.050185435915246],[128.13075986342105,37.05010693745699],[128.1307130708975,37.050085438282004],[128.13065394667558,37.05005902334575],[128.130537986847,37.0500008693068],[128.13033518287466,37.049920646464294],[128.13012334954257,37.049857161524365],[128.12990463056227,37.049811056939376],[128.12968123931245,37.049782799276564],[128.12960634106128,37.0497763993959],[128.12938572696294,37.04976630241262],[128.129164941886,37.049773614341966],[128.12903238671686,37.049788546604944],[128.12901399457976,37.04975736980692],[128.1290134945644,37.04975656981556],[128.1290045744007,37.04974245326364],[128.12899007397363,37.04971975351251],[128.12887627953575,37.04956185759923],[128.1287431590473,37.049413988409086],[128.12874285904502,37.0494136884135],[128.1286464160511,37.049323506820656],[128.12864561604925,37.04932280683172],[128.1285239020928,37.04922421194607],[128.12852310209513,37.049223611956286],[128.12826775483902,37.04905839535728],[128.1282668548486,37.04905789536672],[128.12817605617371,37.04901001432338],[128.12817505618648,37.049009514333065],[128.12798905056073,37.04892605933116],[128.12798805057707,37.04892565933925],[128.1277722497416,37.04885037541196],[128.12777124976103,37.048850075418194],[128.1275837965397,37.04880514041189],[128.12757361009253,37.048793774775994],[128.12748689533836,37.04869589287091],[128.12748640862932,37.04869531824905],[128.1274851086115,37.048693818269335],[128.12747144817982,37.04867823310183],[128.12746754813054,37.0486738331622],[128.12745178898723,37.04865627816801],[128.12744978896424,37.04865407819867],[128.1274362932822,37.04863939010619],[128.12743499326842,37.04863799012594],[128.12742401094712,37.04862626322338],[128.12742061091365,37.0486226632747],[128.12738233293734,37.048583280406525],[128.12738163293213,37.04858258041683],[128.1273802328675,37.04858118038326],[128.12737883281903,37.04857978036591],[128.1273774327957,37.04857838037361],[128.1273767327306,37.04857768032404],[128.12737603272518,37.04857698033421],[128.12735648023275,37.04855770212696],[128.12735288020997,37.04855420217935],[128.12733990840565,37.04854170623668],[128.1273377083933,37.04853960626842],[128.12730234213237,37.04850666326766],[128.1273001421241,37.04850466329871],[128.1272927042428,37.04849793562086],[128.1272897042327,37.04849523566296],[128.1272685896071,37.0484764988275],[128.12726778960524,37.04847579883857],[128.12726206769068,37.048470811114086],[128.12725826768286,37.04846751116652],[128.12725672989717,37.04846617709459],[128.1272552298942,37.04846487711526],[128.127230033459,37.048443395853035],[128.1272269334564,37.048440795895054],[128.12720208551673,37.048420284316094],[128.1272004855171,37.04841898433742],[128.1271988854698,37.048417684319986],[128.12717824667254,37.048401131943734],[128.12717584667521,37.04839923197527],[128.12717344661317,37.04839733195561],[128.12716282151698,37.04838897606809],[128.12715962152188,37.04838647610982],[128.12710615650695,37.04834605197343],[128.1271020565216,37.048343052024975],[128.12708868379082,37.04833334579395],[128.12708618380094,37.048331545825064],[128.1270767177508,37.048324768961024],[128.12707081777666,37.04832056903397],[128.12704746931584,37.04830417799309],[128.12704486932938,37.048302378024694],[128.12700070271552,37.04827258643703],[128.1269972027387,37.04827028647817],[128.12699291359303,37.04826747500547],[128.12699031361058,37.04826577503596],[128.12698771358396,37.04826407503755],[128.12694581004703,37.04823733685067],[128.12694051008947,37.04823403691081],[128.1269244149817,37.0482241086423],[128.12692261499694,37.0482230086625],[128.12692081495965,37.04822190865059],[128.1269076252389,37.04821397114797],[128.1269029839723,37.04820138471535],[128.1269019839069,37.04819878473436],[128.1269009838229,37.04819618470511],[128.126887485269,37.04816228365738],[128.12688678522724,37.04816058367052],[128.12688608517692,37.048158883662936],[128.1268800334964,37.04814439439614],[128.12687643328965,37.04813589446344],[128.12686713735155,37.04811439406609],[128.1268656372702,37.04811099409394],[128.12686388785892,37.04810704363338],[128.12686348783745,37.048106143640794],[128.1268325055298,37.04804050939033],[128.12683170549377,37.048038909404845],[128.12683040540125,37.04803630936058],[128.12683000538084,37.04803550936307],[128.12682960534684,37.04803470933837],[128.12681233460586,37.0480011525287],[128.12681143456882,37.04799945254483],[128.12680178785953,37.04798150321397],[128.12679998778904,37.04797820324602],[128.12677663838372,37.04793682651606],[128.12677523833483,37.04793442654062],[128.12677216224458,37.04792917552616],[128.12677116221022,37.04792747554367],[128.1267477362778,37.04788885313045],[128.12674673624704,37.0478872531477],[128.12674523617218,37.04788485312764],[128.1267447361564,37.04788405313558],[128.12667283399912,37.04777803490607],[128.12667173397506,37.04777653492423],[128.12662609840785,37.04771698133178],[128.12662489838692,37.04771548135105],[128.12658002502417,37.04766155137792],[128.12657682498016,37.047657851427914],[128.12655666111064,37.04763492089355],[128.12655076103835,37.04762832098457],[128.1265402558617,37.0476166682008],[128.1265382558387,37.047614468231444],[128.12653300562928,37.047608717075654],[128.1265297055925,37.04760511712608],[128.12651975493299,37.04759434630945],[128.12651705490475,37.04759144635045],[128.1265077776694,37.04758155321805],[128.12650437763588,37.04757795326937],[128.126490242031,37.04756314632547],[128.12648474198178,37.047557446407744],[128.12646377660406,37.047536054779115],[128.1263992761105,37.04747125573153],[128.12619295180798,37.04729065582749],[128.12615525189267,37.04726185631312],[128.12598325711065,37.047143153221086],[128.12579720703584,37.047038956348466],[128.12565950878536,37.04696985768755],[128.12546740782983,37.046883653570475],[128.12526570882235,37.04681292461396],[128.12521072033505,37.04679616238999],[128.1252295383524,37.04668027703391],[128.12523706894342,37.04651171626664],[128.12522490412152,37.04634332954263],[128.12519315060334,37.046176592249815],[128.12517404850712,37.04610039263546],[128.12516094942742,37.04605164213573],[128.12514184763234,37.04598504251427],[128.12507223499682,37.04579222967475],[128.12497630119802,37.045606819267036],[128.12485523682,37.04543111196527],[128.1248145360659,37.045379112623415],[128.124812986367,37.04537713557058],[128.12480568623286,37.045367835688516],[128.1247048634755,37.04525002827631],[128.12463416875337,37.045180035840175],[128.12456297114693,37.04508592830358],[128.12453378861542,37.045047352653455],[128.1243998367508,37.044889747164525],[128.12433863616425,37.04482534808594],[128.1241805003362,37.044676456083465],[128.12400316899001,37.044542176231715],[128.1239894690686,37.044532876396204],[128.12392901694574,37.04449189531888],[128.12370081738854,37.044356062951174],[128.12369831741853,37.04435476297615],[128.12365176769626,37.04433120141459],[128.12364506778368,37.04432790147882],[128.12363534261823,37.04432313868137],[128.12362384277068,37.044317538790615],[128.12361646776336,37.04431396300236],[128.1236135678022,37.04431256302975],[128.12361066778212,37.04431116302862],[128.12360776775074,37.04430976302206],[128.12360486770808,37.044308363010046],[128.1236009128772,37.04430645822351],[128.12359321298112,37.04430275829593],[128.12359081644686,37.0443016083431],[128.1235860165119,37.04429930838812],[128.12358013996084,37.044296502276374],[128.12356564015894,37.044289602411666],[128.12355024706397,37.044282343595405],[128.12353954721348,37.044277343693814],[128.12353343249745,37.044274496685375],[128.12352373263423,37.04426999677409],[128.1235193985642,37.044267991292976],[128.12351549861953,37.044266191328504],[128.12351159858085,37.04426439132063],[128.12350769853018,37.04426259130723],[128.1235037984915,37.04426079129934],[128.12349989843253,37.04425899128213],[128.1234959983972,37.044257191275825],[128.12347948178964,37.04424964263685],[128.1234657819884,37.044243442759665],[128.12345914235638,37.04424044985836],[128.12345424242807,37.044238249902],[128.12344934237186,37.044236049888205],[128.1234397500772,37.04423176780058],[128.12342105035427,37.044223467965594],[128.12340906620236,37.044218186937506],[128.12339626639482,37.044212587049095],[128.1233902644905,37.044209970709126],[128.1233803646405,37.044205670794945],[128.12337434409505,37.04420306531551],[128.12336344426137,37.04419836540942],[128.1233553219246,37.04419488031647],[128.12334642206173,37.04419108039253],[128.1233426249217,37.04418946288413],[128.12333862498357,37.044187762918185],[128.12333439921022,37.044185971584014],[128.1233194994419,37.04417967171031],[128.123307504163,37.04417463685928],[128.1233015042575,37.04417213690952],[128.1232968313974,37.044170195459124],[128.1232898315083,37.04416729551744],[128.12328283143134,37.04416439549798],[128.1232765744989,37.04416181329088],[128.12326757464243,37.04415811336541],[128.12326537740293,37.044157211280655],[128.1232553775628,37.044153111363244],[128.12324004769386,37.04414688528615],[128.12321394811786,37.044136385498305],[128.12320933732306,37.04413453589053],[128.12320833733938,37.04413413589862],[128.1232073373162,37.04413373589092],[128.12320633731656,37.044133335892596],[128.12318994903768,37.044126847179115],[128.12316774940595,37.044118147355576],[128.12316439405868,37.04411683519269],[128.123160294127,37.04411523522514],[128.12315445921496,37.044112966534186],[128.1231433594007,37.04410866662154],[128.12313376476038,37.04410497222714],[128.12312566489723,37.044101872290206],[128.12311816154693,37.04409901428211],[128.12310286180715,37.04409321440025],[128.12309863762127,37.04409161738197],[128.1230925377254,37.04408931742885],[128.12308459955594,37.044086339493454],[128.1230703998001,37.044081039601615],[128.12306029776096,37.04407729349962],[128.12304699799176,37.0440723935998],[128.1230415869334,37.04407040700826],[128.12303748700484,37.04406890703894],[128.12303338696825,37.04406740703009],[128.12302334006904,37.044063755196625],[128.1230161401956,37.04406115524989],[128.12300239618384,37.04405619497304],[128.12298944943353,37.04405156178122],[128.12298634948863,37.044050461803806],[128.12298324947977,37.04404936180367],[128.12297011212505,37.04404471063868],[128.1229678753197,37.044043920015945],[128.12296277541063,37.04404212005293],[128.12295804928013,37.04404045720097],[128.12294150629367,37.04403465482654],[128.12292104917086,37.044027357197436],[128.12290764941073,37.04402265729401],[128.12290003186132,37.04401999890687],[128.122892831991,37.04401749895831],[128.12287428046122,37.04401113658247],[128.1228680805745,37.044009036625766],[128.1228650961583,37.044008027807905],[128.1228567963103,37.044005227865654],[128.1228378428499,37.043998915427274],[128.12283054298544,37.0439965154769],[128.122826442301,37.043995171091915],[128.1228212423978,37.04399347112708],[128.122805759316,37.043988463036136],[128.12279325955123,37.043984463119024],[128.12277249435778,37.043977913862456],[128.122765094499,37.04397561391017],[128.12276216670455,37.04397470580606],[128.1227579667848,37.04397340583304],[128.12275379223058,37.04397211753555],[128.12274859233025,37.043970517568795],[128.12273529680334,37.04396646528379],[128.1227299969058,37.04396486531706],[128.12272565522858,37.043963558721366],[128.122724655248,37.04396325872761],[128.12271841847857,37.04396139613215],[128.12271101862254,37.04395919617793],[128.12270130009162,37.04395632728513],[128.12268970031863,37.04395292735594],[128.1226724576035,37.043947937260505],[128.12267035764498,37.04394733727302],[128.1226640300504,37.043945537923086],[128.1226587301556,37.04394403795435],[128.1226534301232,37.043942537946734],[128.12263093443474,37.04393627846397],[128.12261923466974,37.0439330785308],[128.12261628655259,37.043932273781515],[128.12260181594465,37.04392837115549],[128.12259431609658,37.04392637119731],[128.12259181885065,37.043925706566384],[128.1225854189805,37.0439240066019],[128.12257647701355,37.04392164803782],[128.12257227709918,37.04392054806082],[128.1225658959114,37.04391888524301],[128.12256049602175,37.0439174852723],[128.12254613520489,37.0439138046953],[128.1225386353593,37.043911904735054],[128.1225322056261,37.04391028436402],[128.12244537309226,37.0438885160777],[128.1223379121801,37.0438573674222],[128.1221178968854,37.0438130816534],[128.12201436152665,37.04380095726536],[128.12191639818124,37.043783183336664],[128.12169587018374,37.04376120554357],[128.1214737127095,37.04375678934523],[128.12125209679698,37.04376997790168],[128.12122999730474,37.04377217784222],[128.1212257456281,37.043772604382575],[128.12113474771735,37.043781804134525],[128.1209527518769,37.043806324119934],[128.12077387837795,37.04384272829599],[128.12072726702016,37.04385555792648],[128.12070571050688,37.04385871095741],[128.12070580032022,37.043859105513214],[128.12053879177537,37.0438820193115],[128.1204323940699,37.04390181882269],[128.1202093200306,37.0439531905196],[128.1199940428139,37.044022726285256],[128.11995119255647,37.04403867494825],[128.1199054437396,37.04405562599538],[128.11968936089198,37.044147437830404],[128.1196236617074,37.044179137182326],[128.11948084160196,37.04425411196496],[128.11934553138934,37.04433755880449],[128.1193440313968,37.044338558786414],[128.11928593197192,37.04437865419136],[128.11928383197824,37.0443801541651],[128.11928021799696,37.044382741149015],[128.1192756180101,37.04438604109134],[128.119233779573,37.044416826923836],[128.1192284795798,37.04442082685569],[128.11920046253272,37.044442340064585],[128.11919726253328,37.044444840022756],[128.11918663768435,37.04445319570412],[128.11918423768367,37.044455095672575],[128.1191818376245,37.04445699568731],[128.11916119930774,37.04447354765541],[128.1191595993059,37.0444748476341],[128.11915799924955,37.04447614765709],[128.1191331518358,37.04449665877415],[128.11913005182882,37.044499258732266],[128.11911804359042,37.044509408553814],[128.1191153435828,37.04451170851713],[128.1190885838751,37.044534907607705],[128.11908518386122,37.044537907560816],[128.1190703819483,37.044551097698786],[128.1190673819338,37.04455379765705],[128.11905994414226,37.04456052524501],[128.1190588441366,37.04456152522965],[128.1190577441188,37.04456252522522],[128.11903851263793,37.044580239382036],[128.11903701262855,37.04458163936088],[128.11902848247013,37.04458964789742],[128.11902668245816,37.044591347871915],[128.1190150304035,37.04460244254083],[128.11901253038513,37.0446048425052],[128.1190084771572,37.04460874467954],[128.11900557713525,37.04461154463812],[128.11898115409292,37.04463554160792],[128.11897975408033,37.04463694158765],[128.1189783540425,37.04463834159264],[128.11895082216904,37.044666439129884],[128.11894602211768,37.044671439059485],[128.11892599884706,37.04469261739143],[128.11892329881462,37.04469551735146],[128.1189080980508,37.04471203918913],[128.1189070980377,37.0447131391742],[128.11890609800295,37.04471423918309],[128.11889740440563,37.044723868450326],[128.11889480436994,37.044726768411394],[128.11887407830952,37.04475027935984],[128.1188727782897,37.04475177934015],[128.1188706770751,37.04475420799796],[128.11886877704578,37.04475640796918],[128.11885665983408,37.0447705819497],[128.11885445979806,37.0447731819162],[128.11883880009614,37.04479194011474],[128.11883600004666,37.04479534007181],[128.1188217516674,37.044812892978335],[128.1188123947861,37.0447512694573],[128.1188052716372,37.044708611135086],[128.11879515346362,37.044653069248255],[128.11878523502176,37.044598427391236],[128.11878490022718,37.04459846643976],[128.11876206257517,37.04445897403295],[128.11874906111626,37.04440607429601],[128.1187121490312,37.04427997191251],[128.1186977479308,37.04423767219089],[128.11866522385367,37.044150809093935],[128.11862752158223,37.04405860980241],[128.11857487518452,37.04394349802953],[128.11854026552479,37.04385863803969],[128.11845025588474,37.043694994022104],[128.11841665485449,37.04364129460157],[128.11830339033997,37.04348123763003],[128.118170352802,37.04333127501353],[128.1180189297257,37.04319297063072],[128.1179631297117,37.04314697138001],[128.1179614232886,37.04314556620391],[128.11794902328634,37.04313536637023],[128.117788232656,37.04301542914524],[128.1177021331596,37.04295723017617],[128.11752512565806,37.042849130571014],[128.11733565277882,37.04275558939787],[128.11713557122022,37.04267752327556],[128.11692684161682,37.04261569717942],[128.1167115093294,37.04257071694673],[128.11670997206525,37.04257046021446],[128.11653346030806,37.04253292578403],[128.1163195379342,37.0425047552671],[128.1161032252436,37.04249323446399],[128.1158865340608,37.042498470526795],[128.11569438718232,37.04251807729286],[128.1156799427965,37.042496824339736],[128.1156473906522,37.0424544870941],[128.1156462115032,37.04245286650588],[128.11562453975222,37.042419375111535],[128.1156140101101,37.04240360018634],[128.11559152582447,37.04235292022289],[128.11555490607492,37.04229017183405],[128.11554788447336,37.04205612817958],[128.1155468168624,37.04193730279547],[128.11554493252075,37.041875382432934],[128.11554244309613,37.041827413552745],[128.11553945330388,37.041769444689685],[128.11553895632244,37.04176036373411],[128.11553825596746,37.04174826375307],[128.11551611328153,37.04156614911205],[128.11550287608082,37.04149495324091],[128.1155193824971,37.04147105097149],[128.1155297821315,37.041453650801955],[128.11555078083578,37.04141749528239],[128.11556398032383,37.041394095065684],[128.11566080164593,37.041190465883986],[128.115697540583,37.041096475757755],[128.1157028452064,37.04108317692338],[128.11570420638247,37.04107975264959],[128.11571660558002,37.04104845244161],[128.11575784855404,37.040930604808075],[128.1157766468742,37.04086890449398],[128.11581520748595,37.040712677746534],[128.1158364100712,37.040554331829945],[128.11583930898382,37.04051733179377],[128.11584145341573,37.040323312345116],[128.11581756217416,37.04013023283253],[128.1157679124601,37.03994033190362],[128.11569308011826,37.03975581133591],[128.1156661175279,37.03970767691313],[128.11564258936312,37.03964520522765],[128.11556394769002,37.039490138825556],[128.11546769574815,37.039341591559044],[128.1154472952879,37.03931339189707],[128.11531005081727,37.0391458911342],[128.11515045367278,37.038991643394255],[128.11512915363278,37.03897324368722],[128.11495947521595,37.0388413164978],[128.1149351753346,37.038824316794965],[128.11474615200083,37.03870571626316],[128.11454243064674,37.03860395055812],[128.11451979326503,37.03859517513034],[128.114485861054,37.03857880832208],[128.11433428693215,37.038517673021744],[128.11430478744597,37.038506873242646],[128.11409447511613,37.03843991622195],[128.11387683088827,37.03839025021462],[128.11379743263655,37.03837555052021],[128.11377827630258,37.0383726918165],[128.1137054369877,37.03827303416386],[128.11357659034482,37.03813066847931],[128.11343104393282,37.037999051335206],[128.11327018455094,37.0378794367381],[128.11309554487363,37.03777296433295],[128.11290878884745,37.03768064854665],[128.11271169583847,37.037603368924636],[128.11250614368078,37.03754186175228],[128.11229409078788,37.0374967130413],[128.11207755749695,37.037468352947485],[128.1118586068237,37.03745705167306],[128.11163932481105,37.03746291689294],[128.11142180065877,37.037485892728924],[128.11120810682274,37.037525760281774],[128.11104081027253,37.03756395936671],[128.11082993854012,37.03762130144642],[128.11062717853937,37.03769508830507],[128.1104345200815,37.037784595837415],[128.11025385386526,37.03788894566025],[128.1100869529242,37.03800711373092],[128.10993545522783,37.038137940394996],[128.10980084760683,37.038280141765],[128.10968445116072,37.0384323223181],[128.10958740829065,37.03859298858984],[128.10951067148483,37.03876056382883],[128.10945499396692,37.038933403469706],[128.10942092229914,37.039109811271295],[128.10940879101278,37.03928805596282],[128.10941871931936,37.03946638823411],[128.10945060993478,37.03964305790341],[128.1095041500278,37.039816331094194],[128.10951961707022,37.03985752478552],[128.10953169823222,37.039894973188595],[128.10954527007942,37.03994779480444],[128.10955639086183,37.039988669475825],[128.10960528627768,37.040158870443314],[128.10967056257599,37.04034147655078],[128.10970916040563,37.04043127726975],[128.10982407244495,37.04065047351954],[128.10986707112042,37.040719374261336],[128.1099539042139,37.040845624162806],[128.11005305008396,37.04096590514742],[128.11008914964907,37.041006105703126],[128.11018824745588,37.04110848539565],[128.1102826469066,37.04119908676122],[128.1104117970743,37.04131280314442],[128.1104617749334,37.0413532019537]]]}}]}